ano_chamada,sexo,raca_cor,qtd_demandada,qtd_atendida,valor_demandado,valor_atendido,grande_area_id,linha_fomento_id,modalidade_id,regiao_id
2019,Feminino,Branca,7,3,727678.38,125937.50,1,1,7,1
2019,Feminino,Não informado,1,0,423600.00,0.00,1,1,7,1
2019,Feminino,Parda,1,0,20000.00,0.00,1,1,7,1
2019,Masculino,Branca,9,4,2535713.75,1661537.50,1,1,7,1
2019,Masculino,Não informado,1,0,89080.00,0.00,1,1,7,1
2019,Masculino,Parda,10,1,1674065.00,12800.00,1,1,7,1
2019,Feminino,Branca,1,0,244820.00,0.00,1,1,7,2
2019,Feminino,Branca,7,2,2185943.95,1573200.00,1,1,7,3
2019,Feminino,Não informado,2,1,132587.27,9800.00,1,1,7,3
2019,Feminino,Parda,7,1,723092.00,185276.00,1,1,7,3
2019,Feminino,Preta,3,1,1575307.49,13000.00,1,1,7,3
2019,Masculino,Branca,11,1,2387150.00,276818.00,1,1,7,3
2019,Masculino,Não informado,1,1,1332000.00,1332000.00,1,1,7,3
2019,Masculino,Parda,13,1,1304158.36,70000.00,1,1,7,3
2019,Masculino,Preta,2,1,78600.00,14500.00,1,1,7,3
2019,Feminino,Branca,4,1,480200.00,3000.00,1,1,7,4
2019,Feminino,Não informado,1,0,269000.00,0.00,1,1,7,4
2019,Feminino,Parda,5,2,269942.63,22200.00,1,1,7,4
2019,Masculino,Amarela,1,0,120000.00,0.00,1,1,7,4
2019,Masculino,Branca,2,1,164000.00,64000.00,1,1,7,4
2019,Masculino,Não informado,4,2,234546.00,47600.00,1,1,7,4
2019,Masculino,Parda,5,4,877100.00,735600.00,1,1,7,4
2019,Masculino,Preta,1,0,19972.14,0.00,1,1,7,4
2019,Feminino,Amarela,1,0,249000.00,0.00,1,1,7,6
2019,Feminino,Branca,13,2,3595373.97,1353950.00,1,1,7,6
2019,Feminino,Não informado,3,1,258787.40,13600.00,1,1,7,6
2019,Feminino,Parda,5,3,904357.50,123000.00,1,1,7,6
2019,Feminino,Preta,1,0,118441.05,0.00,1,1,7,6
2019,Masculino,Amarela,1,0,498465.00,0.00,1,1,7,6
2019,Masculino,Branca,20,5,9805929.45,3131280.00,1,1,7,6
2019,Masculino,Indígena,1,0,97600.00,0.00,1,1,7,6
2019,Masculino,Não informado,2,1,139952.84,59000.00,1,1,7,6
2019,Masculino,Parda,3,1,387416.64,60000.00,1,1,7,6
2019,Feminino,Branca,15,4,3602476.87,1600800.00,1,1,7,7
2019,Feminino,Não informado,2,0,234275.50,0.00,1,1,7,7
2019,Masculino,Branca,14,5,3215017.21,1497229.00,1,1,7,7
2019,Masculino,Não informado,3,0,339740.00,0.00,1,1,7,7
2019,Masculino,Parda,2,0,139400.00,0.00,1,1,7,7
2019,Feminino,Amarela,1,0,64898.50,0.00,1,2,2,2
2019,Feminino,Branca,52,3,4327788.20,223600.93,1,2,2,2
2019,Feminino,Não informado,3,0,257977.63,0.00,1,2,2,2
2019,Feminino,Parda,19,1,1642288.60,50835.81,1,2,2,2
2019,Feminino,Preta,7,3,611263.51,243903.63,1,2,2,2
2019,Masculino,Amarela,1,0,64898.50,0.00,1,2,2,2
2019,Masculino,Branca,26,2,2272455.09,214173.22,1,2,2,2
2019,Masculino,Não informado,4,2,366819.22,175885.12,1,2,2,2
2019,Masculino,Parda,10,1,845461.40,107086.61,1,2,2,2
2019,Masculino,Preta,2,0,214173.18,0.00,1,2,2,2
2019,Feminino,Branca,4,0,1685454.04,0.00,1,2,4,2
2019,Feminino,Não informado,1,0,416256.33,0.00,1,2,4,2
2019,Feminino,Parda,2,0,825001.85,0.00,1,2,4,2
2019,Masculino,Branca,2,0,718836.51,0.00,1,2,4,2
2019,Masculino,Parda,1,0,422842.08,0.00,1,2,4,2
2019,Feminino,Branca,1,0,89388.00,0.00,1,2,5,2
2019,Masculino,Branca,5,0,340197.00,0.00,1,2,5,2
2019,Masculino,Não informado,2,0,116610.00,0.00,1,2,5,2
2019,Masculino,Parda,1,0,27963.00,0.00,1,2,5,2
2019,Feminino,Amarela,3,0,327998.16,0.00,1,2,14,2
2019,Feminino,Branca,43,6,5188853.59,695888.95,1,2,14,2
2019,Feminino,Não informado,8,0,953432.98,0.00,1,2,14,2
2019,Feminino,Parda,3,0,410282.00,0.00,1,2,14,2
2019,Feminino,Preta,1,0,130629.84,0.00,1,2,14,2
2019,Masculino,Amarela,1,0,132189.84,0.00,1,2,14,2
2019,Masculino,Branca,50,7,6214626.32,881108.86,1,2,14,2
2019,Masculino,Não informado,6,0,747803.92,0.00,1,2,14,2
2019,Masculino,Parda,18,2,2321522.56,222109.86,1,2,14,2
2019,Masculino,Preta,1,0,139826.08,0.00,1,2,14,2
2019,Masculino,Branca,1,0,14200.00,0.00,1,3,1,7
2019,Masculino,Branca,1,0,15700.00,0.00,1,3,3,1
2019,Masculino,Branca,1,1,14200.00,14200.00,1,3,3,6
2019,Masculino,Branca,1,1,68100.00,68100.00,1,3,8,1
2019,Masculino,Branca,4,0,256800.00,0.00,1,3,8,3
2019,Masculino,Branca,1,1,67600.00,67600.00,1,3,8,4
2019,Masculino,Branca,3,1,198600.00,68600.00,1,3,8,6
2019,Masculino,Parda,2,0,124800.00,0.00,1,3,8,6
2019,Feminino,Branca,3,2,118800.00,79200.00,1,3,9,1
2019,Feminino,Parda,3,2,118800.00,79200.00,1,3,9,1
2019,Masculino,Branca,13,3,514800.00,132000.00,1,3,9,1
2019,Masculino,Não informado,1,1,39600.00,52800.00,1,3,9,1
2019,Masculino,Parda,1,0,39600.00,0.00,1,3,9,1
2019,Feminino,Branca,1,0,39600.00,0.00,1,3,9,3
2019,Masculino,Parda,2,2,79200.00,79200.00,1,3,9,3
2019,Masculino,Preta,2,0,79200.00,0.00,1,3,9,3
2019,Masculino,Parda,2,1,79200.00,39600.00,1,3,9,4
2019,Feminino,Amarela,1,1,39600.00,39600.00,1,3,9,6
2019,Feminino,Branca,3,0,118800.00,0.00,1,3,9,6
2019,Feminino,Parda,1,1,39600.00,39600.00,1,3,9,6
2019,Masculino,Branca,9,6,356400.00,237600.00,1,3,9,6
2019,Masculino,Não informado,1,0,39600.00,0.00,1,3,9,6
2019,Masculino,Parda,1,0,39600.00,0.00,1,3,9,6
2019,Feminino,Branca,4,1,158400.00,39600.00,1,3,9,7
2019,Masculino,Amarela,1,0,39600.00,0.00,1,3,9,7
2019,Masculino,Branca,10,5,396000.00,224400.00,1,3,9,7
2019,Masculino,Não informado,2,1,79200.00,39600.00,1,3,9,7
2019,Masculino,Parda,4,0,158400.00,0.00,1,3,9,7
2019,Masculino,Preta,1,0,39600.00,0.00,1,3,9,7
2019,Feminino,Amarela,2,2,132000.00,79200.00,1,3,10,1
2019,Feminino,Branca,37,13,2442000.00,554400.00,1,3,10,1
2019,Feminino,Não informado,4,2,237600.00,79200.00,1,3,10,1
2019,Feminino,Parda,8,2,528000.00,79200.00,1,3,10,1
2019,Masculino,Amarela,2,1,132000.00,52800.00,1,3,10,1
2019,Masculino,Branca,76,23,4989600.00,990000.00,1,3,10,1
2019,Masculino,Indígena,1,0,66000.00,0.00,1,3,10,1
2019,Masculino,Não informado,13,6,858000.00,237600.00,1,3,10,1
2019,Masculino,Parda,30,10,1980000.00,396000.00,1,3,10,1
2019,Masculino,Preta,1,1,66000.00,39600.00,1,3,10,1
2019,Feminino,Amarela,1,0,66000.00,0.00,1,3,10,3
2019,Feminino,Branca,33,7,2178000.00,290400.00,1,3,10,3
2019,Feminino,Não informado,6,3,396000.00,132000.00,1,3,10,3
2019,Feminino,Parda,20,10,1320000.00,409200.00,1,3,10,3
2019,Feminino,Preta,3,0,198000.00,0.00,1,3,10,3
2019,Masculino,Amarela,2,1,132000.00,52800.00,1,3,10,3
2019,Masculino,Branca,80,31,5280000.00,1425600.00,1,3,10,3
2019,Masculino,Não informado,16,10,1056000.00,462000.00,1,3,10,3
2019,Masculino,Parda,35,11,2283600.00,501600.00,1,3,10,3
2019,Masculino,Preta,5,1,330000.00,52800.00,1,3,10,3
2019,Feminino,Branca,7,3,462000.00,118800.00,1,3,10,4
2019,Feminino,Indígena,1,0,66000.00,0.00,1,3,10,4
2019,Feminino,Parda,4,1,264000.00,39600.00,1,3,10,4
2019,Masculino,Amarela,1,0,66000.00,0.00,1,3,10,4
2019,Masculino,Branca,17,5,1095600.00,224400.00,1,3,10,4
2019,Masculino,Não informado,5,1,330000.00,52800.00,1,3,10,4
2019,Masculino,Parda,7,3,462000.00,132000.00,1,3,10,4
2019,Feminino,Amarela,5,1,330000.00,39600.00,1,3,10,6
2019,Feminino,Branca,157,67,10362000.00,3049200.00,1,3,10,6
2019,Feminino,Não informado,16,5,1056000.00,211200.00,1,3,10,6
2019,Feminino,Parda,12,3,792000.00,132000.00,1,3,10,6
2019,Masculino,Amarela,5,2,330000.00,92400.00,1,3,10,6
2019,Masculino,Branca,238,121,15602400.00,5623200.00,1,3,10,6
2019,Masculino,Não informado,35,20,2310000.00,871200.00,1,3,10,6
2019,Masculino,Parda,31,14,2046000.00,633600.00,1,3,10,6
2019,Masculino,Preta,4,1,264000.00,39600.00,1,3,10,6
2019,Feminino,Amarela,2,2,132000.00,79200.00,1,3,10,7
2019,Feminino,Branca,70,35,4620000.00,1544400.00,1,3,10,7
2019,Feminino,Não informado,14,10,924000.00,422400.00,1,3,10,7
2019,Masculino,Amarela,4,2,264000.00,92400.00,1,3,10,7
2019,Masculino,Branca,148,83,9768000.00,3801600.00,1,3,10,7
2019,Masculino,Indígena,1,0,66000.00,0.00,1,3,10,7
2019,Masculino,Não informado,19,11,1254000.00,488400.00,1,3,10,7
2019,Masculino,Parda,7,3,462000.00,118800.00,1,3,10,7
2019,Feminino,Branca,6,1,328000.00,57400.00,1,3,11,1
2019,Masculino,Branca,1,0,53300.00,0.00,1,3,11,1
2019,Feminino,Parda,1,0,53300.00,0.00,1,3,11,3
2019,Masculino,Parda,1,0,57200.00,0.00,1,3,11,3
2019,Feminino,Branca,3,0,159900.00,0.00,1,3,11,6
2019,Masculino,Branca,6,1,320550.00,54050.00,1,3,11,6
2019,Masculino,Parda,1,0,53300.00,0.00,1,3,11,6
2019,Feminino,Branca,3,0,164000.00,0.00,1,3,11,7
2019,Feminino,Não informado,1,0,53300.00,0.00,1,3,11,7
2019,Feminino,Parda,1,0,53300.00,0.00,1,3,11,7
2019,Masculino,Branca,2,0,106600.00,0.00,1,3,11,7
2019,Feminino,Amarela,2,0,112600.00,0.00,1,3,12,1
2019,Feminino,Branca,30,2,1654450.00,108000.00,1,3,12,1
2019,Feminino,Não informado,5,0,270000.00,0.00,1,3,12,1
2019,Feminino,Parda,14,1,765900.00,54000.00,1,3,12,1
2019,Feminino,Preta,5,0,280200.00,0.00,1,3,12,1
2019,Masculino,Branca,12,2,657200.00,108000.00,1,3,12,1
2019,Masculino,Não informado,1,0,54000.00,0.00,1,3,12,1
2019,Masculino,Parda,3,0,162000.00,0.00,1,3,12,1
2019,Masculino,Preta,3,0,167600.00,0.00,1,3,12,1
2019,Feminino,Branca,34,0,1864600.00,0.00,1,3,12,3
2019,Feminino,Indígena,1,0,54000.00,0.00,1,3,12,3
2019,Feminino,Não informado,5,0,274850.00,0.00,1,3,12,3
2019,Feminino,Parda,25,2,1350000.00,108000.00,1,3,12,3
2019,Feminino,Preta,6,0,316330.00,0.00,1,3,12,3
2019,Masculino,Branca,21,1,1139100.00,54000.00,1,3,12,3
2019,Masculino,Indígena,1,1,54000.00,54000.00,1,3,12,3
2019,Masculino,Não informado,1,0,54000.00,0.00,1,3,12,3
2019,Masculino,Parda,24,1,1300100.00,54000.00,1,3,12,3
2019,Masculino,Preta,3,1,171200.00,58600.00,1,3,12,3
2019,Feminino,Amarela,1,0,54000.00,0.00,1,3,12,4
2019,Feminino,Branca,5,0,270000.00,0.00,1,3,12,4
2019,Feminino,Parda,4,0,216000.00,0.00,1,3,12,4
2019,Feminino,Preta,1,0,54000.00,0.00,1,3,12,4
2019,Masculino,Amarela,1,0,62100.00,0.00,1,3,12,4
2019,Masculino,Branca,2,0,108000.00,0.00,1,3,12,4
2019,Masculino,Não informado,2,0,108000.00,0.00,1,3,12,4
2019,Masculino,Parda,2,0,118700.00,0.00,1,3,12,4
2019,Feminino,Amarela,6,0,329100.00,0.00,1,3,12,6
2019,Feminino,Branca,114,17,6020679.00,918000.00,1,3,12,6
2019,Feminino,Não informado,24,3,1273600.00,166600.00,1,3,12,6
2019,Feminino,Parda,35,2,1918350.00,108000.00,1,3,12,6
2019,Feminino,Preta,6,0,333834.98,0.00,1,3,12,6
2019,Masculino,Amarela,3,1,162000.00,54000.00,1,3,12,6
2019,Masculino,Branca,89,12,4889450.00,652500.00,1,3,12,6
2019,Masculino,Não informado,11,1,598750.00,54000.00,1,3,12,6
2019,Masculino,Parda,41,9,2257031.00,500100.00,1,3,12,6
2019,Masculino,Preta,6,1,328100.00,54000.00,1,3,12,6
2019,Feminino,Amarela,3,0,162000.00,0.00,1,3,12,7
2019,Feminino,Branca,103,18,5520900.00,972000.00,1,3,12,7
2019,Feminino,Não informado,5,0,270000.00,0.00,1,3,12,7
2019,Feminino,Parda,4,0,216000.00,0.00,1,3,12,7
2019,Feminino,Preta,4,1,216000.00,54000.00,1,3,12,7
2019,Masculino,Branca,42,6,2277300.00,332500.00,1,3,12,7
2019,Masculino,Não informado,11,2,554700.00,108000.00,1,3,12,7
2019,Masculino,Parda,7,1,387700.00,54000.00,1,3,12,7
2019,Feminino,Branca,4,1,230400.00,57600.00,1,3,13,1
2019,Feminino,Parda,1,0,62750.00,0.00,1,3,13,1
2019,Masculino,Branca,1,0,57600.00,0.00,1,3,13,1
2019,Masculino,Não informado,1,0,63500.00,0.00,1,3,13,1
2019,Feminino,Branca,4,0,230400.00,0.00,1,3,13,3
2019,Feminino,Não informado,2,1,115200.00,57600.00,1,3,13,3
2019,Feminino,Parda,1,0,64000.00,0.00,1,3,13,3
2019,Masculino,Branca,1,0,63500.00,0.00,1,3,13,3
2019,Masculino,Parda,3,1,187000.00,62000.00,1,3,13,3
2019,Masculino,Amarela,1,0,63500.00,0.00,1,3,13,4
2019,Masculino,Branca,3,1,172800.00,57600.00,1,3,13,4
2019,Feminino,Branca,13,2,734400.00,115200.00,1,3,13,6
2019,Feminino,Não informado,1,0,57600.00,0.00,1,3,13,6
2019,Feminino,Parda,2,0,86400.00,0.00,1,3,13,6
2019,Masculino,Branca,4,0,240300.00,0.00,1,3,13,6
2019,Masculino,Não informado,2,0,115200.00,0.00,1,3,13,6
2019,Masculino,Parda,2,1,120000.00,62400.00,1,3,13,6
2019,Masculino,Preta,1,0,0.00,0.00,1,3,13,6
2019,Feminino,Branca,2,0,115200.00,0.00,1,3,13,7
2019,Masculino,Branca,6,2,358800.00,121400.00,1,3,13,7
2019,Masculino,Não informado,1,0,57600.00,0.00,1,3,13,7
2019,Masculino,Parda,1,1,65700.00,65700.00,1,3,13,7
2019,Feminino,Branca,10,1,4341827.50,14000.00,2,1,7,1
2019,Feminino,Não informado,3,1,1589720.00,1332000.00,2,1,7,1
2019,Feminino,Parda,3,0,958173.00,0.00,2,1,7,1
2019,Masculino,Branca,23,4,9147478.39,1732000.01,2,1,7,1
2019,Masculino,Não informado,1,0,294770.00,0.00,2,1,7,1
2019,Masculino,Parda,9,1,4663641.81,15543.00,2,1,7,1
2019,Feminino,Branca,1,0,199634.13,0.00,2,1,7,2
2019,Masculino,Branca,3,1,3760040.00,3380200.00,2,1,7,2
2019,Masculino,Parda,1,1,502819.90,502819.00,2,1,7,2
2019,Feminino,Amarela,3,0,105337.50,0.00,2,1,7,3
2019,Feminino,Branca,36,6,13609899.84,126600.01,2,1,7,3
2019,Feminino,Não informado,5,1,1432900.00,5500.00,2,1,7,3
2019,Feminino,Parda,11,1,4413927.30,1332000.00,2,1,7,3
2019,Feminino,Preta,1,0,623880.00,0.00,2,1,7,3
2019,Masculino,Amarela,1,0,0.01,0.00,2,1,7,3
2019,Masculino,Branca,28,2,19159983.65,2616720.00,2,1,7,3
2019,Masculino,Não informado,11,2,5053816.30,337663.00,2,1,7,3
2019,Masculino,Parda,13,4,4440373.34,2013313.46,2,1,7,3
2019,Masculino,Preta,1,0,500000.01,0.00,2,1,7,3
2019,Feminino,Amarela,1,0,692000.00,0.00,2,1,7,4
2019,Feminino,Branca,10,6,4877919.55,3101489.01,2,1,7,4
2019,Feminino,Não informado,1,0,500000.00,0.00,2,1,7,4
2019,Feminino,Parda,10,2,4066477.30,1299709.00,2,1,7,4
2019,Masculino,Branca,17,5,11641860.84,4228220.00,2,1,7,4
2019,Masculino,Não informado,2,1,1481999.96,16999.96,2,1,7,4
2019,Masculino,Parda,9,1,7687083.37,40000.00,2,1,7,4
2019,Feminino,Amarela,2,0,131136.00,0.00,2,1,7,6
2019,Feminino,Branca,66,13,30714073.40,2455889.00,2,1,7,6
2019,Feminino,Não informado,13,4,4600459.28,97865.01,2,1,7,6
2019,Feminino,Parda,4,1,8684800.00,16900.00,2,1,7,6
2019,Feminino,Preta,2,1,139203.45,16203.45,2,1,7,6
2019,Masculino,Amarela,2,1,1527090.00,1071400.00,2,1,7,6
2019,Masculino,Branca,92,22,48665547.31,5468714.03,2,1,7,6
2019,Masculino,Não informado,31,10,13414968.30,2279469.11,2,1,7,6
2019,Masculino,Parda,11,3,5060814.16,1097297.00,2,1,7,6
2019,Masculino,Preta,3,1,2776773.02,18000.00,2,1,7,6
2019,Feminino,Amarela,2,1,177095.00,80000.00,2,1,7,7
2019,Feminino,Branca,46,20,7907531.60,3097049.00,2,1,7,7
2019,Feminino,Não informado,10,7,1165315.50,750534.00,2,1,7,7
2019,Feminino,Parda,2,0,946520.00,0.00,2,1,7,7
2019,Masculino,Amarela,1,0,510000.00,0.00,2,1,7,7
2019,Masculino,Branca,42,19,11322624.33,5359366.67,2,1,7,7
2019,Masculino,Não informado,3,1,642123.94,82200.00,2,1,7,7
2019,Masculino,Parda,2,2,1452000.00,1392000.00,2,1,7,7
2019,Feminino,Amarela,1,0,71929.85,0.00,2,2,2,2
2019,Feminino,Branca,75,3,6433729.42,307197.13,2,2,2,2
2019,Feminino,Não informado,7,1,507007.59,107086.61,2,2,2,2
2019,Feminino,Parda,25,3,2177723.49,465394.88,2,2,2,2
2019,Feminino,Preta,8,1,664730.63,55088.72,2,2,2,2
2019,Masculino,Amarela,1,0,231825.44,0.00,2,2,2,2
2019,Masculino,Branca,33,6,3104665.55,717308.86,2,2,2,2
2019,Masculino,Não informado,1,0,97898.89,0.00,2,2,2,2
2019,Masculino,Parda,8,0,746057.95,0.00,2,2,2,2
2019,Masculino,Preta,2,0,220413.18,0.00,2,2,2,2
2019,Feminino,Amarela,1,0,461066.22,0.00,2,2,4,2
2019,Feminino,Branca,4,0,3375401.53,0.00,2,2,4,2
2019,Feminino,Não informado,1,0,492519.35,0.00,2,2,4,2
2019,Feminino,Parda,3,0,1310473.51,0.00,2,2,4,2
2019,Feminino,Preta,3,0,1282550.42,0.00,2,2,4,2
2019,Masculino,Branca,2,0,1224614.80,0.00,2,2,4,2
2019,Masculino,Parda,5,0,2639763.83,0.00,2,2,4,2
2019,Masculino,Preta,1,0,484077.75,0.00,2,2,4,2
2019,Feminino,Branca,4,1,182325.00,79326.00,2,2,5,2
2019,Feminino,Não informado,1,0,72696.00,0.00,2,2,5,2
2019,Feminino,Parda,1,1,37323.00,37323.00,2,2,5,2
2019,Masculino,Branca,7,2,406185.00,118224.60,2,2,5,2
2019,Masculino,Não informado,2,1,153192.00,98046.00,2,2,5,2
2019,Feminino,Branca,48,2,5972031.63,212913.62,2,2,14,2
2019,Feminino,Não informado,6,0,714761.91,0.00,2,2,14,2
2019,Feminino,Parda,16,1,2117970.44,139826.04,2,2,14,2
2019,Feminino,Preta,1,0,130629.84,0.00,2,2,14,2
2019,Masculino,Branca,49,8,6301736.37,1140744.48,2,2,14,2
2019,Masculino,Não informado,10,1,1316717.68,154029.80,2,2,14,2
2019,Masculino,Parda,12,0,1567973.90,0.00,2,2,14,2
2019,Masculino,Preta,1,0,130629.84,0.00,2,2,14,2
2019,Masculino,Parda,1,1,13900.00,13900.00,2,3,1,7
2019,Masculino,Branca,2,1,34400.00,15200.00,2,3,3,3
2019,Masculino,Não informado,1,0,9200.00,0.00,2,3,3,6
2019,Masculino,Preta,1,0,8800.00,0.00,2,3,3,6
2019,Feminino,Branca,1,1,73300.00,73300.00,2,3,8,3
2019,Masculino,Branca,2,0,107600.00,0.00,2,3,8,3
2019,Masculino,Branca,1,0,32800.00,0.00,2,3,8,4
2019,Feminino,Branca,1,0,74600.00,0.00,2,3,8,6
2019,Masculino,Branca,2,0,135200.00,0.00,2,3,8,6
2019,Masculino,Parda,1,0,73600.00,0.00,2,3,8,6
2019,Masculino,Não informado,1,0,48400.00,0.00,2,3,8,7
2019,Masculino,Preta,2,0,137700.00,0.00,2,3,8,7
2019,Feminino,Branca,2,0,79200.00,0.00,2,3,9,1
2019,Feminino,Parda,1,0,39600.00,0.00,2,3,9,1
2019,Masculino,Branca,2,1,79200.00,39600.00,2,3,9,1
2019,Masculino,Parda,2,1,79200.00,39600.00,2,3,9,1
2019,Feminino,Branca,6,1,237600.00,39600.00,2,3,9,3
2019,Feminino,Parda,3,0,118800.00,0.00,2,3,9,3
2019,Masculino,Branca,3,1,118800.00,39600.00,2,3,9,3
2019,Masculino,Não informado,1,0,39600.00,0.00,2,3,9,3
2019,Feminino,Branca,1,0,39600.00,0.00,2,3,9,4
2019,Feminino,Parda,1,0,39600.00,0.00,2,3,9,4
2019,Masculino,Branca,3,0,118800.00,0.00,2,3,9,4
2019,Masculino,Indígena,1,1,39600.00,39600.00,2,3,9,4
2019,Masculino,Parda,2,1,79200.00,39600.00,2,3,9,4
2019,Feminino,Branca,5,2,198000.00,79200.00,2,3,9,6
2019,Feminino,Não informado,1,0,39600.00,0.00,2,3,9,6
2019,Feminino,Parda,1,0,39600.00,0.00,2,3,9,6
2019,Masculino,Branca,8,2,316800.00,92400.00,2,3,9,6
2019,Masculino,Não informado,1,0,39600.00,0.00,2,3,9,6
2019,Masculino,Preta,1,0,39600.00,0.00,2,3,9,6
2019,Feminino,Branca,5,3,198000.00,118800.00,2,3,9,7
2019,Feminino,Parda,2,0,79200.00,0.00,2,3,9,7
2019,Masculino,Branca,7,2,277200.00,79200.00,2,3,9,7
2019,Masculino,Não informado,4,1,158400.00,52800.00,2,3,9,7
2019,Feminino,Amarela,1,0,66000.00,0.00,2,3,10,1
2019,Feminino,Branca,22,9,1452000.00,422400.00,2,3,10,1
2019,Feminino,Não informado,3,1,198000.00,52800.00,2,3,10,1
2019,Feminino,Parda,4,2,264000.00,92400.00,2,3,10,1
2019,Feminino,Preta,1,0,66000.00,0.00,2,3,10,1
2019,Masculino,Branca,30,16,1953600.00,765600.00,2,3,10,1
2019,Masculino,Indígena,1,1,66000.00,39600.00,2,3,10,1
2019,Masculino,Não informado,13,7,858000.00,316800.00,2,3,10,1
2019,Masculino,Parda,12,8,792000.00,356400.00,2,3,10,1
2019,Masculino,Preta,1,1,66000.00,39600.00,2,3,10,1
2019,Feminino,Branca,56,33,3669600.00,1557600.00,2,3,10,3
2019,Feminino,Não informado,16,4,1056000.00,171600.00,2,3,10,3
2019,Feminino,Parda,20,7,1320000.00,277200.00,2,3,10,3
2019,Feminino,Preta,3,1,198000.00,39600.00,2,3,10,3
2019,Masculino,Amarela,2,1,132000.00,39600.00,2,3,10,3
2019,Masculino,Branca,66,25,4356000.00,1108800.00,2,3,10,3
2019,Masculino,Indígena,1,0,66000.00,0.00,2,3,10,3
2019,Masculino,Não informado,20,9,1293600.00,396000.00,2,3,10,3
2019,Masculino,Parda,32,10,2112000.00,448800.00,2,3,10,3
2019,Masculino,Preta,8,3,528000.00,158400.00,2,3,10,3
2019,Feminino,Amarela,3,1,198000.00,66000.00,2,3,10,4
2019,Feminino,Branca,12,4,792000.00,171600.00,2,3,10,4
2019,Feminino,Não informado,7,1,462000.00,39600.00,2,3,10,4
2019,Feminino,Parda,10,3,660000.00,145200.00,2,3,10,4
2019,Masculino,Amarela,1,0,66000.00,0.00,2,3,10,4
2019,Masculino,Branca,27,11,1782000.00,488400.00,2,3,10,4
2019,Masculino,Não informado,4,3,264000.00,118800.00,2,3,10,4
2019,Masculino,Parda,14,7,924000.00,316800.00,2,3,10,4
2019,Feminino,Amarela,11,4,726000.00,171600.00,2,3,10,6
2019,Feminino,Branca,307,149,20156400.00,6890400.00,2,3,10,6
2019,Feminino,Indígena,2,2,132000.00,105600.00,2,3,10,6
2019,Feminino,Não informado,51,27,3366000.00,1227600.00,2,3,10,6
2019,Feminino,Parda,30,8,1980000.00,343200.00,2,3,10,6
2019,Feminino,Preta,7,5,462000.00,237600.00,2,3,10,6
2019,Masculino,Amarela,7,2,462000.00,105600.00,2,3,10,6
2019,Masculino,Branca,268,158,17608800.00,7695600.00,2,3,10,6
2019,Masculino,Indígena,2,2,132000.00,79200.00,2,3,10,6
2019,Masculino,Não informado,79,36,5187600.00,1610400.00,2,3,10,6
2019,Masculino,Parda,38,17,2508000.00,699600.00,2,3,10,6
2019,Masculino,Preta,6,4,396000.00,184800.00,2,3,10,6
2019,Feminino,Amarela,2,1,132000.00,39600.00,2,3,10,7
2019,Feminino,Branca,108,49,7128000.00,2230800.00,2,3,10,7
2019,Feminino,Não informado,10,5,660000.00,237600.00,2,3,10,7
2019,Feminino,Parda,3,0,198000.00,0.00,2,3,10,7
2019,Masculino,Amarela,1,1,66000.00,39600.00,2,3,10,7
2019,Masculino,Branca,100,44,6600000.00,2112000.00,2,3,10,7
2019,Masculino,Não informado,22,12,1452000.00,528000.00,2,3,10,7
2019,Masculino,Parda,6,3,396000.00,145200.00,2,3,10,7
2019,Masculino,Preta,1,1,66000.00,66000.00,2,3,10,7
2019,Feminino,Branca,1,0,53800.00,0.00,2,3,11,1
2019,Masculino,Preta,1,0,53300.00,0.00,2,3,11,3
2019,Feminino,Branca,7,3,375600.00,159900.00,2,3,11,6
2019,Feminino,Branca,6,2,319800.00,106600.00,2,3,11,7
2019,Feminino,Preta,1,0,53300.00,0.00,2,3,11,7
2019,Masculino,Branca,1,0,53300.00,0.00,2,3,11,7
2019,Feminino,Amarela,1,0,54000.00,0.00,2,3,12,1
2019,Feminino,Branca,30,6,1650950.00,333000.00,2,3,12,1
2019,Feminino,Não informado,8,0,437100.00,0.00,2,3,12,1
2019,Feminino,Parda,8,1,436100.00,54000.00,2,3,12,1
2019,Feminino,Preta,2,0,108000.00,0.00,2,3,12,1
2019,Masculino,Amarela,1,0,54000.00,0.00,2,3,12,1
2019,Masculino,Branca,10,2,540000.00,108000.00,2,3,12,1
2019,Masculino,Não informado,6,2,324000.00,108000.00,2,3,12,1
2019,Masculino,Parda,11,4,611800.00,220100.00,2,3,12,1
2019,Masculino,Preta,3,0,171700.00,0.00,2,3,12,1
2019,Feminino,Amarela,1,0,54000.00,0.00,2,3,12,3
2019,Feminino,Branca,38,2,2074620.00,108000.00,2,3,12,3
2019,Feminino,Indígena,1,0,54000.00,0.00,2,3,12,3
2019,Feminino,Não informado,14,1,782600.00,59300.00,2,3,12,3
2019,Feminino,Parda,23,1,1253200.00,54000.00,2,3,12,3
2019,Feminino,Preta,4,1,226100.00,64100.00,2,3,12,3
2019,Masculino,Branca,24,2,1308200.00,108000.00,2,3,12,3
2019,Masculino,Não informado,10,2,573480.00,112100.00,2,3,12,3
2019,Masculino,Parda,29,5,1537500.00,274600.00,2,3,12,3
2019,Masculino,Preta,4,0,220100.00,0.00,2,3,12,3
2019,Feminino,Branca,7,2,393550.00,108000.00,2,3,12,4
2019,Feminino,Não informado,6,0,324000.00,0.00,2,3,12,4
2019,Feminino,Parda,7,0,378000.00,0.00,2,3,12,4
2019,Feminino,Preta,1,0,54000.00,0.00,2,3,12,4
2019,Masculino,Amarela,1,0,54000.00,0.00,2,3,12,4
2019,Masculino,Branca,17,2,957048.00,117100.00,2,3,12,4
2019,Masculino,Não informado,2,0,113300.00,0.00,2,3,12,4
2019,Masculino,Parda,10,0,536800.00,0.00,2,3,12,4
2019,Masculino,Preta,3,0,166600.00,0.00,2,3,12,4
2019,Feminino,Amarela,5,0,270000.00,0.00,2,3,12,6
2019,Feminino,Branca,201,17,10683800.00,940800.00,2,3,12,6
2019,Feminino,Não informado,37,5,2048444.34,270000.00,2,3,12,6
2019,Feminino,Parda,55,6,3002100.00,328850.00,2,3,12,6
2019,Feminino,Preta,12,1,655100.00,54000.00,2,3,12,6
2019,Masculino,Amarela,2,0,108000.00,0.00,2,3,12,6
2019,Masculino,Branca,86,8,4650977.65,445900.00,2,3,12,6
2019,Masculino,Não informado,27,5,1476600.00,270000.00,2,3,12,6
2019,Masculino,Parda,30,4,1595700.00,220100.00,2,3,12,6
2019,Masculino,Preta,8,1,432000.00,54000.00,2,3,12,6
2019,Feminino,Amarela,2,0,113600.00,0.00,2,3,12,7
2019,Feminino,Branca,128,21,6843400.00,1142200.00,2,3,12,7
2019,Feminino,Indígena,1,0,54000.00,0.00,2,3,12,7
2019,Feminino,Não informado,20,1,1099800.00,54000.00,2,3,12,7
2019,Feminino,Parda,8,0,438600.00,0.00,2,3,12,7
2019,Feminino,Preta,1,0,54000.00,0.00,2,3,12,7
2019,Masculino,Amarela,2,0,116200.00,0.00,2,3,12,7
2019,Masculino,Branca,61,11,3211340.00,594000.00,2,3,12,7
2019,Masculino,Indígena,1,0,0.00,0.00,2,3,12,7
2019,Masculino,Não informado,11,3,600100.00,162000.00,2,3,12,7
2019,Masculino,Parda,14,2,742500.00,94500.00,2,3,12,7
2019,Feminino,Branca,3,1,177550.00,57600.00,2,3,13,1
2019,Masculino,Branca,1,1,57600.00,57600.00,2,3,13,1
2019,Masculino,Parda,1,0,57600.00,0.00,2,3,13,1
2019,Feminino,Branca,4,0,230400.00,0.00,2,3,13,3
2019,Masculino,Branca,1,0,57600.00,0.00,2,3,13,3
2019,Masculino,Parda,2,0,115200.00,0.00,2,3,13,3
2019,Feminino,Não informado,1,1,57600.00,57600.00,2,3,13,4
2019,Masculino,Não informado,1,1,63000.00,63000.00,2,3,13,4
2019,Feminino,Amarela,1,0,57600.00,0.00,2,3,13,6
2019,Feminino,Branca,15,1,864000.00,57600.00,2,3,13,6
2019,Feminino,Não informado,4,0,236800.00,0.00,2,3,13,6
2019,Feminino,Parda,4,0,235300.00,0.00,2,3,13,6
2019,Masculino,Branca,12,3,722960.00,186360.00,2,3,13,6
2019,Masculino,Não informado,7,1,408350.00,62750.00,2,3,13,6
2019,Masculino,Parda,1,0,64000.00,0.00,2,3,13,6
2019,Masculino,Preta,3,1,172800.00,57600.00,2,3,13,6
2019,Feminino,Branca,3,0,172800.00,0.00,2,3,13,7
2019,Masculino,Branca,1,0,57600.00,0.00,2,3,13,7
2019,Masculino,Não informado,2,0,115200.00,0.00,2,3,13,7
2019,Masculino,Parda,2,0,122600.00,0.00,2,3,13,7
2019,Masculino,Preta,1,0,66000.00,0.00,2,3,13,7
2019,Feminino,Amarela,1,0,119060.00,0.00,3,1,7,1
2019,Feminino,Branca,12,3,2131361.18,73400.01,3,1,7,1
2019,Feminino,Não informado,2,0,239600.00,0.00,3,1,7,1
2019,Feminino,Parda,4,1,248150.00,15600.00,3,1,7,1
2019,Feminino,Preta,1,0,103440.00,0.00,3,1,7,1
2019,Masculino,Branca,24,7,3890429.61,1707479.85,3,1,7,1
2019,Masculino,Não informado,2,0,112137.99,0.00,3,1,7,1
2019,Masculino,Parda,4,0,1903064.00,0.00,3,1,7,1
2019,Masculino,Preta,4,0,381060.00,0.00,3,1,7,1
2019,Masculino,Branca,5,0,1299024.00,0.00,3,1,7,2
2019,Feminino,Amarela,1,1,51946.07,0.01,3,1,7,3
2019,Feminino,Branca,19,4,3589317.39,298763.00,3,1,7,3
2019,Feminino,Não informado,4,1,1770400.00,1332000.00,3,1,7,3
2019,Feminino,Parda,15,1,2558917.57,1331937.55,3,1,7,3
2019,Feminino,Preta,7,1,615252.48,39000.00,3,1,7,3
2019,Masculino,Amarela,1,0,90250.00,0.00,3,1,7,3
2019,Masculino,Branca,26,8,3455076.16,568400.00,3,1,7,3
2019,Masculino,Não informado,11,0,1817129.00,0.00,3,1,7,3
2019,Masculino,Parda,25,3,2790156.35,357347.00,3,1,7,3
2019,Masculino,Preta,3,1,439669.93,199510.00,3,1,7,3
2019,Feminino,Branca,4,1,1609300.00,1332000.00,3,1,7,4
2019,Feminino,Não informado,2,0,162247.00,0.00,3,1,7,4
2019,Feminino,Parda,4,1,1061740.20,685800.00,3,1,7,4
2019,Feminino,Preta,1,0,500000.00,0.00,3,1,7,4
2019,Masculino,Branca,5,0,841280.00,0.00,3,1,7,4
2019,Masculino,Indígena,1,0,113300.00,0.00,3,1,7,4
2019,Masculino,Não informado,1,0,200000.00,0.00,3,1,7,4
2019,Masculino,Parda,6,1,721442.01,24000.00,3,1,7,4
2019,Masculino,Preta,2,1,119999.50,19999.50,3,1,7,4
2019,Feminino,Amarela,2,0,480000.00,0.00,3,1,7,6
2019,Feminino,Branca,36,8,5536969.21,809144.00,3,1,7,6
2019,Feminino,Não informado,11,1,1040939.00,33000.00,3,1,7,6
2019,Feminino,Parda,5,1,482506.70,76000.00,3,1,7,6
2019,Feminino,Preta,3,0,355420.00,0.00,3,1,7,6
2019,Masculino,Amarela,1,1,500000.00,270000.00,3,1,7,6
2019,Masculino,Branca,106,24,26722307.83,5477040.36,3,1,7,6
2019,Masculino,Indígena,1,0,21360.00,0.00,3,1,7,6
2019,Masculino,Não informado,30,6,6928755.39,1220208.04,3,1,7,6
2019,Masculino,Parda,15,4,2159053.01,258640.00,3,1,7,6
2019,Masculino,Preta,6,0,1463788.85,0.00,3,1,7,6
2019,Feminino,Branca,31,6,6854191.01,217210.02,3,1,7,7
2019,Feminino,Não informado,4,1,344988.00,8600.00,3,1,7,7
2019,Feminino,Parda,5,1,1062988.28,60000.00,3,1,7,7
2019,Feminino,Preta,1,0,113060.00,0.00,3,1,7,7
2019,Masculino,Amarela,2,0,239662.19,0.00,3,1,7,7
2019,Masculino,Branca,50,11,10329118.28,5067595.01,3,1,7,7
2019,Masculino,Não informado,6,1,972763.16,11000.00,3,1,7,7
2019,Masculino,Parda,2,2,39616.00,30616.00,3,1,7,7
2019,Masculino,Preta,1,0,290496.26,0.00,3,1,7,7
2019,Feminino,Amarela,1,1,122452.59,122452.61,3,2,2,2
2019,Feminino,Branca,46,1,3860119.26,64898.51,3,2,2,2
2019,Feminino,Não informado,2,0,171985.09,0.00,3,2,2,2
2019,Feminino,Parda,10,2,994526.56,129797.02,3,2,2,2
2019,Feminino,Preta,3,0,236883.59,0.00,3,2,2,2
2019,Masculino,Amarela,1,0,107086.59,0.00,3,2,2,2
2019,Masculino,Branca,53,7,4916113.82,532591.01,3,2,2,2
2019,Masculino,Não informado,9,0,874238.58,0.00,3,2,2,2
2019,Masculino,Parda,21,4,1892764.11,350124.71,3,2,2,2
2019,Masculino,Preta,4,1,365810.17,78961.21,3,2,2,2
2019,Feminino,Branca,6,0,3657255.07,0.00,3,2,4,2
2019,Feminino,Não informado,1,0,373552.35,0.00,3,2,4,2
2019,Feminino,Parda,2,0,894847.60,0.00,3,2,4,2
2019,Masculino,Branca,11,0,4754158.22,0.00,3,2,4,2
2019,Masculino,Parda,6,0,3142906.82,0.00,3,2,4,2
2019,Masculino,Preta,4,0,1753781.12,0.00,3,2,4,2
2019,Feminino,Branca,3,0,147342.00,0.00,3,2,5,2
2019,Masculino,Branca,7,0,406263.00,0.00,3,2,5,2
2019,Masculino,Indígena,1,1,54405.00,54405.00,3,2,5,2
2019,Masculino,Não informado,3,0,139191.00,0.00,3,2,5,2
2019,Feminino,Amarela,1,0,91874.21,0.00,3,2,14,2
2019,Feminino,Branca,35,2,4353868.64,183748.38,3,2,14,2
2019,Feminino,Não informado,3,0,422477.26,0.00,3,2,14,2
2019,Feminino,Parda,10,0,1332490.88,0.00,3,2,14,2
2019,Masculino,Amarela,1,0,0.00,0.00,3,2,14,2
2019,Masculino,Branca,99,7,12328966.59,906085.12,3,2,14,2
2019,Masculino,Não informado,28,3,3732284.17,391889.40,3,2,14,2
2019,Masculino,Parda,27,5,3473169.69,613999.26,3,2,14,2
2019,Masculino,Preta,1,0,139826.08,0.00,3,2,14,2
2019,Masculino,Amarela,1,0,15700.00,0.00,3,3,3,3
2019,Masculino,Branca,2,2,28400.00,28400.00,3,3,3,3
2019,Masculino,Parda,3,1,39600.00,6600.00,3,3,3,6
2019,Feminino,Branca,1,0,5200.00,0.00,3,3,3,7
2019,Masculino,Branca,3,0,43580.00,0.00,3,3,3,7
2019,Masculino,Branca,2,0,135000.00,0.00,3,3,8,3
2019,Masculino,Parda,1,0,62400.00,0.00,3,3,8,3
2019,Masculino,Amarela,1,0,74600.00,0.00,3,3,8,6
2019,Masculino,Branca,3,1,197400.00,72600.00,3,3,8,6
2019,Masculino,Branca,3,0,89200.00,0.00,3,3,8,7
2019,Masculino,Não informado,2,1,108000.00,59200.00,3,3,8,7
2019,Feminino,Não informado,1,1,39600.00,39600.00,3,3,9,1
2019,Masculino,Branca,3,1,118800.00,39600.00,3,3,9,1
2019,Masculino,Não informado,2,0,79200.00,0.00,3,3,9,1
2019,Masculino,Parda,2,1,79200.00,39600.00,3,3,9,1
2019,Feminino,Branca,1,0,39600.00,0.00,3,3,9,3
2019,Feminino,Não informado,1,0,39600.00,0.00,3,3,9,3
2019,Feminino,Parda,2,0,79200.00,0.00,3,3,9,3
2019,Masculino,Branca,7,2,277200.00,79200.00,3,3,9,3
2019,Masculino,Não informado,3,1,118800.00,39600.00,3,3,9,3
2019,Masculino,Parda,5,0,198000.00,0.00,3,3,9,3
2019,Masculino,Preta,1,0,39600.00,0.00,3,3,9,3
2019,Feminino,Parda,1,1,39600.00,39600.00,3,3,9,4
2019,Masculino,Não informado,1,0,39600.00,0.00,3,3,9,4
2019,Feminino,Branca,13,8,514800.00,330000.00,3,3,9,6
2019,Feminino,Não informado,1,1,39600.00,39600.00,3,3,9,6
2019,Feminino,Parda,1,0,39600.00,0.00,3,3,9,6
2019,Masculino,Branca,18,3,712800.00,118800.00,3,3,9,6
2019,Masculino,Não informado,7,4,277200.00,171600.00,3,3,9,6
2019,Masculino,Parda,7,5,277200.00,198000.00,3,3,9,6
2019,Masculino,Preta,2,2,79200.00,79200.00,3,3,9,6
2019,Feminino,Branca,2,0,79200.00,0.00,3,3,9,7
2019,Feminino,Indígena,1,0,39600.00,0.00,3,3,9,7
2019,Feminino,Não informado,1,0,39600.00,0.00,3,3,9,7
2019,Masculino,Branca,19,10,752400.00,422400.00,3,3,9,7
2019,Masculino,Não informado,4,2,158400.00,92400.00,3,3,9,7
2019,Masculino,Parda,4,1,158400.00,39600.00,3,3,9,7
2019,Feminino,Amarela,2,0,132000.00,0.00,3,3,10,1
2019,Feminino,Branca,16,3,1056000.00,118800.00,3,3,10,1
2019,Feminino,Não informado,5,2,330000.00,79200.00,3,3,10,1
2019,Feminino,Parda,4,3,264000.00,118800.00,3,3,10,1
2019,Masculino,Amarela,2,2,132000.00,105600.00,3,3,10,1
2019,Masculino,Branca,65,23,4290000.00,990000.00,3,3,10,1
2019,Masculino,Não informado,17,6,1122000.00,277200.00,3,3,10,1
2019,Masculino,Parda,24,9,1584000.00,396000.00,3,3,10,1
2019,Masculino,Preta,2,0,132000.00,0.00,3,3,10,1
2019,Feminino,Amarela,1,0,66000.00,0.00,3,3,10,3
2019,Feminino,Branca,46,15,3036000.00,633600.00,3,3,10,3
2019,Feminino,Não informado,15,2,990000.00,92400.00,3,3,10,3
2019,Feminino,Parda,16,5,1056000.00,211200.00,3,3,10,3
2019,Feminino,Preta,3,1,198000.00,39600.00,3,3,10,3
2019,Masculino,Amarela,6,3,396000.00,118800.00,3,3,10,3
2019,Masculino,Branca,150,54,9873600.00,2362800.00,3,3,10,3
2019,Masculino,Indígena,2,0,132000.00,0.00,3,3,10,3
2019,Masculino,Não informado,84,43,5517600.00,1980000.00,3,3,10,3
2019,Masculino,Parda,92,23,6072000.00,1042800.00,3,3,10,3
2019,Masculino,Preta,17,7,1122000.00,303600.00,3,3,10,3
2019,Feminino,Branca,5,2,330000.00,79200.00,3,3,10,4
2019,Feminino,Não informado,1,1,66000.00,39600.00,3,3,10,4
2019,Feminino,Parda,5,0,330000.00,0.00,3,3,10,4
2019,Feminino,Preta,1,0,66000.00,0.00,3,3,10,4
2019,Masculino,Branca,22,5,1452000.00,198000.00,3,3,10,4
2019,Masculino,Não informado,5,1,330000.00,66000.00,3,3,10,4
2019,Masculino,Parda,23,12,1491600.00,541200.00,3,3,10,4
2019,Masculino,Preta,3,1,198000.00,52800.00,3,3,10,4
2019,Feminino,Amarela,6,5,369600.00,237600.00,3,3,10,6
2019,Feminino,Branca,175,80,11523600.00,3682800.00,3,3,10,6
2019,Feminino,Indígena,1,0,66000.00,0.00,3,3,10,6
2019,Feminino,Não informado,43,19,2838000.00,858000.00,3,3,10,6
2019,Feminino,Parda,20,4,1320000.00,158400.00,3,3,10,6
2019,Feminino,Preta,3,1,198000.00,39600.00,3,3,10,6
2019,Masculino,Amarela,22,13,1425600.00,620400.00,3,3,10,6
2019,Masculino,Branca,539,254,35362800.00,12170400.00,3,3,10,6
2019,Masculino,Indígena,3,0,198000.00,0.00,3,3,10,6
2019,Masculino,Não informado,226,127,14836800.00,6309600.00,3,3,10,6
2019,Masculino,Parda,89,38,5847600.00,1676400.00,3,3,10,6
2019,Masculino,Preta,21,7,1386000.00,303600.00,3,3,10,6
2019,Feminino,Amarela,4,0,264000.00,0.00,3,3,10,7
2019,Feminino,Branca,91,28,6006000.00,1240800.00,3,3,10,7
2019,Feminino,Não informado,13,4,831600.00,211200.00,3,3,10,7
2019,Feminino,Parda,6,1,396000.00,52800.00,3,3,10,7
2019,Masculino,Amarela,3,0,198000.00,0.00,3,3,10,7
2019,Masculino,Branca,209,82,13767600.00,3603600.00,3,3,10,7
2019,Masculino,Não informado,41,15,2706000.00,699600.00,3,3,10,7
2019,Masculino,Parda,19,5,1254000.00,237600.00,3,3,10,7
2019,Masculino,Preta,1,0,66000.00,0.00,3,3,10,7
2019,Feminino,Não informado,2,0,155800.00,0.00,3,3,11,1
2019,Feminino,Preta,2,0,116600.00,0.00,3,3,11,3
2019,Masculino,Amarela,1,0,53300.00,0.00,3,3,11,3
2019,Feminino,Parda,2,0,114800.00,0.00,3,3,11,4
2019,Feminino,Branca,2,0,106600.00,0.00,3,3,11,6
2019,Feminino,Parda,1,0,53300.00,0.00,3,3,11,6
2019,Masculino,Parda,1,0,53300.00,0.00,3,3,11,6
2019,Feminino,Branca,18,2,984300.00,108000.00,3,3,12,1
2019,Feminino,Não informado,1,0,54000.00,0.00,3,3,12,1
2019,Feminino,Parda,1,0,54000.00,0.00,3,3,12,1
2019,Feminino,Preta,2,0,112800.00,0.00,3,3,12,1
2019,Masculino,Branca,12,3,671400.00,166100.00,3,3,12,1
2019,Masculino,Não informado,4,2,216000.00,108000.00,3,3,12,1
2019,Masculino,Parda,5,0,274100.00,0.00,3,3,12,1
2019,Masculino,Preta,4,0,216000.00,0.00,3,3,12,1
2019,Feminino,Amarela,2,0,113500.00,0.00,3,3,12,3
2019,Feminino,Branca,18,3,966700.00,177600.00,3,3,12,3
2019,Feminino,Indígena,1,1,63100.00,63100.00,3,3,12,3
2019,Feminino,Não informado,4,1,216000.00,54000.00,3,3,12,3
2019,Feminino,Parda,17,4,937200.00,225000.00,3,3,12,3
2019,Feminino,Preta,2,1,108000.00,54000.00,3,3,12,3
2019,Masculino,Amarela,1,0,54000.00,0.00,3,3,12,3
2019,Masculino,Branca,16,7,854900.00,391300.00,3,3,12,3
2019,Masculino,Não informado,2,0,117950.00,0.00,3,3,12,3
2019,Masculino,Parda,22,2,1174600.00,108000.00,3,3,12,3
2019,Masculino,Preta,2,0,108000.00,0.00,3,3,12,3
2019,Feminino,Branca,6,0,324000.00,0.00,3,3,12,4
2019,Feminino,Parda,3,0,162000.00,0.00,3,3,12,4
2019,Masculino,Branca,2,0,108000.00,0.00,3,3,12,4
2019,Masculino,Não informado,1,1,54000.00,54000.00,3,3,12,4
2019,Masculino,Parda,5,0,243000.00,0.00,3,3,12,4
2019,Feminino,Amarela,3,0,162000.00,0.00,3,3,12,6
2019,Feminino,Branca,79,20,4269600.00,1084600.00,3,3,12,6
2019,Feminino,Indígena,1,1,60300.00,60300.00,3,3,12,6
2019,Feminino,Não informado,13,2,716100.00,108000.00,3,3,12,6
2019,Feminino,Parda,25,5,1267350.00,278950.00,3,3,12,6
2019,Feminino,Preta,6,1,337200.00,54000.00,3,3,12,6
2019,Masculino,Branca,105,29,5781900.00,1568550.00,3,3,12,6
2019,Masculino,Não informado,29,8,1593650.00,450650.00,3,3,12,6
2019,Masculino,Parda,35,11,1908350.00,609000.00,3,3,12,6
2019,Masculino,Preta,15,5,825842.85,270000.00,3,3,12,6
2019,Feminino,Amarela,1,0,54000.00,0.00,3,3,12,7
2019,Feminino,Branca,59,14,3201500.00,771300.00,3,3,12,7
2019,Feminino,Não informado,3,1,162000.00,54000.00,3,3,12,7
2019,Feminino,Parda,6,3,324000.00,162000.00,3,3,12,7
2019,Feminino,Preta,4,0,220900.00,0.00,3,3,12,7
2019,Masculino,Amarela,1,1,58600.00,58600.00,3,3,12,7
2019,Masculino,Branca,51,17,2819450.00,941500.00,3,3,12,7
2019,Masculino,Não informado,5,1,274700.00,58700.00,3,3,12,7
2019,Masculino,Parda,7,2,395800.00,108000.00,3,3,12,7
2019,Feminino,Branca,1,1,57600.00,57600.00,3,3,13,1
2019,Masculino,Parda,1,1,64000.00,64000.00,3,3,13,1
2019,Masculino,Branca,1,0,62000.00,0.00,3,3,13,2
2019,Masculino,Branca,1,0,65200.00,0.00,3,3,13,3
2019,Masculino,Preta,1,0,64000.00,0.00,3,3,13,3
2019,Feminino,Branca,2,0,121600.00,0.00,3,3,13,4
2019,Masculino,Não informado,1,0,57600.00,0.00,3,3,13,4
2019,Feminino,Amarela,1,0,66400.00,0.00,3,3,13,6
2019,Feminino,Branca,10,2,566300.00,124000.00,3,3,13,6
2019,Feminino,Não informado,3,0,173900.00,0.00,3,3,13,6
2019,Masculino,Branca,14,1,840600.00,62700.00,3,3,13,6
2019,Masculino,Não informado,4,1,191800.00,63000.00,3,3,13,6
2019,Masculino,Parda,4,0,243600.00,0.00,3,3,13,6
2019,Feminino,Branca,1,0,57600.00,0.00,3,3,13,7
2019,Masculino,Branca,8,0,487300.00,0.00,3,3,13,7
2019,Masculino,Não informado,1,1,34000.00,34000.00,3,3,13,7
2019,Feminino,Branca,22,5,2110351.62,278709.20,4,1,7,1
2019,Feminino,Indígena,1,0,100000.00,0.00,4,1,7,1
2019,Feminino,Não informado,4,1,475051.50,60000.00,4,1,7,1
2019,Feminino,Parda,12,2,1011836.80,51900.00,4,1,7,1
2019,Feminino,Preta,3,1,259977.75,60000.00,4,1,7,1
2019,Masculino,Branca,19,3,2109721.10,136800.00,4,1,7,1
2019,Masculino,Indígena,2,0,230900.00,0.00,4,1,7,1
2019,Masculino,Não informado,4,0,393280.00,0.00,4,1,7,1
2019,Masculino,Parda,19,2,2271284.84,110993.00,4,1,7,1
2019,Masculino,Preta,1,0,78300.00,0.00,4,1,7,1
2019,Feminino,Branca,1,0,192226.80,0.00,4,1,7,2
2019,Feminino,Branca,30,6,3189561.69,296200.00,4,1,7,3
2019,Feminino,Indígena,2,0,2237504.00,0.00,4,1,7,3
2019,Feminino,Não informado,7,2,560263.73,80010.00,4,1,7,3
2019,Feminino,Parda,24,6,2824034.39,280227.50,4,1,7,3
2019,Feminino,Preta,7,2,630695.08,123334.00,4,1,7,3
2019,Masculino,Branca,30,5,3097459.17,377460.00,4,1,7,3
2019,Masculino,Não informado,7,1,661382.00,11000.00,4,1,7,3
2019,Masculino,Parda,22,4,1827279.50,127800.00,4,1,7,3
2019,Masculino,Preta,7,1,643151.10,59800.00,4,1,7,3
2019,Feminino,Amarela,1,0,200000.00,0.00,4,1,7,4
2019,Feminino,Branca,17,4,1446009.86,131700.00,4,1,7,4
2019,Feminino,Não informado,3,0,320285.04,0.00,4,1,7,4
2019,Feminino,Parda,14,4,1112498.23,200000.00,4,1,7,4
2019,Masculino,Amarela,1,0,120000.00,0.00,4,1,7,4
2019,Masculino,Branca,14,2,1441942.05,251300.00,4,1,7,4
2019,Masculino,Não informado,4,1,485591.01,60000.00,4,1,7,4
2019,Masculino,Parda,18,2,2247839.98,120000.00,4,1,7,4
2019,Masculino,Preta,2,0,141550.00,0.00,4,1,7,4
2019,Feminino,Amarela,2,1,140000.00,6500.00,4,1,7,6
2019,Feminino,Branca,75,21,7767707.45,1197280.00,4,1,7,6
2019,Feminino,Não informado,10,2,842032.09,108200.00,4,1,7,6
2019,Feminino,Parda,21,2,2045060.53,107760.00,4,1,7,6
2019,Feminino,Preta,5,2,526005.15,118600.00,4,1,7,6
2019,Masculino,Amarela,2,0,213356.00,0.00,4,1,7,6
2019,Masculino,Branca,94,19,11126365.73,991350.00,4,1,7,6
2019,Masculino,Indígena,1,0,102900.00,0.00,4,1,7,6
2019,Masculino,Não informado,13,2,1299107.00,99750.00,4,1,7,6
2019,Masculino,Parda,24,5,2507467.85,295000.00,4,1,7,6
2019,Masculino,Preta,5,0,680396.00,0.00,4,1,7,6
2019,Feminino,Amarela,3,1,238720.00,57600.00,4,1,7,7
2019,Feminino,Branca,83,19,9241577.46,973400.00,4,1,7,7
2019,Feminino,Não informado,5,0,618700.00,0.00,4,1,7,7
2019,Feminino,Parda,5,0,451073.00,0.00,4,1,7,7
2019,Feminino,Preta,2,1,30571.00,10000.00,4,1,7,7
2019,Masculino,Branca,55,13,5615249.24,699230.00,4,1,7,7
2019,Masculino,Indígena,1,0,490000.00,0.00,4,1,7,7
2019,Masculino,Não informado,9,5,971600.00,329700.00,4,1,7,7
2019,Masculino,Parda,8,2,826272.32,115800.00,4,1,7,7
2019,Masculino,Preta,4,0,799856.80,0.00,4,1,7,7
2019,Feminino,Amarela,1,0,107086.59,0.00,4,2,2,2
2019,Feminino,Branca,30,1,2276803.60,52707.81,4,2,2,2
2019,Feminino,Não informado,2,0,165722.39,0.00,4,2,2,2
2019,Feminino,Parda,13,0,913476.94,0.00,4,2,2,2
2019,Feminino,Preta,1,0,57867.15,0.00,4,2,2,2
2019,Masculino,Branca,26,1,1880518.24,107086.61,4,2,2,2
2019,Masculino,Não informado,1,0,64898.50,0.00,4,2,2,2
2019,Masculino,Parda,10,3,883283.52,211416.39,4,2,2,2
2019,Masculino,Preta,4,0,382987.92,0.00,4,2,2,2
2019,Feminino,Amarela,1,0,268911.10,0.00,4,2,4,2
2019,Feminino,Branca,14,0,5014978.06,0.00,4,2,4,2
2019,Feminino,Não informado,3,0,1067264.50,0.00,4,2,4,2
2019,Feminino,Parda,10,0,3398043.71,0.00,4,2,4,2
2019,Feminino,Preta,1,0,417023.09,0.00,4,2,4,2
2019,Masculino,Branca,8,0,3562298.79,0.00,4,2,4,2
2019,Masculino,Não informado,1,0,326812.59,0.00,4,2,4,2
2019,Masculino,Parda,8,0,2492622.33,0.00,4,2,4,2
2019,Masculino,Preta,2,0,511834.72,0.00,4,2,4,2
2019,Feminino,Branca,8,0,508825.20,0.00,4,2,5,2
2019,Feminino,Indígena,1,0,64896.00,0.00,4,2,5,2
2019,Feminino,Parda,1,0,55926.00,0.00,4,2,5,2
2019,Masculino,Branca,8,0,381966.00,0.00,4,2,5,2
2019,Masculino,Não informado,4,1,229044.39,59085.00,4,2,5,2
2019,Feminino,Branca,61,3,6782257.97,313917.44,4,2,14,2
2019,Feminino,Indígena,1,0,139826.08,0.00,4,2,14,2
2019,Feminino,Não informado,9,1,1007263.12,130629.80,4,2,14,2
2019,Feminino,Parda,26,0,3077512.17,0.00,4,2,14,2
2019,Feminino,Preta,4,0,436205.99,0.00,4,2,14,2
2019,Masculino,Branca,41,2,4443405.11,212913.62,4,2,14,2
2019,Masculino,Não informado,14,2,1885038.95,289175.84,4,2,14,2
2019,Masculino,Parda,17,2,2162762.62,270455.84,4,2,14,2
2019,Masculino,Preta,3,0,319971.92,0.00,4,2,14,2
2019,Masculino,Branca,1,0,14200.00,0.00,4,3,3,3
2019,Feminino,Branca,1,0,10050.00,0.00,4,3,3,4
2019,Feminino,Branca,3,1,54800.00,15200.00,4,3,3,6
2019,Masculino,Branca,1,0,9452.00,0.00,4,3,3,6
2019,Feminino,Parda,1,0,62400.00,0.00,4,3,8,3
2019,Feminino,Branca,2,0,87200.00,0.00,4,3,8,6
2019,Masculino,Branca,1,1,62400.00,62400.00,4,3,8,6
2019,Feminino,Branca,1,0,26800.00,0.00,4,3,8,7
2019,Masculino,Branca,1,1,68600.00,68600.00,4,3,8,7
2019,Feminino,Amarela,1,0,66000.00,0.00,4,3,10,1
2019,Feminino,Branca,36,12,2349600.00,528000.00,4,3,10,1
2019,Feminino,Não informado,6,4,369600.00,198000.00,4,3,10,1
2019,Feminino,Parda,7,0,462000.00,0.00,4,3,10,1
2019,Feminino,Preta,1,0,66000.00,0.00,4,3,10,1
2019,Masculino,Branca,33,17,2151600.00,765600.00,4,3,10,1
2019,Masculino,Não informado,13,4,831600.00,184800.00,4,3,10,1
2019,Masculino,Parda,15,2,990000.00,79200.00,4,3,10,1
2019,Masculino,Preta,6,0,396000.00,0.00,4,3,10,1
2019,Feminino,Amarela,2,1,132000.00,39600.00,4,3,10,3
2019,Feminino,Branca,63,19,4158000.00,805200.00,4,3,10,3
2019,Feminino,Indígena,1,1,66000.00,39600.00,4,3,10,3
2019,Feminino,Não informado,14,8,897600.00,369600.00,4,3,10,3
2019,Feminino,Parda,29,3,1914000.00,118800.00,4,3,10,3
2019,Feminino,Preta,5,1,330000.00,52800.00,4,3,10,3
2019,Masculino,Amarela,1,1,66000.00,39600.00,4,3,10,3
2019,Masculino,Branca,52,20,3405600.00,924000.00,4,3,10,3
2019,Masculino,Não informado,25,11,1597200.00,528000.00,4,3,10,3
2019,Masculino,Parda,46,9,3036000.00,356400.00,4,3,10,3
2019,Masculino,Preta,12,4,792000.00,171600.00,4,3,10,3
2019,Feminino,Amarela,2,0,132000.00,0.00,4,3,10,4
2019,Feminino,Branca,11,1,726000.00,52800.00,4,3,10,4
2019,Feminino,Indígena,1,1,66000.00,52800.00,4,3,10,4
2019,Feminino,Não informado,2,0,132000.00,0.00,4,3,10,4
2019,Feminino,Parda,10,1,633600.00,52800.00,4,3,10,4
2019,Feminino,Preta,1,0,66000.00,0.00,4,3,10,4
2019,Masculino,Branca,19,2,1254000.00,79200.00,4,3,10,4
2019,Masculino,Indígena,1,0,66000.00,0.00,4,3,10,4
2019,Masculino,Não informado,8,1,528000.00,39600.00,4,3,10,4
2019,Masculino,Parda,15,4,990000.00,171600.00,4,3,10,4
2019,Masculino,Preta,5,0,330000.00,0.00,4,3,10,4
2019,Feminino,Amarela,6,1,369600.00,39600.00,4,3,10,6
2019,Feminino,Branca,263,96,17252400.00,4448400.00,4,3,10,6
2019,Feminino,Não informado,63,33,4158000.00,1465200.00,4,3,10,6
2019,Feminino,Parda,28,13,1848000.00,528000.00,4,3,10,6
2019,Feminino,Preta,10,5,660000.00,198000.00,4,3,10,6
2019,Masculino,Amarela,2,0,132000.00,0.00,4,3,10,6
2019,Masculino,Branca,240,131,15681600.00,6151200.00,4,3,10,6
2019,Masculino,Indígena,2,0,132000.00,0.00,4,3,10,6
2019,Masculino,Não informado,67,29,4422000.00,1333200.00,4,3,10,6
2019,Masculino,Parda,32,8,2112000.00,343200.00,4,3,10,6
2019,Masculino,Preta,12,7,792000.00,277200.00,4,3,10,6
2019,Feminino,Branca,161,56,10599600.00,2428800.00,4,3,10,7
2019,Feminino,Não informado,10,6,633600.00,277200.00,4,3,10,7
2019,Feminino,Parda,7,2,462000.00,79200.00,4,3,10,7
2019,Feminino,Preta,1,0,66000.00,0.00,4,3,10,7
2019,Masculino,Branca,132,53,8712000.00,2362800.00,4,3,10,7
2019,Masculino,Indígena,1,1,66000.00,52800.00,4,3,10,7
2019,Masculino,Não informado,20,10,1320000.00,475200.00,4,3,10,7
2019,Masculino,Parda,12,3,792000.00,132000.00,4,3,10,7
2019,Masculino,Preta,3,1,198000.00,39600.00,4,3,10,7
2019,Feminino,Branca,3,0,179200.00,0.00,4,3,12,1
2019,Feminino,Não informado,1,0,60980.00,0.00,4,3,12,1
2019,Feminino,Parda,2,0,131600.00,0.00,4,3,12,1
2019,Feminino,Preta,1,0,54000.00,0.00,4,3,12,1
2019,Masculino,Branca,2,0,116200.00,0.00,4,3,12,1
2019,Masculino,Não informado,2,0,108000.00,0.00,4,3,12,1
2019,Masculino,Parda,1,0,54000.00,0.00,4,3,12,1
2019,Masculino,Branca,1,0,54000.00,0.00,4,3,12,2
2019,Feminino,Branca,5,1,279250.00,58900.00,4,3,12,3
2019,Feminino,Não informado,3,0,167600.00,0.00,4,3,12,3
2019,Feminino,Parda,2,0,112100.00,0.00,4,3,12,3
2019,Feminino,Preta,4,1,164600.00,54000.00,4,3,12,3
2019,Masculino,Branca,4,0,216000.00,0.00,4,3,12,3
2019,Masculino,Não informado,5,0,277100.00,0.00,4,3,12,3
2019,Masculino,Parda,4,0,224800.00,0.00,4,3,12,3
2019,Masculino,Preta,1,1,58850.00,58850.00,4,3,12,3
2019,Feminino,Branca,32,2,1649226.66,108000.00,4,3,12,6
2019,Feminino,Não informado,7,1,391300.00,54000.00,4,3,12,6
2019,Feminino,Parda,2,0,108000.00,0.00,4,3,12,6
2019,Feminino,Preta,2,0,112700.00,0.00,4,3,12,6
2019,Masculino,Branca,22,3,1242940.00,179200.00,4,3,12,6
2019,Masculino,Não informado,11,3,469050.00,166450.00,4,3,12,6
2019,Masculino,Parda,13,1,689400.00,58100.00,4,3,12,6
2019,Masculino,Preta,1,0,58100.00,0.00,4,3,12,6
2019,Feminino,Branca,20,3,1092200.00,162000.00,4,3,12,7
2019,Feminino,Não informado,3,0,162000.00,0.00,4,3,12,7
2019,Feminino,Parda,4,0,230900.00,0.00,4,3,12,7
2019,Masculino,Branca,15,5,821748.00,257098.00,4,3,12,7
2019,Masculino,Não informado,3,0,171450.00,0.00,4,3,12,7
2019,Masculino,Parda,1,0,54000.00,0.00,4,3,12,7
2019,Feminino,Não informado,1,0,75500.00,0.00,4,3,13,1
2019,Feminino,Branca,3,2,154600.00,97000.00,4,3,13,3
2019,Feminino,Não informado,1,0,62159.00,0.00,4,3,13,3
2019,Feminino,Parda,4,0,160800.00,0.00,4,3,13,3
2019,Feminino,Preta,1,0,65600.00,0.00,4,3,13,3
2019,Masculino,Não informado,1,1,57600.00,57600.00,4,3,13,3
2019,Feminino,Amarela,1,0,65000.00,0.00,4,3,13,6
2019,Feminino,Branca,11,2,611654.00,120600.00,4,3,13,6
2019,Feminino,Não informado,2,0,91400.00,0.00,4,3,13,6
2019,Feminino,Parda,1,0,28800.00,0.00,4,3,13,6
2019,Feminino,Preta,1,0,57600.00,0.00,4,3,13,6
2019,Masculino,Branca,4,1,212000.00,28800.00,4,3,13,6
2019,Masculino,Não informado,4,2,213200.00,120400.00,4,3,13,6
2019,Masculino,Parda,1,1,66000.00,66000.00,4,3,13,6
2019,Feminino,Branca,6,3,347530.00,165100.00,4,3,13,7
2019,Feminino,Não informado,1,0,65000.00,0.00,4,3,13,7
2019,Feminino,Parda,1,1,66400.00,66400.00,4,3,13,7
2019,Masculino,Branca,3,2,160400.00,112400.00,4,3,13,7
2019,Feminino,Branca,5,0,486599.99,0.00,5,1,7,1
2019,Feminino,Parda,1,0,327000.00,0.00,5,1,7,1
2019,Masculino,Branca,7,0,816360.01,0.00,5,1,7,1
2019,Masculino,Não informado,1,0,200000.00,0.00,5,1,7,1
2019,Masculino,Parda,4,0,908740.00,0.00,5,1,7,1
2019,Masculino,Preta,2,0,234077.50,0.00,5,1,7,1
2019,Feminino,Branca,6,2,1329183.00,236200.00,5,1,7,3
2019,Feminino,Não informado,2,2,79309.32,79309.32,5,1,7,3
2019,Feminino,Parda,5,0,2486085.00,0.00,5,1,7,3
2019,Feminino,Preta,2,1,224995.00,76000.00,5,1,7,3
2019,Masculino,Amarela,1,0,229410.00,0.00,5,1,7,3
2019,Masculino,Branca,12,2,3009830.48,127820.00,5,1,7,3
2019,Masculino,Não informado,3,0,246585.35,0.00,5,1,7,3
2019,Masculino,Parda,4,2,714261.14,21000.00,5,1,7,3
2019,Masculino,Preta,3,0,459475.92,0.00,5,1,7,3
2019,Feminino,Branca,3,1,238461.00,13000.00,5,1,7,4
2019,Masculino,Branca,1,0,241500.00,0.00,5,1,7,4
2019,Masculino,Parda,4,1,412575.30,241000.00,5,1,7,4
2019,Feminino,Amarela,1,0,38432.00,0.00,5,1,7,6
2019,Feminino,Branca,20,9,5965864.65,3638210.93,5,1,7,6
2019,Feminino,Não informado,4,1,497102.54,59500.00,5,1,7,6
2019,Feminino,Parda,2,1,52464.00,14714.00,5,1,7,6
2019,Masculino,Branca,20,8,2678617.41,664504.14,5,1,7,6
2019,Masculino,Não informado,3,0,190320.00,0.00,5,1,7,6
2019,Masculino,Parda,5,3,204608.50,122956.50,5,1,7,6
2019,Feminino,Branca,21,6,3303885.01,1592640.00,5,1,7,7
2019,Masculino,Branca,7,0,1828792.52,0.00,5,1,7,7
2019,Masculino,Não informado,3,0,200253.99,0.00,5,1,7,7
2019,Feminino,Amarela,2,1,130736.27,69040.66,5,2,2,2
2019,Feminino,Branca,18,3,1695531.53,279071.73,5,2,2,2
2019,Feminino,Indígena,1,1,75342.35,77779.86,5,2,2,2
2019,Feminino,Não informado,3,0,168260.09,0.00,5,2,2,2
2019,Feminino,Parda,6,0,445502.09,0.00,5,2,2,2
2019,Feminino,Preta,4,0,295345.52,0.00,5,2,2,2
2019,Masculino,Branca,14,3,1006752.74,168910.13,5,2,2,2
2019,Masculino,Não informado,2,0,214173.18,0.00,5,2,2,2
2019,Masculino,Parda,9,0,632592.86,0.00,5,2,2,2
2019,Feminino,Amarela,1,0,127567.59,0.00,5,2,4,2
2019,Feminino,Branca,17,0,5784585.75,0.00,5,2,4,2
2019,Feminino,Não informado,5,0,1448255.92,0.00,5,2,4,2
2019,Feminino,Parda,3,0,1142410.47,0.00,5,2,4,2
2019,Masculino,Branca,14,0,5397483.42,0.00,5,2,4,2
2019,Masculino,Não informado,1,0,326812.59,0.00,5,2,4,2
2019,Masculino,Parda,5,0,3041020.58,0.00,5,2,4,2
2019,Feminino,Parda,1,0,34659.30,0.00,5,2,5,2
2019,Masculino,Branca,2,0,130182.00,0.00,5,2,5,2
2019,Feminino,Branca,41,2,4373029.32,164567.64,5,2,14,2
2019,Feminino,Não informado,7,1,922816.85,111449.06,5,2,14,2
2019,Feminino,Parda,2,0,289175.92,0.00,5,2,14,2
2019,Feminino,Preta,5,0,674716.32,0.00,5,2,14,2
2019,Masculino,Branca,47,3,5644311.23,352739.66,5,2,14,2
2019,Masculino,Não informado,14,3,1763873.59,391495.27,5,2,14,2
2019,Masculino,Parda,5,0,690261.68,0.00,5,2,14,2
2019,Masculino,Preta,1,0,104748.35,0.00,5,2,14,2
2019,Masculino,Branca,1,0,25800.00,0.00,5,3,8,3
2019,Masculino,Parda,2,0,95900.00,0.00,5,3,8,3
2019,Feminino,Branca,1,0,15600.00,0.00,5,3,8,6
2019,Masculino,Branca,4,2,156900.00,57600.00,5,3,8,7
2019,Feminino,Indígena,1,0,39600.00,0.00,5,3,9,1
2019,Masculino,Amarela,1,0,39600.00,0.00,5,3,9,1
2019,Masculino,Branca,1,0,39600.00,0.00,5,3,9,1
2019,Masculino,Parda,2,0,79200.00,0.00,5,3,9,1
2019,Feminino,Branca,3,0,118800.00,0.00,5,3,9,3
2019,Feminino,Parda,1,0,39600.00,0.00,5,3,9,3
2019,Feminino,Preta,1,0,39600.00,0.00,5,3,9,3
2019,Masculino,Branca,6,1,237600.00,39600.00,5,3,9,3
2019,Masculino,Parda,1,0,39600.00,0.00,5,3,9,3
2019,Masculino,Preta,2,0,79200.00,0.00,5,3,9,3
2019,Feminino,Parda,1,0,39600.00,0.00,5,3,9,4
2019,Masculino,Branca,1,0,39600.00,0.00,5,3,9,4
2019,Masculino,Não informado,1,0,39600.00,0.00,5,3,9,4
2019,Masculino,Parda,1,0,39600.00,0.00,5,3,9,4
2019,Feminino,Branca,6,2,237600.00,105600.00,5,3,9,6
2019,Feminino,Não informado,2,0,79200.00,0.00,5,3,9,6
2019,Feminino,Parda,1,0,39600.00,0.00,5,3,9,6
2019,Masculino,Branca,4,0,158400.00,0.00,5,3,9,6
2019,Masculino,Não informado,1,0,39600.00,0.00,5,3,9,6
2019,Masculino,Preta,2,1,79200.00,39600.00,5,3,9,6
2019,Feminino,Branca,14,3,554400.00,132000.00,5,3,9,7
2019,Feminino,Não informado,1,0,39600.00,0.00,5,3,9,7
2019,Masculino,Branca,7,2,277200.00,79200.00,5,3,9,7
2019,Masculino,Não informado,1,1,39600.00,39600.00,5,3,9,7
2019,Feminino,Branca,17,6,1122000.00,277200.00,5,3,10,1
2019,Feminino,Não informado,2,1,132000.00,66000.00,5,3,10,1
2019,Feminino,Parda,2,0,132000.00,0.00,5,3,10,1
2019,Feminino,Preta,1,0,66000.00,0.00,5,3,10,1
2019,Masculino,Amarela,2,1,132000.00,39600.00,5,3,10,1
2019,Masculino,Branca,27,13,1782000.00,554400.00,5,3,10,1
2019,Masculino,Não informado,8,4,528000.00,158400.00,5,3,10,1
2019,Masculino,Parda,7,1,462000.00,39600.00,5,3,10,1
2019,Feminino,Branca,36,6,2376000.00,290400.00,5,3,10,3
2019,Feminino,Não informado,8,1,528000.00,39600.00,5,3,10,3
2019,Feminino,Parda,10,3,660000.00,118800.00,5,3,10,3
2019,Feminino,Preta,1,1,66000.00,39600.00,5,3,10,3
2019,Masculino,Amarela,1,0,66000.00,0.00,5,3,10,3
2019,Masculino,Branca,53,17,3471600.00,739200.00,5,3,10,3
2019,Masculino,Indígena,2,1,132000.00,39600.00,5,3,10,3
2019,Masculino,Não informado,15,6,990000.00,290400.00,5,3,10,3
2019,Masculino,Parda,23,7,1518000.00,290400.00,5,3,10,3
2019,Masculino,Preta,4,1,264000.00,39600.00,5,3,10,3
2019,Feminino,Branca,4,1,264000.00,39600.00,5,3,10,4
2019,Feminino,Parda,2,1,132000.00,52800.00,5,3,10,4
2019,Feminino,Preta,1,0,66000.00,0.00,5,3,10,4
2019,Masculino,Branca,5,0,330000.00,0.00,5,3,10,4
2019,Masculino,Parda,1,0,66000.00,0.00,5,3,10,4
2019,Feminino,Amarela,4,3,264000.00,132000.00,5,3,10,6
2019,Feminino,Branca,144,72,9477600.00,3168000.00,5,3,10,6
2019,Feminino,Não informado,19,8,1254000.00,330000.00,5,3,10,6
2019,Feminino,Parda,17,3,1122000.00,118800.00,5,3,10,6
2019,Feminino,Preta,4,1,264000.00,39600.00,5,3,10,6
2019,Masculino,Amarela,6,1,396000.00,39600.00,5,3,10,6
2019,Masculino,Branca,202,83,13279200.00,3577200.00,5,3,10,6
2019,Masculino,Indígena,1,0,66000.00,0.00,5,3,10,6
2019,Masculino,Não informado,54,20,3564000.00,818400.00,5,3,10,6
2019,Masculino,Parda,25,12,1650000.00,488400.00,5,3,10,6
2019,Masculino,Preta,8,3,528000.00,145200.00,5,3,10,6
2019,Feminino,Amarela,2,0,132000.00,0.00,5,3,10,7
2019,Feminino,Branca,104,23,6864000.00,937200.00,5,3,10,7
2019,Feminino,Não informado,10,4,660000.00,158400.00,5,3,10,7
2019,Feminino,Parda,1,1,66000.00,39600.00,5,3,10,7
2019,Feminino,Preta,2,0,132000.00,0.00,5,3,10,7
2019,Masculino,Amarela,4,0,264000.00,0.00,5,3,10,7
2019,Masculino,Branca,153,44,9992400.00,1821600.00,5,3,10,7
2019,Masculino,Não informado,22,6,1452000.00,264000.00,5,3,10,7
2019,Masculino,Parda,5,3,330000.00,118800.00,5,3,10,7
2019,Masculino,Preta,2,1,132000.00,39600.00,5,3,10,7
2019,Masculino,Branca,1,1,53300.00,53300.00,5,3,11,3
2019,Feminino,Branca,1,0,53300.00,0.00,5,3,11,7
2019,Masculino,Branca,1,0,53300.00,0.00,5,3,11,7
2019,Feminino,Não informado,1,0,54000.00,0.00,5,3,12,1
2019,Feminino,Parda,1,0,54000.00,0.00,5,3,12,1
2019,Masculino,Branca,1,0,59900.00,0.00,5,3,12,1
2019,Masculino,Não informado,2,0,118300.00,0.00,5,3,12,1
2019,Feminino,Não informado,1,0,54000.00,0.00,5,3,12,3
2019,Feminino,Parda,1,0,62900.00,0.00,5,3,12,3
2019,Masculino,Branca,2,0,113600.00,0.00,5,3,12,3
2019,Masculino,Parda,1,0,60600.00,0.00,5,3,12,3
2019,Feminino,Parda,1,0,54000.00,0.00,5,3,12,4
2019,Feminino,Amarela,1,1,54000.00,54000.00,5,3,12,6
2019,Feminino,Branca,23,6,1242550.00,311350.00,5,3,12,6
2019,Feminino,Não informado,5,0,270000.00,0.00,5,3,12,6
2019,Feminino,Parda,5,0,252600.00,0.00,5,3,12,6
2019,Feminino,Preta,2,1,126200.00,66100.00,5,3,12,6
2019,Masculino,Amarela,1,0,54000.00,0.00,5,3,12,6
2019,Masculino,Branca,11,3,626800.00,167300.00,5,3,12,6
2019,Masculino,Não informado,3,2,167100.00,113100.00,5,3,12,6
2019,Masculino,Parda,5,0,279700.00,0.00,5,3,12,6
2019,Masculino,Preta,1,0,54000.00,0.00,5,3,12,6
2019,Feminino,Branca,14,1,841600.00,61100.00,5,3,12,7
2019,Feminino,Parda,1,0,54000.00,0.00,5,3,12,7
2019,Masculino,Branca,8,1,473100.00,54000.00,5,3,12,7
2019,Masculino,Preta,1,0,54000.00,0.00,5,3,12,7
2019,Masculino,Não informado,1,0,57600.00,0.00,5,3,13,1
2019,Feminino,Branca,2,0,79300.00,0.00,5,3,13,3
2019,Feminino,Não informado,2,1,81200.00,28800.00,5,3,13,3
2019,Feminino,Parda,2,0,115200.00,0.00,5,3,13,3
2019,Feminino,Branca,7,2,424400.00,132000.00,5,3,13,6
2019,Feminino,Não informado,2,0,95600.00,0.00,5,3,13,6
2019,Feminino,Parda,1,0,64000.00,0.00,5,3,13,6
2019,Masculino,Branca,3,1,193800.00,63000.00,5,3,13,6
2019,Masculino,Não informado,2,1,96400.00,62000.00,5,3,13,6
2019,Feminino,Branca,3,1,172800.00,57600.00,5,3,13,7
2019,Masculino,Branca,4,0,221100.00,0.00,5,3,13,7
2019,Feminino,Branca,23,3,10873792.29,1741591.17,6,1,7,1
2019,Feminino,Não informado,1,0,20000.00,0.00,6,1,7,1
2019,Feminino,Parda,5,1,1111054.81,488150.00,6,1,7,1
2019,Feminino,Preta,1,0,155000.00,0.00,6,1,7,1
2019,Masculino,Branca,21,6,14855220.56,1667960.00,6,1,7,1
2019,Masculino,Não informado,3,1,383800.00,106000.00,6,1,7,1
2019,Masculino,Parda,7,2,9766412.68,1675489.54,6,1,7,1
2019,Masculino,Preta,3,0,731164.45,0.00,6,1,7,1
2019,Feminino,Branca,1,0,589260.00,0.00,6,1,7,2
2019,Feminino,Amarela,1,0,649877.00,0.00,6,1,7,3
2019,Feminino,Branca,62,13,27532032.42,6297397.06,6,1,7,3
2019,Feminino,Não informado,5,1,4563887.92,326482.00,6,1,7,3
2019,Feminino,Parda,26,8,9510034.57,2912626.81,6,1,7,3
2019,Feminino,Preta,5,2,681390.01,114000.01,6,1,7,3
2019,Masculino,Branca,33,7,37683547.99,5425099.73,6,1,7,3
2019,Masculino,Indígena,1,0,762580.00,0.00,6,1,7,3
2019,Masculino,Não informado,11,2,5724289.93,44867.00,6,1,7,3
2019,Masculino,Parda,15,3,11335930.08,1286937.09,6,1,7,3
2019,Masculino,Preta,4,1,1028999.97,210600.00,6,1,7,3
2019,Feminino,Amarela,1,0,754430.00,0.00,6,1,7,4
2019,Feminino,Branca,14,2,10635145.61,891955.35,6,1,7,4
2019,Feminino,Parda,11,1,5027611.41,71500.00,6,1,7,4
2019,Feminino,Preta,1,0,509600.00,0.00,6,1,7,4
2019,Masculino,Branca,13,3,14001171.30,1557427.00,6,1,7,4
2019,Masculino,Não informado,2,0,1050546.00,0.00,6,1,7,4
2019,Masculino,Parda,11,1,5528383.23,5000.00,6,1,7,4
2019,Feminino,Amarela,10,1,6106132.95,376930.28,6,1,7,6
2019,Feminino,Branca,133,27,93414518.52,13971319.21,6,1,7,6
2019,Feminino,Não informado,9,1,4379946.80,40000.00,6,1,7,6
2019,Feminino,Parda,25,4,16065210.77,275849.00,6,1,7,6
2019,Feminino,Preta,2,0,1461334.00,0.00,6,1,7,6
2019,Masculino,Amarela,3,0,950855.00,0.00,6,1,7,6
2019,Masculino,Branca,89,14,63763149.08,5366399.43,6,1,7,6
2019,Masculino,Indígena,1,0,456400.00,0.00,6,1,7,6
2019,Masculino,Não informado,19,1,16173219.35,288000.00,6,1,7,6
2019,Masculino,Parda,15,4,9018082.44,2333177.06,6,1,7,6
2019,Masculino,Preta,2,1,560960.01,0.01,6,1,7,6
2019,Feminino,Branca,56,7,27374293.34,6203215.01,6,1,7,7
2019,Feminino,Não informado,3,1,1992680.44,0.01,6,1,7,7
2019,Feminino,Parda,1,0,287920.00,0.00,6,1,7,7
2019,Masculino,Amarela,3,0,5037807.94,0.00,6,1,7,7
2019,Masculino,Branca,33,8,13923371.61,4950189.40,6,1,7,7
2019,Masculino,Indígena,1,0,500000.00,0.00,6,1,7,7
2019,Masculino,Não informado,2,0,2098257.05,0.00,6,1,7,7
2019,Masculino,Parda,7,2,2969329.27,895289.27,6,1,7,7
2019,Feminino,Amarela,1,1,107086.59,107086.61,6,2,2,2
2019,Feminino,Branca,50,4,4000788.99,375691.44,6,2,2,2
2019,Feminino,Não informado,1,0,64898.50,0.00,6,2,2,2
2019,Feminino,Parda,7,2,574335.15,259043.64,6,2,2,2
2019,Feminino,Preta,3,0,173698.95,0.00,6,2,2,2
2019,Masculino,Branca,21,2,2031915.94,188308.37,6,2,2,2
2019,Masculino,Parda,7,0,641904.87,0.00,6,2,2,2
2019,Masculino,Preta,1,0,64898.50,0.00,6,2,2,2
2019,Feminino,Branca,10,0,5129246.70,0.00,6,2,4,2
2019,Feminino,Parda,1,0,154438.85,0.00,6,2,4,2
2019,Masculino,Branca,2,0,1375077.82,0.00,6,2,4,2
2019,Masculino,Não informado,2,0,772707.90,0.00,6,2,4,2
2019,Masculino,Parda,3,0,2147994.86,0.00,6,2,4,2
2019,Feminino,Branca,6,0,302987.10,0.00,6,2,5,2
2019,Masculino,Branca,1,1,54054.00,54054.00,6,2,5,2
2019,Masculino,Parda,1,0,41051.40,0.00,6,2,5,2
2019,Feminino,Branca,60,5,7378941.84,574849.52,6,2,14,2
2019,Feminino,Não informado,1,0,130629.84,0.00,6,2,14,2
2019,Feminino,Parda,10,0,1334726.36,0.00,6,2,14,2
2019,Masculino,Branca,46,5,5877851.28,671541.48,6,2,14,2
2019,Masculino,Indígena,1,0,139826.08,0.00,6,2,14,2
2019,Masculino,Não informado,2,1,261259.68,130629.80,6,2,14,2
2019,Masculino,Parda,6,1,763021.76,139826.04,6,2,14,2
2019,Masculino,Preta,1,0,130629.84,0.00,6,2,14,2
2019,Masculino,Branca,1,1,13200.00,13200.00,6,3,1,7
2019,Feminino,Preta,1,0,15200.00,0.00,6,3,3,3
2019,Masculino,Branca,1,0,5900.00,0.00,6,3,3,3
2019,Masculino,Branca,1,0,13200.00,0.00,6,3,3,7
2019,Feminino,Parda,1,0,61200.00,0.00,6,3,8,1
2019,Masculino,Branca,1,0,62400.00,0.00,6,3,8,1
2019,Masculino,Branca,1,0,28118.00,0.00,6,3,8,3
2019,Masculino,Parda,1,0,62400.00,0.00,6,3,8,3
2019,Feminino,Branca,2,0,99200.00,0.00,6,3,8,6
2019,Feminino,Branca,1,0,25800.00,0.00,6,3,8,7
2019,Feminino,Não informado,1,1,68900.00,68900.00,6,3,8,7
2019,Masculino,Branca,1,0,62400.00,0.00,6,3,8,7
2019,Feminino,Branca,1,0,39600.00,0.00,6,3,9,1
2019,Feminino,Preta,1,0,39600.00,0.00,6,3,9,1
2019,Masculino,Branca,2,1,79200.00,39600.00,6,3,9,1
2019,Masculino,Não informado,1,0,39600.00,0.00,6,3,9,1
2019,Masculino,Preta,1,0,39600.00,0.00,6,3,9,1
2019,Feminino,Branca,3,0,118800.00,0.00,6,3,9,3
2019,Feminino,Parda,2,0,79200.00,0.00,6,3,9,3
2019,Feminino,Preta,2,2,79200.00,79200.00,6,3,9,3
2019,Masculino,Branca,8,1,316800.00,39600.00,6,3,9,3
2019,Masculino,Não informado,2,0,79200.00,0.00,6,3,9,3
2019,Masculino,Parda,2,1,79200.00,52800.00,6,3,9,3
2019,Masculino,Preta,1,0,39600.00,0.00,6,3,9,3
2019,Feminino,Parda,1,0,39600.00,0.00,6,3,9,4
2019,Masculino,Branca,1,0,39600.00,0.00,6,3,9,4
2019,Feminino,Amarela,1,1,39600.00,39600.00,6,3,9,6
2019,Feminino,Branca,17,5,673200.00,211200.00,6,3,9,6
2019,Feminino,Não informado,1,0,39600.00,0.00,6,3,9,6
2019,Feminino,Parda,2,0,79200.00,0.00,6,3,9,6
2019,Masculino,Branca,14,3,554400.00,118800.00,6,3,9,6
2019,Masculino,Não informado,8,0,316800.00,0.00,6,3,9,6
2019,Masculino,Parda,1,1,39600.00,39600.00,6,3,9,6
2019,Feminino,Amarela,2,1,79200.00,39600.00,6,3,9,7
2019,Feminino,Branca,7,2,277200.00,79200.00,6,3,9,7
2019,Masculino,Branca,11,3,435600.00,118800.00,6,3,9,7
2019,Masculino,Não informado,1,0,39600.00,0.00,6,3,9,7
2019,Masculino,Parda,1,0,39600.00,0.00,6,3,9,7
2019,Masculino,Preta,1,1,39600.00,39600.00,6,3,9,7
2019,Feminino,Amarela,2,2,132000.00,79200.00,6,3,10,1
2019,Feminino,Branca,24,4,1584000.00,158400.00,6,3,10,1
2019,Feminino,Não informado,2,0,132000.00,0.00,6,3,10,1
2019,Feminino,Parda,4,1,264000.00,39600.00,6,3,10,1
2019,Masculino,Branca,19,9,1227600.00,356400.00,6,3,10,1
2019,Masculino,Não informado,2,0,132000.00,0.00,6,3,10,1
2019,Masculino,Parda,6,2,396000.00,79200.00,6,3,10,1
2019,Masculino,Preta,3,0,198000.00,0.00,6,3,10,1
2019,Feminino,Amarela,2,0,132000.00,0.00,6,3,10,3
2019,Feminino,Branca,78,13,5148000.00,580800.00,6,3,10,3
2019,Feminino,Não informado,6,2,396000.00,92400.00,6,3,10,3
2019,Feminino,Parda,41,10,2706000.00,435600.00,6,3,10,3
2019,Feminino,Preta,3,0,198000.00,0.00,6,3,10,3
2019,Masculino,Amarela,1,0,66000.00,0.00,6,3,10,3
2019,Masculino,Branca,57,13,3762000.00,567600.00,6,3,10,3
2019,Masculino,Não informado,2,0,132000.00,0.00,6,3,10,3
2019,Masculino,Parda,31,6,2046000.00,264000.00,6,3,10,3
2019,Masculino,Preta,3,0,198000.00,0.00,6,3,10,3
2019,Feminino,Amarela,1,1,66000.00,39600.00,6,3,10,4
2019,Feminino,Branca,6,2,396000.00,92400.00,6,3,10,4
2019,Feminino,Parda,2,0,132000.00,0.00,6,3,10,4
2019,Masculino,Branca,5,2,330000.00,92400.00,6,3,10,4
2019,Masculino,Parda,3,0,198000.00,0.00,6,3,10,4
2019,Masculino,Preta,1,1,66000.00,52800.00,6,3,10,4
2019,Feminino,Amarela,14,4,924000.00,171600.00,6,3,10,6
2019,Feminino,Branca,393,154,25858800.00,6916800.00,6,3,10,6
2019,Feminino,Não informado,18,8,1188000.00,369600.00,6,3,10,6
2019,Feminino,Parda,22,5,1452000.00,224400.00,6,3,10,6
2019,Feminino,Preta,6,1,396000.00,39600.00,6,3,10,6
2019,Masculino,Amarela,8,2,528000.00,92400.00,6,3,10,6
2019,Masculino,Branca,266,126,17450400.00,5979600.00,6,3,10,6
2019,Masculino,Indígena,1,0,66000.00,0.00,6,3,10,6
2019,Masculino,Não informado,25,14,1650000.00,699600.00,6,3,10,6
2019,Masculino,Parda,28,7,1848000.00,303600.00,6,3,10,6
2019,Masculino,Preta,3,1,198000.00,39600.00,6,3,10,6
2019,Feminino,Amarela,5,1,330000.00,52800.00,6,3,10,7
2019,Feminino,Branca,147,32,9649200.00,1518000.00,6,3,10,7
2019,Feminino,Não informado,6,3,396000.00,171600.00,6,3,10,7
2019,Feminino,Parda,3,1,198000.00,52800.00,6,3,10,7
2019,Feminino,Preta,1,0,66000.00,0.00,6,3,10,7
2019,Masculino,Amarela,3,0,198000.00,0.00,6,3,10,7
2019,Masculino,Branca,111,41,7299600.00,1808400.00,6,3,10,7
2019,Masculino,Não informado,7,1,462000.00,39600.00,6,3,10,7
2019,Masculino,Parda,5,2,303600.00,105600.00,6,3,10,7
2019,Masculino,Preta,1,0,63300.00,0.00,6,3,11,3
2019,Feminino,Branca,4,0,213700.00,0.00,6,3,11,6
2019,Feminino,Branca,2,0,110700.00,0.00,6,3,11,7
2019,Masculino,Branca,1,0,54300.00,0.00,6,3,11,7
2019,Feminino,Branca,3,0,162000.00,0.00,6,3,12,1
2019,Masculino,Preta,1,0,58600.00,0.00,6,3,12,1
2019,Feminino,Branca,19,3,1042200.00,162000.00,6,3,12,3
2019,Feminino,Não informado,1,0,54000.00,0.00,6,3,12,3
2019,Feminino,Parda,5,0,270000.00,0.00,6,3,12,3
2019,Feminino,Preta,2,0,108000.00,0.00,6,3,12,3
2019,Masculino,Branca,5,1,274600.00,54000.00,6,3,12,3
2019,Masculino,Parda,3,1,168100.00,54000.00,6,3,12,3
2019,Masculino,Preta,4,2,229200.00,115100.00,6,3,12,3
2019,Feminino,Amarela,4,0,216000.00,0.00,6,3,12,6
2019,Feminino,Branca,80,7,4370261.00,382850.00,6,3,12,6
2019,Feminino,Não informado,3,1,162000.00,54000.00,6,3,12,6
2019,Feminino,Parda,13,0,711650.00,0.00,6,3,12,6
2019,Feminino,Preta,3,1,166300.00,54000.00,6,3,12,6
2019,Masculino,Amarela,1,0,54000.00,0.00,6,3,12,6
2019,Masculino,Branca,37,8,2021600.00,434600.00,6,3,12,6
2019,Masculino,Não informado,5,0,270000.00,0.00,6,3,12,6
2019,Masculino,Parda,13,4,660800.00,216000.00,6,3,12,6
2019,Masculino,Preta,1,0,54000.00,0.00,6,3,12,6
2019,Feminino,Amarela,1,0,54000.00,0.00,6,3,12,7
2019,Feminino,Branca,47,7,2493200.00,382600.00,6,3,12,7
2019,Feminino,Não informado,3,0,162000.00,0.00,6,3,12,7
2019,Feminino,Parda,2,0,108000.00,0.00,6,3,12,7
2019,Masculino,Branca,17,3,922100.00,162000.00,6,3,12,7
2019,Masculino,Não informado,1,1,54000.00,54000.00,6,3,12,7
2019,Feminino,Branca,4,1,236300.00,57600.00,6,3,13,3
2019,Feminino,Parda,1,0,72800.00,0.00,6,3,13,3
2019,Masculino,Branca,1,0,57600.00,0.00,6,3,13,3
2019,Masculino,Preta,2,0,129600.00,0.00,6,3,13,3
2019,Feminino,Branca,1,0,66000.00,0.00,6,3,13,4
2019,Feminino,Branca,15,1,897100.00,63000.00,6,3,13,6
2019,Feminino,Não informado,1,0,57600.00,0.00,6,3,13,6
2019,Feminino,Parda,1,0,65000.00,0.00,6,3,13,6
2019,Masculino,Branca,12,0,705000.00,0.00,6,3,13,6
2019,Feminino,Branca,4,0,230400.00,0.00,6,3,13,7
2019,Feminino,Não informado,1,0,57600.00,0.00,6,3,13,7
2019,Feminino,Preta,1,0,57600.00,0.00,6,3,13,7
2019,Masculino,Branca,1,0,57600.00,0.00,6,3,13,7
2019,Feminino,Branca,4,0,560650.00,0.00,7,1,7,1
2019,Feminino,Parda,2,2,219970.00,198000.00,7,1,7,1
2019,Masculino,Branca,11,1,1205344.91,0.01,7,1,7,1
2019,Masculino,Não informado,5,0,718600.01,0.00,7,1,7,1
2019,Masculino,Parda,1,0,19855.88,0.00,7,1,7,1
2019,Feminino,Branca,1,0,200000.00,0.00,7,1,7,2
2019,Masculino,Branca,2,0,400000.00,0.00,7,1,7,2
2019,Masculino,Não informado,1,1,200000.00,190000.00,7,1,7,2
2019,Masculino,Parda,2,1,399998.37,190000.00,7,1,7,2
2019,Feminino,Branca,6,1,2901984.38,108000.00,7,1,7,3
2019,Feminino,Parda,4,2,316407.75,28000.00,7,1,7,3
2019,Feminino,Preta,2,0,144870.00,0.00,7,1,7,3
2019,Masculino,Amarela,2,0,318380.00,0.00,7,1,7,3
2019,Masculino,Branca,16,2,2634706.36,116121.40,7,1,7,3
2019,Masculino,Não informado,9,2,724314.49,59200.01,7,1,7,3
2019,Masculino,Parda,8,1,3954570.80,1332000.00,7,1,7,3
2019,Masculino,Preta,1,0,72892.00,0.00,7,1,7,3
2019,Feminino,Branca,1,1,100000.00,27000.00,7,1,7,4
2019,Masculino,Branca,1,1,70235.00,15000.00,7,1,7,4
2019,Masculino,Parda,3,1,414030.30,12400.00,7,1,7,4
2019,Feminino,Branca,18,4,5211727.50,2225640.00,7,1,7,6
2019,Feminino,Indígena,1,0,78360.00,0.00,7,1,7,6
2019,Feminino,Parda,1,1,49900.00,49900.00,7,1,7,6
2019,Feminino,Preta,1,0,505435.97,0.00,7,1,7,6
2019,Masculino,Amarela,4,0,535816.00,0.00,7,1,7,6
2019,Masculino,Branca,54,11,10715551.72,2214003.64,7,1,7,6
2019,Masculino,Indígena,1,0,1073520.00,0.00,7,1,7,6
2019,Masculino,Não informado,9,2,1281008.01,190000.01,7,1,7,6
2019,Masculino,Parda,6,4,1831480.00,1605760.00,7,1,7,6
2019,Masculino,Preta,4,0,584799.90,0.00,7,1,7,6
2019,Feminino,Branca,6,2,1292281.00,586760.00,7,1,7,7
2019,Feminino,Parda,1,1,77212.00,55800.00,7,1,7,7
2019,Masculino,Branca,36,6,7668695.73,3899736.01,7,1,7,7
2019,Masculino,Não informado,2,0,240000.00,0.00,7,1,7,7
2019,Masculino,Parda,3,0,394960.30,0.00,7,1,7,7
2019,Feminino,Amarela,3,2,274477.83,214173.22,7,2,2,2
2019,Feminino,Branca,47,10,4097050.44,925596.92,7,2,2,2
2019,Feminino,Não informado,3,1,272040.33,100055.26,7,2,2,2
2019,Feminino,Parda,15,4,1461815.60,405575.15,7,2,2,2
2019,Feminino,Preta,2,1,200110.48,93023.91,7,2,2,2
2019,Masculino,Branca,73,22,6494738.64,2035253.33,7,2,2,2
2019,Masculino,Não informado,9,4,939465.00,519759.65,7,2,2,2
2019,Masculino,Parda,28,10,2495614.60,950550.52,7,2,2,2
2019,Masculino,Preta,3,0,294328.48,0.00,7,2,2,2
2019,Feminino,Branca,6,1,2685808.70,127270.89,7,2,4,2
2019,Feminino,Não informado,1,1,328594.94,342814.81,7,2,4,2
2019,Feminino,Parda,7,0,2926159.89,0.00,7,2,4,2
2019,Feminino,Preta,1,0,365323.41,0.00,7,2,4,2
2019,Masculino,Branca,29,0,13982993.72,0.00,7,2,4,2
2019,Masculino,Não informado,2,0,745221.56,0.00,7,2,4,2
2019,Masculino,Parda,11,0,5530568.15,0.00,7,2,4,2
2019,Masculino,Preta,8,0,3616137.04,0.00,7,2,4,2
2019,Feminino,Branca,4,1,229242.00,62166.00,7,2,5,2
2019,Masculino,Branca,8,0,458858.40,0.00,7,2,5,2
2019,Masculino,Não informado,1,0,70356.00,0.00,7,2,5,2
2019,Feminino,Amarela,3,0,395680.40,0.00,7,2,14,2
2019,Feminino,Branca,20,3,2523773.01,402255.64,7,2,14,2
2019,Feminino,Não informado,4,0,530319.36,0.00,7,2,14,2
2019,Feminino,Parda,6,0,799803.87,0.00,7,2,14,2
2019,Feminino,Preta,1,0,132774.84,0.00,7,2,14,2
2019,Masculino,Branca,70,2,8884152.62,279979.60,7,2,14,2
2019,Masculino,Indígena,1,0,130629.84,0.00,7,2,14,2
2019,Masculino,Não informado,18,2,2420701.73,261259.60,7,2,14,2
2019,Masculino,Parda,22,2,3029837.34,278107.64,7,2,14,2
2019,Masculino,Preta,5,0,603784.56,0.00,7,2,14,2
2019,Masculino,Branca,1,0,13212.00,0.00,7,3,1,6
2019,Feminino,Parda,1,0,14520.00,0.00,7,3,3,4
2019,Masculino,Preta,1,0,15400.00,0.00,7,3,3,4
2019,Masculino,Parda,3,1,191100.00,73600.00,7,3,8,3
2019,Masculino,Branca,2,0,82600.00,0.00,7,3,8,4
2019,Masculino,Branca,5,1,295600.00,62400.00,7,3,8,6
2019,Masculino,Não informado,1,0,62400.00,0.00,7,3,8,6
2019,Masculino,Branca,2,0,92200.00,0.00,7,3,8,7
2019,Masculino,Não informado,1,1,27800.00,27800.00,7,3,8,7
2019,Masculino,Parda,1,0,62400.00,0.00,7,3,8,7
2019,Feminino,Branca,1,0,39600.00,0.00,7,3,9,1
2019,Masculino,Branca,4,1,158400.00,39600.00,7,3,9,1
2019,Masculino,Não informado,2,0,79200.00,0.00,7,3,9,1
2019,Masculino,Parda,3,0,118800.00,0.00,7,3,9,1
2019,Feminino,Amarela,1,1,39600.00,39600.00,7,3,9,3
2019,Feminino,Branca,16,2,633600.00,92400.00,7,3,9,3
2019,Feminino,Não informado,2,0,79200.00,0.00,7,3,9,3
2019,Feminino,Parda,3,2,118800.00,79200.00,7,3,9,3
2019,Feminino,Preta,5,3,198000.00,118800.00,7,3,9,3
2019,Masculino,Branca,13,5,514800.00,211200.00,7,3,9,3
2019,Masculino,Não informado,7,5,277200.00,198000.00,7,3,9,3
2019,Masculino,Parda,20,7,792000.00,277200.00,7,3,9,3
2019,Masculino,Preta,2,1,79200.00,39600.00,7,3,9,3
2019,Feminino,Parda,2,0,79200.00,0.00,7,3,9,4
2019,Masculino,Branca,2,1,79200.00,52800.00,7,3,9,4
2019,Masculino,Não informado,1,0,39600.00,0.00,7,3,9,4
2019,Feminino,Branca,16,6,633600.00,237600.00,7,3,9,6
2019,Feminino,Não informado,2,1,79200.00,39600.00,7,3,9,6
2019,Feminino,Parda,4,1,158400.00,39600.00,7,3,9,6
2019,Feminino,Preta,2,0,79200.00,0.00,7,3,9,6
2019,Masculino,Amarela,4,1,158400.00,39600.00,7,3,9,6
2019,Masculino,Branca,63,30,2494800.00,1214400.00,7,3,9,6
2019,Masculino,Não informado,5,2,198000.00,79200.00,7,3,9,6
2019,Masculino,Parda,9,2,356400.00,79200.00,7,3,9,6
2019,Masculino,Preta,1,0,39600.00,0.00,7,3,9,6
2019,Feminino,Amarela,1,0,39600.00,0.00,7,3,9,7
2019,Feminino,Branca,11,6,435600.00,237600.00,7,3,9,7
2019,Masculino,Branca,28,12,1108800.00,514800.00,7,3,9,7
2019,Masculino,Não informado,4,1,158400.00,39600.00,7,3,9,7
2019,Masculino,Parda,1,1,39600.00,52800.00,7,3,9,7
2019,Masculino,Preta,1,0,39600.00,0.00,7,3,9,7
2019,Feminino,Branca,7,4,462000.00,171600.00,7,3,10,1
2019,Feminino,Não informado,1,1,66000.00,39600.00,7,3,10,1
2019,Feminino,Parda,1,0,66000.00,0.00,7,3,10,1
2019,Masculino,Branca,28,12,1848000.00,528000.00,7,3,10,1
2019,Masculino,Não informado,8,2,528000.00,79200.00,7,3,10,1
2019,Masculino,Parda,12,3,792000.00,132000.00,7,3,10,1
2019,Feminino,Amarela,2,0,132000.00,0.00,7,3,10,3
2019,Feminino,Branca,29,9,1914000.00,396000.00,7,3,10,3
2019,Feminino,Não informado,8,3,528000.00,118800.00,7,3,10,3
2019,Feminino,Parda,5,2,330000.00,105600.00,7,3,10,3
2019,Feminino,Preta,2,0,132000.00,0.00,7,3,10,3
2019,Masculino,Amarela,2,1,132000.00,52800.00,7,3,10,3
2019,Masculino,Branca,69,28,4527600.00,1240800.00,7,3,10,3
2019,Masculino,Indígena,2,1,132000.00,52800.00,7,3,10,3
2019,Masculino,Não informado,31,11,2046000.00,435600.00,7,3,10,3
2019,Masculino,Parda,50,16,3300000.00,699600.00,7,3,10,3
2019,Masculino,Preta,2,0,132000.00,0.00,7,3,10,3
2019,Feminino,Branca,3,0,198000.00,0.00,7,3,10,4
2019,Feminino,Não informado,1,1,66000.00,39600.00,7,3,10,4
2019,Feminino,Parda,2,0,132000.00,0.00,7,3,10,4
2019,Feminino,Preta,1,1,66000.00,39600.00,7,3,10,4
2019,Masculino,Branca,9,4,594000.00,198000.00,7,3,10,4
2019,Masculino,Não informado,4,1,264000.00,39600.00,7,3,10,4
2019,Masculino,Parda,5,1,330000.00,52800.00,7,3,10,4
2019,Masculino,Preta,3,0,198000.00,0.00,7,3,10,4
2019,Feminino,Amarela,4,1,264000.00,52800.00,7,3,10,6
2019,Feminino,Branca,149,52,9807600.00,2310000.00,7,3,10,6
2019,Feminino,Indígena,2,1,132000.00,39600.00,7,3,10,6
2019,Feminino,Não informado,29,6,1887600.00,290400.00,7,3,10,6
2019,Feminino,Parda,23,10,1518000.00,409200.00,7,3,10,6
2019,Feminino,Preta,3,2,198000.00,79200.00,7,3,10,6
2019,Masculino,Amarela,9,6,541200.00,316800.00,7,3,10,6
2019,Masculino,Branca,438,186,28723200.00,9028800.00,7,3,10,6
2019,Masculino,Indígena,4,2,264000.00,92400.00,7,3,10,6
2019,Masculino,Não informado,111,47,7299600.00,2244000.00,7,3,10,6
2019,Masculino,Parda,69,25,4527600.00,1108800.00,7,3,10,6
2019,Masculino,Preta,7,2,462000.00,79200.00,7,3,10,6
2019,Feminino,Amarela,3,1,198000.00,52800.00,7,3,10,7
2019,Feminino,Branca,69,22,4554000.00,950400.00,7,3,10,7
2019,Feminino,Não informado,7,4,462000.00,158400.00,7,3,10,7
2019,Feminino,Parda,2,0,132000.00,0.00,7,3,10,7
2019,Feminino,Preta,1,0,66000.00,0.00,7,3,10,7
2019,Masculino,Amarela,2,2,132000.00,92400.00,7,3,10,7
2019,Masculino,Branca,169,68,11101200.00,3075600.00,7,3,10,7
2019,Masculino,Não informado,28,15,1821600.00,699600.00,7,3,10,7
2019,Masculino,Parda,14,4,924000.00,158400.00,7,3,10,7
2019,Masculino,Preta,2,0,132000.00,0.00,7,3,10,7
2019,Feminino,Branca,3,0,159900.00,0.00,7,3,11,1
2019,Masculino,Branca,1,0,28700.00,0.00,7,3,11,3
2019,Feminino,Branca,2,0,106600.00,0.00,7,3,11,6
2019,Masculino,Amarela,1,0,53300.00,0.00,7,3,11,6
2019,Masculino,Branca,2,0,106600.00,0.00,7,3,11,6
2019,Masculino,Parda,1,0,53300.00,0.00,7,3,11,6
2019,Feminino,Branca,2,0,107400.00,0.00,7,3,11,7
2019,Masculino,Branca,1,0,54000.00,0.00,7,3,11,7
2019,Masculino,Parda,1,1,63300.00,63300.00,7,3,11,7
2019,Feminino,Branca,5,0,270000.00,0.00,7,3,12,1
2019,Feminino,Parda,1,0,54000.00,0.00,7,3,12,1
2019,Masculino,Amarela,1,0,54000.00,0.00,7,3,12,1
2019,Masculino,Branca,2,0,108000.00,0.00,7,3,12,1
2019,Masculino,Não informado,1,1,58660.00,58660.00,7,3,12,1
2019,Feminino,Amarela,1,0,60300.00,0.00,7,3,12,3
2019,Feminino,Branca,15,3,827490.00,162000.00,7,3,12,3
2019,Feminino,Não informado,1,0,54000.00,0.00,7,3,12,3
2019,Feminino,Parda,18,2,1002200.00,108000.00,7,3,12,3
2019,Feminino,Preta,1,0,54000.00,0.00,7,3,12,3
2019,Masculino,Branca,20,4,1091300.00,222100.00,7,3,12,3
2019,Masculino,Não informado,6,1,332200.00,54000.00,7,3,12,3
2019,Masculino,Parda,17,3,943500.00,166600.00,7,3,12,3
2019,Feminino,Branca,2,0,108000.00,0.00,7,3,12,4
2019,Feminino,Parda,1,0,54000.00,0.00,7,3,12,4
2019,Masculino,Branca,1,0,58850.00,0.00,7,3,12,4
2019,Feminino,Amarela,2,0,108000.00,0.00,7,3,12,6
2019,Feminino,Branca,74,18,3961030.00,953700.00,7,3,12,6
2019,Feminino,Não informado,5,0,270000.00,0.00,7,3,12,6
2019,Feminino,Parda,27,4,1413400.00,216000.00,7,3,12,6
2019,Feminino,Preta,6,1,324000.00,54000.00,7,3,12,6
2019,Masculino,Amarela,8,2,432000.00,108000.00,7,3,12,6
2019,Masculino,Branca,88,16,4850434.90,884750.00,7,3,12,6
2019,Masculino,Indígena,2,0,117392.00,0.00,7,3,12,6
2019,Masculino,Não informado,13,1,706600.00,54000.00,7,3,12,6
2019,Masculino,Parda,24,2,1323250.00,108000.00,7,3,12,6
2019,Masculino,Preta,3,0,162000.00,0.00,7,3,12,6
2019,Feminino,Amarela,2,0,114000.00,0.00,7,3,12,7
2019,Feminino,Branca,65,11,3491310.00,594000.00,7,3,12,7
2019,Feminino,Não informado,1,0,54000.00,0.00,7,3,12,7
2019,Feminino,Parda,1,0,54000.00,0.00,7,3,12,7
2019,Masculino,Branca,56,17,3031650.00,891000.00,7,3,12,7
2019,Masculino,Não informado,8,2,432000.00,108000.00,7,3,12,7
2019,Masculino,Parda,6,2,328600.00,108000.00,7,3,12,7
2019,Masculino,Preta,3,1,162000.00,54000.00,7,3,12,7
2019,Feminino,Parda,1,0,57600.00,0.00,7,3,13,1
2019,Masculino,Branca,2,0,115200.00,0.00,7,3,13,1
2019,Masculino,Não informado,1,0,57600.00,0.00,7,3,13,1
2019,Feminino,Parda,1,0,57600.00,0.00,7,3,13,3
2019,Masculino,Branca,1,0,63500.00,0.00,7,3,13,3
2019,Feminino,Branca,1,0,57600.00,0.00,7,3,13,4
2019,Feminino,Amarela,1,0,57600.00,0.00,7,3,13,6
2019,Feminino,Branca,9,3,529700.00,172800.00,7,3,13,6
2019,Feminino,Não informado,5,0,292900.00,0.00,7,3,13,6
2019,Feminino,Parda,2,0,115200.00,0.00,7,3,13,6
2019,Masculino,Amarela,1,0,57600.00,0.00,7,3,13,6
2019,Masculino,Branca,9,1,466200.00,62000.00,7,3,13,6
2019,Masculino,Não informado,4,0,241800.00,0.00,7,3,13,6
2019,Masculino,Parda,5,0,301200.00,0.00,7,3,13,6
2019,Feminino,Branca,4,0,230400.00,0.00,7,3,13,7
2019,Feminino,Não informado,2,0,115200.00,0.00,7,3,13,7
2019,Masculino,Branca,5,0,302800.00,0.00,7,3,13,7
2019,Masculino,Indígena,1,0,57600.00,0.00,7,3,13,7
2019,Masculino,Preta,1,0,57600.00,0.00,7,3,13,7
2019,Feminino,Não informado,1,0,28025.00,0.00,8,1,7,1
2019,Feminino,Parda,1,1,18000.00,14000.00,8,1,7,1
2019,Masculino,Branca,2,2,153250.00,85000.00,8,1,7,1
2019,Masculino,Parda,1,0,100000.00,0.00,8,1,7,1
2019,Masculino,Preta,1,0,320000.00,0.00,8,1,7,1
2019,Feminino,Branca,1,0,259512.00,0.00,8,1,7,2
2019,Feminino,Parda,1,0,121358.89,0.00,8,1,7,4
2019,Masculino,Parda,1,1,120000.00,59900.00,8,1,7,4
2019,Feminino,Branca,2,0,1719144.00,0.00,8,1,7,6
2019,Feminino,Não informado,1,0,57240.00,0.00,8,1,7,6
2019,Masculino,Branca,2,0,165780.00,0.00,8,1,7,6
2019,Feminino,Branca,2,0,295080.00,0.00,8,1,7,7
2019,Feminino,Não informado,1,0,961400.00,0.00,8,1,7,7
2019,Masculino,Branca,2,0,389639.50,0.00,8,1,7,7
2019,Feminino,Branca,12,0,926011.04,0.00,8,2,2,2
2019,Feminino,Não informado,2,0,151671.04,0.00,8,2,2,2
2019,Feminino,Parda,1,0,64898.50,0.00,8,2,2,2
2019,Masculino,Branca,6,0,490223.54,0.00,8,2,2,2
2019,Masculino,Não informado,1,0,108646.59,0.00,8,2,2,2
2019,Masculino,Parda,8,0,659814.96,0.00,8,2,2,2
2019,Masculino,Preta,2,0,222918.65,0.00,8,2,2,2
2019,Feminino,Branca,5,0,1979137.14,0.00,8,2,4,2
2019,Feminino,Não informado,2,0,515547.39,0.00,8,2,4,2
2019,Feminino,Parda,2,0,625521.15,0.00,8,2,4,2
2019,Masculino,Branca,6,0,2553329.08,0.00,8,2,4,2
2019,Masculino,Parda,2,0,612147.45,0.00,8,2,4,2
2019,Masculino,Preta,1,0,168230.10,0.00,8,2,4,2
2019,Feminino,Branca,1,0,35006.40,0.00,8,2,5,2
2019,Feminino,Não informado,2,1,104910.00,71526.00,8,2,5,2
2019,Feminino,Parda,1,0,70746.00,0.00,8,2,5,2
2019,Feminino,Preta,1,0,62197.59,0.00,8,2,5,2
2019,Masculino,Branca,2,0,121602.00,0.00,8,2,5,2
2019,Feminino,Branca,23,2,2510165.51,212913.62,8,2,14,2
2019,Feminino,Não informado,6,0,725448.52,0.00,8,2,14,2
2019,Feminino,Parda,7,0,769370.88,0.00,8,2,14,2
2019,Feminino,Preta,1,0,132189.84,0.00,8,2,14,2
2019,Masculino,Branca,16,1,1851278.27,132189.80,8,2,14,2
2019,Masculino,Não informado,7,1,878148.74,139826.04,8,2,14,2
2019,Masculino,Parda,1,0,130629.84,0.00,8,2,14,2
2019,Masculino,Preta,1,0,82283.84,0.00,8,2,14,2
2019,Feminino,Branca,1,1,76100.00,76100.00,8,3,8,7
2019,Feminino,Branca,8,4,528000.00,171600.00,8,3,10,1
2019,Feminino,Não informado,3,0,171600.00,0.00,8,3,10,1
2019,Feminino,Parda,3,0,198000.00,0.00,8,3,10,1
2019,Feminino,Preta,1,0,66000.00,0.00,8,3,10,1
2019,Masculino,Branca,7,2,462000.00,79200.00,8,3,10,1
2019,Masculino,Parda,2,0,132000.00,0.00,8,3,10,1
2019,Masculino,Preta,1,0,66000.00,0.00,8,3,10,1
2019,Feminino,Branca,20,4,1320000.00,158400.00,8,3,10,3
2019,Feminino,Não informado,5,3,330000.00,145200.00,8,3,10,3
2019,Feminino,Parda,7,4,435600.00,184800.00,8,3,10,3
2019,Feminino,Preta,4,0,264000.00,0.00,8,3,10,3
2019,Masculino,Branca,22,8,1452000.00,343200.00,8,3,10,3
2019,Masculino,Não informado,9,1,594000.00,39600.00,8,3,10,3
2019,Masculino,Parda,2,0,132000.00,0.00,8,3,10,3
2019,Masculino,Preta,4,1,264000.00,39600.00,8,3,10,3
2019,Feminino,Branca,3,1,198000.00,39600.00,8,3,10,4
2019,Feminino,Indígena,1,1,66000.00,39600.00,8,3,10,4
2019,Feminino,Não informado,1,1,66000.00,39600.00,8,3,10,4
2019,Feminino,Parda,3,1,198000.00,39600.00,8,3,10,4
2019,Masculino,Branca,1,0,66000.00,0.00,8,3,10,4
2019,Masculino,Não informado,3,2,198000.00,92400.00,8,3,10,4
2019,Masculino,Parda,5,2,330000.00,92400.00,8,3,10,4
2019,Feminino,Branca,85,55,5504400.00,2534400.00,8,3,10,6
2019,Feminino,Não informado,27,12,1755600.00,554400.00,8,3,10,6
2019,Feminino,Parda,10,1,633600.00,39600.00,8,3,10,6
2019,Feminino,Preta,2,2,132000.00,79200.00,8,3,10,6
2019,Masculino,Amarela,1,1,66000.00,39600.00,8,3,10,6
2019,Masculino,Branca,70,35,4593600.00,1610400.00,8,3,10,6
2019,Masculino,Não informado,24,10,1584000.00,448800.00,8,3,10,6
2019,Masculino,Parda,6,3,369600.00,145200.00,8,3,10,6
2019,Masculino,Preta,6,2,396000.00,79200.00,8,3,10,6
2019,Feminino,Branca,44,18,2877600.00,778800.00,8,3,10,7
2019,Feminino,Não informado,8,4,528000.00,211200.00,8,3,10,7
2019,Feminino,Parda,1,1,66000.00,52800.00,8,3,10,7
2019,Masculino,Branca,23,9,1518000.00,396000.00,8,3,10,7
2019,Masculino,Não informado,7,4,462000.00,184800.00,8,3,10,7
2019,Masculino,Parda,4,3,264000.00,118800.00,8,3,10,7
2019,Feminino,Branca,3,0,166900.00,0.00,8,3,12,1
2019,Feminino,Não informado,1,0,54000.00,0.00,8,3,12,1
2019,Masculino,Branca,1,0,54000.00,0.00,8,3,12,1
2019,Feminino,Branca,1,0,54000.00,0.00,8,3,12,3
2019,Masculino,Branca,3,0,139900.00,0.00,8,3,12,3
2019,Masculino,Parda,1,0,58100.00,0.00,8,3,12,3
2019,Masculino,Preta,1,0,36600.00,0.00,8,3,12,3
2019,Feminino,Branca,15,3,799500.00,139500.00,8,3,12,6
2019,Feminino,Não informado,7,1,382100.00,54000.00,8,3,12,6
2019,Masculino,Branca,9,3,491600.00,167600.00,8,3,12,6
2019,Masculino,Não informado,1,1,59300.00,59300.00,8,3,12,6
2019,Masculino,Parda,2,1,124200.00,63100.00,8,3,12,6
2019,Masculino,Preta,1,0,54000.00,0.00,8,3,12,6
2019,Feminino,Branca,11,0,605200.00,0.00,8,3,12,7
2019,Masculino,Branca,3,0,162000.00,0.00,8,3,12,7
2019,Masculino,Preta,1,0,33950.00,0.00,8,3,13,3
2019,Feminino,Branca,6,0,326000.00,0.00,8,3,13,6
2019,Feminino,Não informado,1,0,57600.00,0.00,8,3,13,6
2019,Feminino,Parda,1,0,66000.00,0.00,8,3,13,6
2019,Masculino,Branca,7,2,358350.00,100600.00,8,3,13,6
2019,Masculino,Não informado,2,0,92800.00,0.00,8,3,13,6
2019,Feminino,Branca,2,0,57600.00,0.00,8,3,13,7
2019,Feminino,Não informado,1,0,14600.00,0.00,9,1,7,3
2019,Masculino,Não informado,1,1,100000.00,39000.00,9,1,7,4
2019,Masculino,Não informado,1,1,20000.00,12000.00,9,1,7,6
2019,Feminino,Branca,1,0,50000.00,0.00,9,1,7,7
2019,Masculino,Branca,4,1,421760.00,34200.00,9,1,7,7
2019,Feminino,Branca,10,7,715864.89,358400.00,10,1,7,1
2019,Feminino,Indígena,1,0,99000.00,0.00,10,1,7,1
2019,Feminino,Não informado,1,0,20000.00,0.00,10,1,7,1
2019,Feminino,Parda,3,2,60000.00,31200.00,10,1,7,1
2019,Masculino,Branca,9,3,589479.00,197285.50,10,1,7,1
2019,Masculino,Não informado,1,0,100000.00,0.00,10,1,7,1
2019,Masculino,Parda,4,0,146300.00,0.00,10,1,7,1
2019,Masculino,Preta,1,0,86000.00,0.00,10,1,7,1
2019,Feminino,Amarela,2,1,40000.00,6880.00,10,1,7,3
2019,Feminino,Branca,17,3,1208595.35,117592.33,10,1,7,3
2019,Feminino,Não informado,4,1,357800.00,65000.00,10,1,7,3
2019,Feminino,Parda,8,4,225600.00,50200.00,10,1,7,3
2019,Feminino,Preta,1,0,20000.00,0.00,10,1,7,3
2019,Masculino,Amarela,1,0,68250.00,0.00,10,1,7,3
2019,Masculino,Branca,26,10,1726691.55,416580.00,10,1,7,3
2019,Masculino,Não informado,7,3,599759.40,168000.00,10,1,7,3
2019,Masculino,Parda,12,7,582064.30,168736.00,10,1,7,3
2019,Masculino,Preta,2,0,139990.00,0.00,10,1,7,3
2019,Feminino,Branca,4,3,1472000.00,1439000.00,10,1,7,4
2019,Feminino,Não informado,5,2,349192.00,65500.00,10,1,7,4
2019,Feminino,Parda,6,5,431933.63,281200.00,10,1,7,4
2019,Masculino,Branca,7,4,459805.00,201989.00,10,1,7,4
2019,Masculino,Parda,4,2,333118.88,118755.00,10,1,7,4
2019,Feminino,Amarela,1,1,886625.00,500000.00,10,1,7,6
2019,Feminino,Branca,21,12,1216769.68,421573.15,10,1,7,6
2019,Feminino,Não informado,3,1,239828.00,45000.00,10,1,7,6
2019,Feminino,Parda,10,4,793080.00,61000.00,10,1,7,6
2019,Masculino,Amarela,1,1,19900.00,17000.00,10,1,7,6
2019,Masculino,Branca,19,7,1463475.04,348900.00,10,1,7,6
2019,Masculino,Indígena,1,1,19970.00,17970.00,10,1,7,6
2019,Masculino,Não informado,6,1,995535.00,497689.99,10,1,7,6
2019,Masculino,Parda,5,2,240027.13,25000.00,10,1,7,6
2019,Masculino,Preta,1,0,96810.00,0.00,10,1,7,6
2019,Feminino,Branca,10,2,581432.80,29500.00,10,1,7,7
2019,Feminino,Parda,2,2,39720.00,18000.00,10,1,7,7
2019,Feminino,Preta,1,0,19500.00,0.00,10,1,7,7
2019,Masculino,Amarela,1,0,93180.50,0.00,10,1,7,7
2019,Masculino,Branca,19,6,1179535.41,178165.00,10,1,7,7
2019,Masculino,Não informado,2,1,206700.00,80000.00,10,1,7,7
2019,Feminino,Branca,1,0,53908.41,0.00,10,2,5,2
2019,Masculino,Branca,2,0,205168.32,0.00,10,2,14,2
2019,Feminino,Branca,1,0,66000.00,0.00,10,3,10,1
2019,Feminino,Parda,1,0,66000.00,0.00,10,3,10,1
2019,Feminino,Não informado,1,0,66000.00,0.00,10,3,10,3
2019,Feminino,Preta,1,0,66000.00,0.00,10,3,10,3
2019,Masculino,Parda,2,0,132000.00,0.00,10,3,10,3
2019,Masculino,Preta,1,1,66000.00,39600.00,10,3,10,3
2019,Masculino,Branca,1,0,66000.00,0.00,10,3,10,4
2019,Masculino,Parda,2,0,132000.00,0.00,10,3,10,4
2019,Feminino,Branca,9,4,567600.00,184800.00,10,3,10,6
2019,Masculino,Branca,3,3,198000.00,118800.00,10,3,10,6
2019,Masculino,Não informado,1,0,66000.00,0.00,10,3,10,6
2019,Feminino,Branca,1,0,66000.00,0.00,10,3,10,7
2019,Masculino,Branca,5,2,330000.00,79200.00,10,3,10,7
2019,Feminino,Branca,1,1,54000.00,54000.00,10,3,12,4
2020,Feminino,Branca,9,2,4963516.00,239292.00,1,1,7,1
2020,Feminino,Não informado,1,0,499600.00,0.00,1,1,7,1
2020,Feminino,Parda,9,2,2782168.00,196512.00,1,1,7,1
2020,Masculino,Amarela,1,0,6550.52,0.00,1,1,7,1
2020,Masculino,Branca,36,13,9878517.00,1671060.00,1,1,7,1
2020,Masculino,Parda,12,4,3787984.00,855072.00,1,1,7,1
2020,Masculino,Preta,1,1,246800.00,72500.00,1,1,7,1
2020,Feminino,Branca,1,0,144000.00,0.00,1,1,7,2
2020,Feminino,Branca,22,4,12348366.61,501024.00,1,1,7,3
2020,Feminino,Não informado,3,0,2469706.00,0.00,1,1,7,3
2020,Feminino,Parda,16,5,6618428.26,501512.00,1,1,7,3
2020,Feminino,Preta,2,1,289110.00,89200.00,1,1,7,3
2020,Masculino,Branca,43,10,16687902.09,1673196.00,1,1,7,3
2020,Masculino,Não informado,8,2,2783708.00,180000.00,1,1,7,3
2020,Masculino,Parda,27,10,12586159.83,773024.00,1,1,7,3
2020,Feminino,Branca,6,2,2974192.00,542351.00,1,1,7,4
2020,Feminino,Indígena,3,2,2394720.00,1401984.00,1,1,7,4
2020,Feminino,Parda,2,1,545030.00,375820.00,1,1,7,4
2020,Masculino,Amarela,1,0,498048.00,0.00,1,1,7,4
2020,Masculino,Branca,7,3,4035223.04,502729.38,1,1,7,4
2020,Masculino,Não informado,2,0,758984.30,0.00,1,1,7,4
2020,Masculino,Parda,7,1,2531338.00,36000.00,1,1,7,4
2020,Feminino,Amarela,1,0,918185.68,0.00,1,1,7,6
2020,Feminino,Branca,74,34,35298808.80,6036848.00,1,1,7,6
2020,Feminino,Não informado,11,6,5961497.22,858048.00,1,1,7,6
2020,Feminino,Parda,11,3,3842917.34,60900.00,1,1,7,6
2020,Feminino,Preta,2,1,196512.00,36000.00,1,1,7,6
2020,Masculino,Amarela,4,4,1320096.00,930048.00,1,1,7,6
2020,Masculino,Branca,114,57,58153732.69,9849914.00,1,1,7,6
2020,Masculino,Não informado,10,5,4694386.00,810736.00,1,1,7,6
2020,Masculino,Parda,35,19,17474715.35,3342128.00,1,1,7,6
2020,Masculino,Preta,6,3,1761977.49,196512.00,1,1,7,6
2020,Feminino,Amarela,6,1,2122656.00,36000.00,1,1,7,7
2020,Feminino,Branca,34,9,14399604.00,728524.00,1,1,7,7
2020,Feminino,Não informado,2,2,982560.00,196512.00,1,1,7,7
2020,Feminino,Parda,4,2,701020.00,135000.00,1,1,7,7
2020,Feminino,Preta,2,2,196512.00,196512.00,1,1,7,7
2020,Masculino,Amarela,2,0,642048.00,0.00,1,1,7,7
2020,Masculino,Branca,84,43,40583119.15,9129709.00,1,1,7,7
2020,Masculino,Não informado,11,5,4226662.00,520536.00,1,1,7,7
2020,Masculino,Parda,4,3,5571859.00,1485696.00,1,1,7,7
2020,Feminino,Amarela,1,0,96113.48,0.00,1,2,2,2
2020,Feminino,Branca,45,11,3471067.28,769546.43,1,2,2,2
2020,Feminino,Não informado,5,0,464813.11,0.00,1,2,2,2
2020,Feminino,Parda,23,2,1910363.63,151152.38,1,2,2,2
2020,Feminino,Preta,2,0,155911.35,0.00,1,2,2,2
2020,Masculino,Amarela,2,0,131808.56,0.00,1,2,2,2
2020,Masculino,Branca,26,2,2131980.91,177370.97,1,2,2,2
2020,Masculino,Indígena,1,0,88561.20,0.00,1,2,2,2
2020,Masculino,Não informado,1,0,57710.80,0.00,1,2,2,2
2020,Masculino,Parda,12,2,996594.77,155514.15,1,2,2,2
2020,Masculino,Preta,4,0,258252.01,0.00,1,2,2,2
2020,Feminino,Branca,4,0,2172273.64,0.00,1,2,4,2
2020,Feminino,Não informado,1,0,386524.09,0.00,1,2,4,2
2020,Feminino,Parda,1,0,339365.30,0.00,1,2,4,2
2020,Masculino,Parda,4,0,2147618.76,0.00,1,2,4,2
2020,Masculino,Preta,1,0,510856.40,0.00,1,2,4,2
2020,Masculino,Branca,1,0,47653.74,0.00,1,2,5,2
2020,Masculino,Não informado,1,1,88149.58,88149.59,1,2,5,2
2020,Feminino,Amarela,3,0,374369.22,0.00,1,2,14,2
2020,Feminino,Branca,17,0,2276430.14,0.00,1,2,14,2
2020,Feminino,Não informado,3,1,439808.75,149162.72,1,2,14,2
2020,Feminino,Parda,7,0,1073937.22,0.00,1,2,14,2
2020,Feminino,Preta,2,0,293897.36,0.00,1,2,14,2
2020,Masculino,Branca,32,3,4446341.86,369870.56,1,2,14,2
2020,Masculino,Não informado,3,0,471202.48,0.00,1,2,14,2
2020,Masculino,Parda,16,0,2321898.21,0.00,1,2,14,2
2020,Feminino,Branca,1,0,14400.00,0.00,1,3,1,6
2020,Masculino,Branca,1,0,13200.00,0.00,1,3,1,6
2020,Masculino,Branca,1,0,13200.00,0.00,1,3,3,1
2020,Masculino,Branca,1,0,14000.00,0.00,1,3,3,3
2020,Masculino,Parda,2,0,28400.00,0.00,1,3,3,3
2020,Masculino,Branca,1,0,13200.00,0.00,1,3,3,6
2020,Feminino,Não informado,1,1,72600.00,72600.00,1,3,8,1
2020,Masculino,Branca,1,1,75600.00,75600.00,1,3,8,1
2020,Masculino,Branca,3,0,147100.00,0.00,1,3,8,6
2020,Masculino,Não informado,2,0,51600.00,0.00,1,3,8,6
2020,Feminino,Branca,3,0,216000.00,0.00,1,3,8,7
2020,Feminino,Amarela,1,0,39600.00,0.00,1,3,10,1
2020,Feminino,Branca,41,12,1623600.00,514800.00,1,3,10,1
2020,Feminino,Não informado,5,2,198000.00,105600.00,1,3,10,1
2020,Feminino,Parda,12,3,475200.00,118800.00,1,3,10,1
2020,Masculino,Amarela,1,1,39600.00,52800.00,1,3,10,1
2020,Masculino,Branca,74,27,2983200.00,1148400.00,1,3,10,1
2020,Masculino,Indígena,1,0,39600.00,0.00,1,3,10,1
2020,Masculino,Não informado,12,5,475200.00,198000.00,1,3,10,1
2020,Masculino,Parda,26,10,1056000.00,409200.00,1,3,10,1
2020,Masculino,Preta,1,0,39600.00,0.00,1,3,10,1
2020,Feminino,Branca,29,6,1148400.00,277200.00,1,3,10,3
2020,Feminino,Não informado,3,2,118800.00,92400.00,1,3,10,3
2020,Feminino,Parda,15,5,594000.00,224400.00,1,3,10,3
2020,Feminino,Preta,2,0,79200.00,0.00,1,3,10,3
2020,Masculino,Amarela,3,1,118800.00,39600.00,1,3,10,3
2020,Masculino,Branca,84,38,3352800.00,1636800.00,1,3,10,3
2020,Masculino,Indígena,1,1,39600.00,39600.00,1,3,10,3
2020,Masculino,Não informado,9,2,356400.00,79200.00,1,3,10,3
2020,Masculino,Parda,33,10,1333200.00,435600.00,1,3,10,3
2020,Masculino,Preta,6,1,237600.00,39600.00,1,3,10,3
2020,Feminino,Branca,6,3,237600.00,118800.00,1,3,10,4
2020,Feminino,Indígena,1,0,39600.00,0.00,1,3,10,4
2020,Feminino,Parda,2,1,79200.00,39600.00,1,3,10,4
2020,Masculino,Amarela,3,1,118800.00,39600.00,1,3,10,4
2020,Masculino,Branca,14,2,554400.00,79200.00,1,3,10,4
2020,Masculino,Não informado,4,1,158400.00,39600.00,1,3,10,4
2020,Masculino,Parda,10,4,396000.00,158400.00,1,3,10,4
2020,Feminino,Amarela,4,2,158400.00,105600.00,1,3,10,6
2020,Feminino,Branca,121,41,4844400.00,1834800.00,1,3,10,6
2020,Feminino,Não informado,12,2,475200.00,92400.00,1,3,10,6
2020,Feminino,Parda,9,4,356400.00,158400.00,1,3,10,6
2020,Masculino,Amarela,6,1,237600.00,52800.00,1,3,10,6
2020,Masculino,Branca,205,101,8170800.00,4659600.00,1,3,10,6
2020,Masculino,Não informado,23,9,910800.00,422400.00,1,3,10,6
2020,Masculino,Parda,29,15,1174800.00,686400.00,1,3,10,6
2020,Masculino,Preta,3,0,118800.00,0.00,1,3,10,6
2020,Feminino,Amarela,3,1,118800.00,39600.00,1,3,10,7
2020,Feminino,Branca,71,31,2811600.00,1372800.00,1,3,10,7
2020,Feminino,Não informado,5,2,198000.00,79200.00,1,3,10,7
2020,Feminino,Parda,1,0,39600.00,0.00,1,3,10,7
2020,Masculino,Amarela,3,1,118800.00,52800.00,1,3,10,7
2020,Masculino,Branca,148,59,5992800.00,2560800.00,1,3,10,7
2020,Masculino,Indígena,1,0,39600.00,0.00,1,3,10,7
2020,Masculino,Não informado,14,6,554400.00,277200.00,1,3,10,7
2020,Masculino,Parda,5,2,198000.00,105600.00,1,3,10,7
2020,Masculino,Preta,1,1,39600.00,39600.00,1,3,10,7
2020,Feminino,Branca,1,0,53300.00,0.00,1,3,11,1
2020,Feminino,Não informado,1,0,53300.00,0.00,1,3,11,1
2020,Feminino,Parda,4,0,213200.00,0.00,1,3,11,3
2020,Masculino,Parda,1,1,53800.00,53800.00,1,3,11,3
2020,Masculino,Parda,1,0,54100.00,0.00,1,3,11,4
2020,Feminino,Branca,4,1,223700.00,53300.00,1,3,11,6
2020,Masculino,Branca,3,0,159900.00,0.00,1,3,11,6
2020,Masculino,Não informado,3,0,168300.00,0.00,1,3,11,6
2020,Masculino,Parda,1,0,53300.00,0.00,1,3,11,6
2020,Feminino,Branca,1,0,53600.00,0.00,1,3,11,7
2020,Feminino,Parda,1,0,53300.00,0.00,1,3,11,7
2020,Masculino,Branca,1,1,53300.00,53300.00,1,3,11,7
2020,Masculino,Parda,1,0,53300.00,0.00,1,3,11,7
2020,Feminino,Amarela,2,1,108000.00,54000.00,1,3,12,1
2020,Feminino,Branca,22,0,1213650.00,0.00,1,3,12,1
2020,Feminino,Não informado,2,0,108000.00,0.00,1,3,12,1
2020,Feminino,Parda,14,0,760500.00,0.00,1,3,12,1
2020,Feminino,Preta,1,1,54000.00,54000.00,1,3,12,1
2020,Masculino,Branca,10,1,549100.00,58600.00,1,3,12,1
2020,Masculino,Não informado,2,0,112100.00,0.00,1,3,12,1
2020,Masculino,Parda,9,0,503150.00,0.00,1,3,12,1
2020,Feminino,Amarela,6,0,247500.00,0.00,1,3,12,3
2020,Feminino,Branca,28,6,1520700.00,324000.00,1,3,12,3
2020,Feminino,Não informado,10,1,555550.00,54000.00,1,3,12,3
2020,Feminino,Parda,24,3,1323700.00,162000.00,1,3,12,3
2020,Feminino,Preta,6,1,324000.00,54000.00,1,3,12,3
2020,Masculino,Branca,25,3,1384100.00,175500.00,1,3,12,3
2020,Masculino,Não informado,7,0,382600.00,0.00,1,3,12,3
2020,Masculino,Parda,15,0,814600.00,0.00,1,3,12,3
2020,Masculino,Preta,5,1,280000.00,54000.00,1,3,12,3
2020,Feminino,Amarela,1,0,54000.00,0.00,1,3,12,4
2020,Feminino,Branca,2,0,112100.00,0.00,1,3,12,4
2020,Feminino,Indígena,1,0,54000.00,0.00,1,3,12,4
2020,Feminino,Parda,5,0,270000.00,0.00,1,3,12,4
2020,Feminino,Preta,1,0,58100.00,0.00,1,3,12,4
2020,Masculino,Amarela,1,0,62200.00,0.00,1,3,12,4
2020,Masculino,Branca,3,0,162000.00,0.00,1,3,12,4
2020,Masculino,Não informado,2,0,108000.00,0.00,1,3,12,4
2020,Masculino,Parda,6,1,353300.00,58100.00,1,3,12,4
2020,Feminino,Amarela,3,0,162000.00,0.00,1,3,12,6
2020,Feminino,Branca,102,11,5476550.00,594000.00,1,3,12,6
2020,Feminino,Não informado,14,2,770750.00,108000.00,1,3,12,6
2020,Feminino,Parda,37,4,2017200.00,220100.00,1,3,12,6
2020,Feminino,Preta,2,1,112500.00,58500.00,1,3,12,6
2020,Masculino,Amarela,3,2,170200.00,116200.00,1,3,12,6
2020,Masculino,Branca,65,12,3504514.00,666950.00,1,3,12,6
2020,Masculino,Indígena,1,1,60100.00,60100.00,1,3,12,6
2020,Masculino,Não informado,10,3,553446.32,166346.32,1,3,12,6
2020,Masculino,Parda,40,12,2208150.00,659100.00,1,3,12,6
2020,Masculino,Preta,3,0,162000.00,0.00,1,3,12,6
2020,Feminino,Branca,69,15,3758100.00,793600.00,1,3,12,7
2020,Feminino,Não informado,2,0,116200.00,0.00,1,3,12,7
2020,Feminino,Parda,7,1,378000.00,54000.00,1,3,12,7
2020,Masculino,Branca,45,6,2442300.00,324000.00,1,3,12,7
2020,Masculino,Não informado,5,0,283550.00,0.00,1,3,12,7
2020,Masculino,Parda,5,1,274100.00,54000.00,1,3,12,7
2020,Masculino,Preta,1,0,54000.00,0.00,1,3,12,7
2020,Feminino,Branca,2,1,57600.00,57600.00,1,3,13,1
2020,Feminino,Parda,1,0,57600.00,0.00,1,3,13,1
2020,Masculino,Branca,2,0,115200.00,0.00,1,3,13,1
2020,Feminino,Branca,5,0,288000.00,0.00,1,3,13,3
2020,Feminino,Parda,1,0,57600.00,0.00,1,3,13,3
2020,Feminino,Preta,1,0,57600.00,0.00,1,3,13,3
2020,Masculino,Branca,4,0,207500.00,0.00,1,3,13,3
2020,Masculino,Parda,1,0,62000.00,0.00,1,3,13,3
2020,Masculino,Preta,1,0,57600.00,0.00,1,3,13,3
2020,Masculino,Branca,1,0,57600.00,0.00,1,3,13,4
2020,Feminino,Branca,7,1,403200.00,57600.00,1,3,13,6
2020,Feminino,Não informado,2,0,115200.00,0.00,1,3,13,6
2020,Masculino,Branca,6,0,340850.00,0.00,1,3,13,6
2020,Masculino,Indígena,1,0,62500.00,0.00,1,3,13,6
2020,Masculino,Não informado,1,0,57600.00,0.00,1,3,13,6
2020,Masculino,Parda,2,0,90800.00,0.00,1,3,13,6
2020,Masculino,Preta,1,0,57600.00,0.00,1,3,13,6
2020,Feminino,Branca,4,2,230400.00,115200.00,1,3,13,7
2020,Feminino,Parda,1,0,57600.00,0.00,1,3,13,7
2020,Masculino,Branca,2,0,91300.00,0.00,1,3,13,7
2020,Masculino,Parda,1,0,57600.00,0.00,1,3,13,7
2020,Feminino,Amarela,1,0,695557.00,0.00,2,1,7,1
2020,Feminino,Branca,33,6,25205270.87,1792608.00,2,1,7,1
2020,Feminino,Indígena,1,1,97900.00,76600.00,2,1,7,1
2020,Feminino,Não informado,3,1,2107464.00,388912.00,2,1,7,1
2020,Feminino,Parda,7,4,2432192.00,1785490.00,2,1,7,1
2020,Feminino,Preta,1,0,2494558.00,0.00,2,1,7,1
2020,Masculino,Amarela,2,0,1240382.95,0.00,2,1,7,1
2020,Masculino,Branca,43,12,26147573.09,4500648.50,2,1,7,1
2020,Masculino,Indígena,1,0,759202.00,0.00,2,1,7,1
2020,Masculino,Não informado,22,8,13021125.00,1935908.00,2,1,7,1
2020,Masculino,Parda,17,1,9384986.00,124512.00,2,1,7,1
2020,Masculino,Preta,4,1,2161627.45,340428.00,2,1,7,1
2020,Feminino,Branca,1,0,499690.00,0.00,2,1,7,2
2020,Feminino,Parda,1,1,242112.00,174912.00,2,1,7,2
2020,Masculino,Parda,1,0,84179.00,0.00,2,1,7,2
2020,Feminino,Branca,63,12,43080888.76,5422538.00,2,1,7,3
2020,Feminino,Não informado,20,5,8151477.49,661312.00,2,1,7,3
2020,Feminino,Parda,25,3,10821151.55,243000.00,2,1,7,3
2020,Feminino,Preta,1,0,808036.00,0.00,2,1,7,3
2020,Masculino,Amarela,3,0,730912.00,0.00,2,1,7,3
2020,Masculino,Branca,89,17,41972428.59,3409355.59,2,1,7,3
2020,Masculino,Indígena,2,0,1811061.94,0.00,2,1,7,3
2020,Masculino,Não informado,25,3,12819220.00,141000.00,2,1,7,3
2020,Masculino,Parda,37,6,19323022.54,754424.00,2,1,7,3
2020,Masculino,Preta,3,0,121906.00,0.00,2,1,7,3
2020,Feminino,Amarela,3,0,740700.00,0.00,2,1,7,4
2020,Feminino,Branca,21,6,12602127.10,818448.00,2,1,7,4
2020,Feminino,Não informado,6,2,2171432.20,285024.00,2,1,7,4
2020,Feminino,Parda,9,2,2788061.00,233800.00,2,1,7,4
2020,Feminino,Preta,5,0,1208038.00,0.00,2,1,7,4
2020,Masculino,Amarela,2,0,529648.00,0.00,2,1,7,4
2020,Masculino,Branca,46,14,20378617.21,4236143.85,2,1,7,4
2020,Masculino,Indígena,1,0,54000.00,0.00,2,1,7,4
2020,Masculino,Não informado,9,1,2028951.00,399366.00,2,1,7,4
2020,Masculino,Parda,23,7,12270578.27,1209464.00,2,1,7,4
2020,Masculino,Preta,2,2,167800.00,167800.00,2,1,7,4
2020,Feminino,Amarela,8,2,2359674.69,72000.00,2,1,7,6
2020,Feminino,Branca,228,71,137177440.22,20264487.47,2,1,7,6
2020,Feminino,Não informado,39,12,19846556.22,1960384.00,2,1,7,6
2020,Feminino,Parda,14,2,11166147.45,486000.00,2,1,7,6
2020,Feminino,Preta,1,0,250000.00,0.00,2,1,7,6
2020,Masculino,Amarela,13,3,7712974.88,420600.00,2,1,7,6
2020,Masculino,Branca,326,97,203862911.31,24888547.30,2,1,7,6
2020,Masculino,Indígena,2,0,1844802.00,0.00,2,1,7,6
2020,Masculino,Não informado,105,38,53913551.47,8158475.90,2,1,7,6
2020,Masculino,Parda,43,14,21153177.42,3880956.00,2,1,7,6
2020,Masculino,Preta,12,4,4239839.00,395024.00,2,1,7,6
2020,Feminino,Amarela,4,3,1201400.00,1057400.00,2,1,7,7
2020,Feminino,Branca,111,18,63964706.23,5943018.00,2,1,7,7
2020,Feminino,Não informado,13,5,10124707.60,571336.00,2,1,7,7
2020,Feminino,Preta,1,1,20000.00,20000.00,2,1,7,7
2020,Masculino,Amarela,3,1,3168984.30,134112.00,2,1,7,7
2020,Masculino,Branca,137,43,69890802.95,8240132.65,2,1,7,7
2020,Masculino,Não informado,31,9,20276051.65,3475344.00,2,1,7,7
2020,Masculino,Parda,9,3,5897510.40,376512.00,2,1,7,7
2020,Masculino,Preta,3,0,3009072.00,0.00,2,1,7,7
2020,Feminino,Amarela,1,0,35878.02,0.00,2,2,2,2
2020,Feminino,Branca,68,7,5667163.01,579812.37,2,2,2,2
2020,Feminino,Não informado,7,1,533263.12,121103.90,2,2,2,2
2020,Feminino,Parda,17,1,1470486.96,98768.48,2,2,2,2
2020,Feminino,Preta,8,1,622013.79,96159.74,2,2,2,2
2020,Masculino,Amarela,1,0,140836.28,0.00,2,2,2,2
2020,Masculino,Branca,33,6,2722939.40,506372.55,2,2,2,2
2020,Masculino,Não informado,2,0,182072.73,0.00,2,2,2,2
2020,Masculino,Parda,10,0,908756.42,0.00,2,2,2,2
2020,Masculino,Preta,3,0,456551.02,0.00,2,2,2,2
2020,Feminino,Branca,12,0,6257087.06,0.00,2,2,4,2
2020,Feminino,Não informado,3,0,938353.74,0.00,2,2,4,2
2020,Feminino,Parda,2,0,609091.50,0.00,2,2,4,2
2020,Feminino,Preta,1,0,256333.47,0.00,2,2,4,2
2020,Masculino,Branca,2,0,556319.97,0.00,2,2,4,2
2020,Masculino,Não informado,3,0,1019134.53,0.00,2,2,4,2
2020,Masculino,Parda,3,0,2087341.76,0.00,2,2,4,2
2020,Feminino,Branca,5,1,275389.38,52361.94,2,2,5,2
2020,Masculino,Amarela,1,0,87130.16,0.00,2,2,5,2
2020,Masculino,Branca,3,0,218384.77,0.00,2,2,5,2
2020,Masculino,Parda,1,0,50661.13,0.00,2,2,5,2
2020,Feminino,Amarela,2,0,290576.37,0.00,2,2,14,2
2020,Feminino,Branca,52,3,7565205.11,439085.02,2,2,14,2
2020,Feminino,Não informado,13,0,1872357.94,0.00,2,2,14,2
2020,Feminino,Parda,23,0,3560618.05,0.00,2,2,14,2
2020,Feminino,Preta,3,0,460188.57,0.00,2,2,14,2
2020,Masculino,Amarela,1,0,235872.16,0.00,2,2,14,2
2020,Masculino,Branca,44,6,6282375.96,861764.03,2,2,14,2
2020,Masculino,Não informado,11,0,1696487.04,0.00,2,2,14,2
2020,Masculino,Parda,9,0,1603872.44,0.00,2,2,14,2
2020,Masculino,Preta,7,0,1051089.59,0.00,2,2,14,2
2020,Masculino,Não informado,1,0,17267.14,0.00,2,3,3,4
2020,Feminino,Branca,1,1,17200.00,17200.00,2,3,3,6
2020,Feminino,Não informado,1,1,15200.00,15200.00,2,3,3,6
2020,Masculino,Branca,1,0,13700.00,0.00,2,3,3,6
2020,Masculino,Parda,1,0,13200.00,0.00,2,3,3,6
2020,Masculino,Preta,1,1,13200.00,13200.00,2,3,3,6
2020,Feminino,Branca,1,0,69200.00,0.00,2,3,8,3
2020,Masculino,Branca,3,1,217600.00,62400.00,2,3,8,3
2020,Masculino,Não informado,1,0,62400.00,0.00,2,3,8,3
2020,Feminino,Branca,1,1,67600.00,67600.00,2,3,8,6
2020,Feminino,Parda,1,0,51400.00,0.00,2,3,8,6
2020,Masculino,Branca,3,2,146600.00,84200.00,2,3,8,6
2020,Feminino,Branca,1,0,62400.00,0.00,2,3,8,7
2020,Feminino,Branca,26,10,1029600.00,422400.00,2,3,10,1
2020,Feminino,Não informado,3,2,118800.00,79200.00,2,3,10,1
2020,Feminino,Parda,8,2,316800.00,92400.00,2,3,10,1
2020,Feminino,Preta,2,2,79200.00,79200.00,2,3,10,1
2020,Masculino,Branca,31,10,1227600.00,396000.00,2,3,10,1
2020,Masculino,Não informado,12,5,475200.00,250800.00,2,3,10,1
2020,Masculino,Parda,17,5,673200.00,198000.00,2,3,10,1
2020,Masculino,Preta,3,1,118800.00,39600.00,2,3,10,1
2020,Feminino,Branca,35,11,1386000.00,475200.00,2,3,10,3
2020,Feminino,Não informado,6,3,237600.00,158400.00,2,3,10,3
2020,Feminino,Parda,19,6,752400.00,237600.00,2,3,10,3
2020,Feminino,Preta,3,0,118800.00,0.00,2,3,10,3
2020,Masculino,Amarela,1,1,39600.00,39600.00,2,3,10,3
2020,Masculino,Branca,65,26,2600400.00,1148400.00,2,3,10,3
2020,Masculino,Não informado,24,10,950400.00,422400.00,2,3,10,3
2020,Masculino,Parda,30,7,1188000.00,330000.00,2,3,10,3
2020,Masculino,Preta,8,0,316800.00,0.00,2,3,10,3
2020,Feminino,Amarela,1,0,39600.00,0.00,2,3,10,4
2020,Feminino,Branca,9,3,356400.00,118800.00,2,3,10,4
2020,Feminino,Não informado,5,1,198000.00,39600.00,2,3,10,4
2020,Feminino,Parda,9,2,382800.00,105600.00,2,3,10,4
2020,Feminino,Preta,1,0,39600.00,0.00,2,3,10,4
2020,Masculino,Amarela,1,1,39600.00,39600.00,2,3,10,4
2020,Masculino,Branca,22,8,871200.00,316800.00,2,3,10,4
2020,Masculino,Não informado,7,2,277200.00,79200.00,2,3,10,4
2020,Masculino,Parda,11,3,435600.00,145200.00,2,3,10,4
2020,Feminino,Amarela,9,5,356400.00,211200.00,2,3,10,6
2020,Feminino,Branca,259,87,10335600.00,3841200.00,2,3,10,6
2020,Feminino,Indígena,1,1,39600.00,39600.00,2,3,10,6
2020,Feminino,Não informado,37,9,1465200.00,396000.00,2,3,10,6
2020,Feminino,Parda,30,12,1188000.00,501600.00,2,3,10,6
2020,Feminino,Preta,5,1,198000.00,39600.00,2,3,10,6
2020,Masculino,Amarela,10,1,396000.00,39600.00,2,3,10,6
2020,Masculino,Branca,264,128,10586400.00,5979600.00,2,3,10,6
2020,Masculino,Não informado,78,34,3088800.00,1663200.00,2,3,10,6
2020,Masculino,Parda,27,14,1069200.00,673200.00,2,3,10,6
2020,Masculino,Preta,5,1,198000.00,52800.00,2,3,10,6
2020,Feminino,Amarela,3,2,118800.00,79200.00,2,3,10,7
2020,Feminino,Branca,104,41,4118400.00,1729200.00,2,3,10,7
2020,Feminino,Não informado,12,6,475200.00,250800.00,2,3,10,7
2020,Feminino,Parda,2,1,79200.00,39600.00,2,3,10,7
2020,Masculino,Branca,93,40,3709200.00,1834800.00,2,3,10,7
2020,Masculino,Não informado,21,14,831600.00,607200.00,2,3,10,7
2020,Masculino,Parda,3,3,118800.00,118800.00,2,3,10,7
2020,Feminino,Branca,2,1,110700.00,53300.00,2,3,11,1
2020,Feminino,Não informado,1,0,53300.00,0.00,2,3,11,1
2020,Masculino,Branca,1,0,53300.00,0.00,2,3,11,1
2020,Masculino,Preta,1,0,63300.00,0.00,2,3,11,3
2020,Feminino,Branca,8,1,434500.00,53300.00,2,3,11,6
2020,Feminino,Não informado,1,0,53300.00,0.00,2,3,11,6
2020,Feminino,Parda,3,1,159900.00,53300.00,2,3,11,6
2020,Masculino,Parda,2,1,109000.00,53300.00,2,3,11,6
2020,Feminino,Branca,4,0,213200.00,0.00,2,3,11,7
2020,Feminino,Não informado,1,0,53300.00,0.00,2,3,11,7
2020,Masculino,Branca,1,0,53300.00,0.00,2,3,11,7
2020,Feminino,Branca,21,4,1155350.00,216000.00,2,3,12,1
2020,Feminino,Não informado,3,0,167100.00,0.00,2,3,12,1
2020,Feminino,Parda,8,0,432000.00,0.00,2,3,12,1
2020,Feminino,Preta,1,0,59600.00,0.00,2,3,12,1
2020,Masculino,Branca,16,6,887350.00,324000.00,2,3,12,1
2020,Masculino,Não informado,6,1,324000.00,54000.00,2,3,12,1
2020,Masculino,Parda,10,0,544600.00,0.00,2,3,12,1
2020,Masculino,Preta,3,0,162000.00,0.00,2,3,12,1
2020,Feminino,Amarela,1,0,54000.00,0.00,2,3,12,3
2020,Feminino,Branca,36,2,1990950.00,108000.00,2,3,12,3
2020,Feminino,Não informado,4,0,223100.00,0.00,2,3,12,3
2020,Feminino,Parda,28,3,1535400.00,168100.00,2,3,12,3
2020,Feminino,Preta,7,0,297000.00,0.00,2,3,12,3
2020,Masculino,Branca,32,2,1776900.00,108000.00,2,3,12,3
2020,Masculino,Não informado,5,1,276100.00,54000.00,2,3,12,3
2020,Masculino,Parda,24,2,1329700.00,108000.00,2,3,12,3
2020,Masculino,Preta,11,1,613700.00,54000.00,2,3,12,3
2020,Feminino,Branca,10,1,554550.00,59600.00,2,3,12,4
2020,Feminino,Não informado,6,0,332200.00,0.00,2,3,12,4
2020,Feminino,Parda,12,0,658300.00,0.00,2,3,12,4
2020,Masculino,Branca,12,3,672700.00,173700.00,2,3,12,4
2020,Masculino,Não informado,2,0,136100.00,0.00,2,3,12,4
2020,Masculino,Parda,8,2,447200.00,108000.00,2,3,12,4
2020,Masculino,Preta,3,0,166600.00,0.00,2,3,12,4
2020,Feminino,Amarela,6,1,324000.00,54000.00,2,3,12,6
2020,Feminino,Branca,222,36,11988137.00,1953837.00,2,3,12,6
2020,Feminino,Não informado,40,4,2131700.00,216000.00,2,3,12,6
2020,Feminino,Parda,59,7,3241750.00,387000.00,2,3,12,6
2020,Feminino,Preta,12,1,648000.00,54000.00,2,3,12,6
2020,Masculino,Amarela,4,0,225200.00,0.00,2,3,12,6
2020,Masculino,Branca,112,24,6066524.04,1300800.00,2,3,12,6
2020,Masculino,Não informado,36,8,1905600.00,442900.00,2,3,12,6
2020,Masculino,Parda,31,8,1705900.00,436100.00,2,3,12,6
2020,Masculino,Preta,10,0,552300.00,0.00,2,3,12,6
2020,Feminino,Amarela,2,0,112700.00,0.00,2,3,12,7
2020,Feminino,Branca,85,21,4517450.00,1147550.00,2,3,12,7
2020,Feminino,Indígena,1,0,60100.00,0.00,2,3,12,7
2020,Feminino,Não informado,13,2,706100.00,108000.00,2,3,12,7
2020,Feminino,Parda,7,0,389700.00,0.00,2,3,12,7
2020,Feminino,Preta,1,0,54000.00,0.00,2,3,12,7
2020,Masculino,Branca,48,8,2616600.00,436100.00,2,3,12,7
2020,Masculino,Não informado,3,1,170100.00,54000.00,2,3,12,7
2020,Masculino,Parda,8,2,432000.00,108000.00,2,3,12,7
2020,Masculino,Preta,1,0,54000.00,0.00,2,3,12,7
2020,Feminino,Branca,1,0,62350.00,0.00,2,3,13,1
2020,Masculino,Branca,1,0,63000.00,0.00,2,3,13,1
2020,Feminino,Branca,8,1,491800.00,63200.00,2,3,13,3
2020,Feminino,Não informado,1,0,57600.00,0.00,2,3,13,3
2020,Masculino,Branca,4,0,250950.00,0.00,2,3,13,3
2020,Masculino,Não informado,1,0,62500.00,0.00,2,3,13,3
2020,Masculino,Parda,1,0,57600.00,0.00,2,3,13,3
2020,Masculino,Branca,2,0,120200.00,0.00,2,3,13,4
2020,Masculino,Parda,2,0,115200.00,0.00,2,3,13,4
2020,Feminino,Branca,25,10,1444400.00,580400.00,2,3,13,6
2020,Feminino,Não informado,5,0,288000.00,0.00,2,3,13,6
2020,Feminino,Parda,7,1,408311.00,57600.00,2,3,13,6
2020,Feminino,Preta,2,1,115200.00,57600.00,2,3,13,6
2020,Masculino,Amarela,1,0,72000.00,0.00,2,3,13,6
2020,Masculino,Branca,13,1,781500.00,57600.00,2,3,13,6
2020,Masculino,Não informado,5,1,309450.00,57600.00,2,3,13,6
2020,Masculino,Parda,1,0,57600.00,0.00,2,3,13,6
2020,Masculino,Preta,1,0,66400.00,0.00,2,3,13,6
2020,Feminino,Branca,10,0,523400.00,0.00,2,3,13,7
2020,Feminino,Não informado,2,0,115200.00,0.00,2,3,13,7
2020,Masculino,Branca,4,0,230400.00,0.00,2,3,13,7
2020,Feminino,Amarela,1,0,204960.00,0.00,3,1,7,1
2020,Feminino,Branca,11,6,4268679.00,552536.00,3,1,7,1
2020,Feminino,Indígena,1,0,103800.00,0.00,3,1,7,1
2020,Feminino,Não informado,3,0,2808002.90,0.00,3,1,7,1
2020,Feminino,Parda,7,4,3452244.60,658852.00,3,1,7,1
2020,Feminino,Preta,3,0,1498400.00,0.00,3,1,7,1
2020,Masculino,Branca,40,16,17434303.49,2361232.00,3,1,7,1
2020,Masculino,Não informado,7,3,5794480.00,357024.00,3,1,7,1
2020,Masculino,Parda,7,2,1776217.00,370800.00,3,1,7,1
2020,Masculino,Preta,6,0,4939056.00,0.00,3,1,7,1
2020,Masculino,Branca,2,0,910560.00,0.00,3,1,7,2
2020,Feminino,Branca,49,16,22886054.43,3572550.00,3,1,7,3
2020,Feminino,Não informado,11,2,3670168.00,216000.00,3,1,7,3
2020,Feminino,Parda,21,8,6364739.83,1493128.00,3,1,7,3
2020,Feminino,Preta,2,0,1894800.00,0.00,3,1,7,3
2020,Masculino,Amarela,2,2,1136326.67,927320.78,3,1,7,3
2020,Masculino,Branca,77,23,33098303.38,5012610.00,3,1,7,3
2020,Masculino,Indígena,4,4,6168480.00,786048.00,3,1,7,3
2020,Masculino,Não informado,33,12,18195195.72,3716185.34,3,1,7,3
2020,Masculino,Parda,49,13,21595837.34,2223736.00,3,1,7,3
2020,Masculino,Preta,10,4,9828146.00,448824.00,3,1,7,3
2020,Feminino,Branca,6,2,2742403.18,340512.00,3,1,7,4
2020,Feminino,Parda,3,2,2514904.00,1022160.00,3,1,7,4
2020,Feminino,Preta,2,0,2369200.00,0.00,3,1,7,4
2020,Masculino,Branca,20,8,11906540.82,996360.00,3,1,7,4
2020,Masculino,Não informado,3,1,815141.00,80750.00,3,1,7,4
2020,Masculino,Parda,15,7,3842269.70,449537.00,3,1,7,4
2020,Masculino,Preta,2,0,450398.00,0.00,3,1,7,4
2020,Feminino,Amarela,3,2,2201632.00,321024.00,3,1,7,6
2020,Feminino,Branca,107,47,52885202.34,9259290.00,3,1,7,6
2020,Feminino,Não informado,13,2,7143995.98,67000.00,3,1,7,6
2020,Feminino,Parda,6,0,1886980.00,0.00,3,1,7,6
2020,Feminino,Preta,2,0,480994.88,0.00,3,1,7,6
2020,Masculino,Amarela,3,1,3823510.00,1181184.00,3,1,7,6
2020,Masculino,Branca,240,90,126273918.67,16872725.56,3,1,7,6
2020,Masculino,Indígena,3,0,2335608.00,0.00,3,1,7,6
2020,Masculino,Não informado,91,38,58189549.99,7927516.00,3,1,7,6
2020,Masculino,Parda,43,12,15600850.60,1053048.00,3,1,7,6
2020,Masculino,Preta,8,2,3107603.42,32000.00,3,1,7,6
2020,Feminino,Amarela,1,0,253400.00,0.00,3,1,7,7
2020,Feminino,Branca,56,16,30142271.09,2982504.00,3,1,7,7
2020,Feminino,Não informado,10,3,2026008.00,286512.00,3,1,7,7
2020,Feminino,Parda,8,3,1529110.00,80550.00,3,1,7,7
2020,Masculino,Branca,131,38,53763134.78,5209638.59,3,1,7,7
2020,Masculino,Não informado,24,13,11388334.40,2772713.00,3,1,7,7
2020,Masculino,Parda,14,4,8285355.09,338000.00,3,1,7,7
2020,Masculino,Preta,4,3,4643838.00,395912.00,3,1,7,7
2020,Feminino,Amarela,1,0,42176.42,0.00,3,2,2,2
2020,Feminino,Branca,33,0,2646084.04,0.00,3,2,2,2
2020,Feminino,Não informado,4,0,299220.92,0.00,3,2,2,2
2020,Feminino,Parda,11,1,1070424.29,35358.35,3,2,2,2
2020,Feminino,Preta,4,0,344841.16,0.00,3,2,2,2
2020,Masculino,Branca,47,2,4349162.77,241760.24,3,2,2,2
2020,Masculino,Indígena,1,0,94096.54,0.00,3,2,2,2
2020,Masculino,Não informado,13,0,1201646.06,0.00,3,2,2,2
2020,Masculino,Parda,22,0,2050681.74,0.00,3,2,2,2
2020,Masculino,Preta,4,0,276909.03,0.00,3,2,2,2
2020,Feminino,Branca,7,0,3416977.02,0.00,3,2,4,2
2020,Feminino,Não informado,2,0,688726.55,0.00,3,2,4,2
2020,Feminino,Parda,1,0,506276.34,0.00,3,2,4,2
2020,Masculino,Branca,12,0,5262869.13,0.00,3,2,4,2
2020,Masculino,Não informado,1,0,341324.42,0.00,3,2,4,2
2020,Masculino,Parda,2,0,711434.67,0.00,3,2,4,2
2020,Masculino,Preta,1,0,336785.79,0.00,3,2,4,2
2020,Feminino,Branca,1,0,87494.96,0.00,3,2,5,2
2020,Masculino,Branca,11,1,858618.46,57471.83,3,2,5,2
2020,Masculino,Não informado,2,0,143626.25,0.00,3,2,5,2
2020,Masculino,Parda,1,0,112749.00,0.00,3,2,5,2
2020,Feminino,Amarela,1,0,152699.83,0.00,3,2,14,2
2020,Feminino,Branca,43,1,6424390.28,144439.12,3,2,14,2
2020,Feminino,Não informado,7,0,1049462.07,0.00,3,2,14,2
2020,Feminino,Parda,16,0,2346609.00,0.00,3,2,14,2
2020,Feminino,Preta,1,0,137357.68,0.00,3,2,14,2
2020,Masculino,Amarela,3,0,443573.09,0.00,3,2,14,2
2020,Masculino,Branca,86,2,12603574.38,295209.61,3,2,14,2
2020,Masculino,Indígena,1,0,145741.30,0.00,3,2,14,2
2020,Masculino,Não informado,15,0,1954795.81,0.00,3,2,14,2
2020,Masculino,Parda,32,0,4569213.02,0.00,3,2,14,2
2020,Masculino,Preta,6,0,909485.68,0.00,3,2,14,2
2020,Masculino,Branca,1,0,13200.00,0.00,3,3,1,6
2020,Feminino,Parda,1,1,9800.00,9800.00,3,3,3,1
2020,Masculino,Amarela,1,0,15400.00,0.00,3,3,3,3
2020,Feminino,Parda,1,1,15400.00,15400.00,3,3,3,6
2020,Masculino,Branca,2,1,31900.00,14700.00,3,3,3,6
2020,Masculino,Branca,1,0,14200.00,0.00,3,3,3,7
2020,Masculino,Não informado,1,0,16400.00,0.00,3,3,3,7
2020,Masculino,Não informado,1,0,68300.00,0.00,3,3,8,1
2020,Masculino,Parda,1,0,72800.00,0.00,3,3,8,1
2020,Masculino,Branca,2,0,85200.00,0.00,3,3,8,3
2020,Masculino,Parda,1,0,43400.00,0.00,3,3,8,3
2020,Masculino,Preta,1,0,75600.00,0.00,3,3,8,3
2020,Masculino,Branca,1,0,62400.00,0.00,3,3,8,4
2020,Masculino,Não informado,1,0,91600.00,0.00,3,3,8,4
2020,Feminino,Branca,2,1,97900.00,29800.00,3,3,8,6
2020,Masculino,Branca,7,2,366800.00,124800.00,3,3,8,6
2020,Masculino,Parda,1,0,62400.00,0.00,3,3,8,6
2020,Masculino,Branca,1,0,40590.00,0.00,3,3,8,7
2020,Masculino,Não informado,1,0,55000.00,0.00,3,3,8,7
2020,Masculino,Parda,1,0,70600.00,0.00,3,3,8,7
2020,Feminino,Amarela,2,0,79200.00,0.00,3,3,10,1
2020,Feminino,Branca,18,6,712800.00,264000.00,3,3,10,1
2020,Feminino,Não informado,5,2,198000.00,79200.00,3,3,10,1
2020,Feminino,Parda,7,1,277200.00,39600.00,3,3,10,1
2020,Masculino,Amarela,4,0,158400.00,0.00,3,3,10,1
2020,Masculino,Branca,76,26,3009600.00,1148400.00,3,3,10,1
2020,Masculino,Não informado,15,6,594000.00,277200.00,3,3,10,1
2020,Masculino,Parda,23,11,910800.00,488400.00,3,3,10,1
2020,Masculino,Preta,5,1,198000.00,39600.00,3,3,10,1
2020,Feminino,Amarela,4,0,158400.00,0.00,3,3,10,3
2020,Feminino,Branca,51,14,2019600.00,594000.00,3,3,10,3
2020,Feminino,Não informado,15,3,594000.00,118800.00,3,3,10,3
2020,Feminino,Parda,21,5,831600.00,211200.00,3,3,10,3
2020,Feminino,Preta,3,0,118800.00,0.00,3,3,10,3
2020,Masculino,Amarela,1,0,39600.00,0.00,3,3,10,3
2020,Masculino,Branca,161,53,6402000.00,2376000.00,3,3,10,3
2020,Masculino,Indígena,1,1,39600.00,39600.00,3,3,10,3
2020,Masculino,Não informado,68,33,2692800.00,1386000.00,3,3,10,3
2020,Masculino,Parda,118,29,4672800.00,1267200.00,3,3,10,3
2020,Masculino,Preta,21,4,858000.00,184800.00,3,3,10,3
2020,Feminino,Branca,6,2,237600.00,79200.00,3,3,10,4
2020,Feminino,Não informado,3,1,118800.00,39600.00,3,3,10,4
2020,Feminino,Parda,7,1,277200.00,39600.00,3,3,10,4
2020,Masculino,Branca,24,12,950400.00,541200.00,3,3,10,4
2020,Masculino,Não informado,8,2,316800.00,92400.00,3,3,10,4
2020,Masculino,Parda,20,3,792000.00,118800.00,3,3,10,4
2020,Masculino,Preta,3,0,118800.00,0.00,3,3,10,4
2020,Feminino,Amarela,2,1,79200.00,39600.00,3,3,10,6
2020,Feminino,Branca,170,53,6732000.00,2230800.00,3,3,10,6
2020,Feminino,Não informado,34,15,1346400.00,699600.00,3,3,10,6
2020,Feminino,Parda,29,9,1148400.00,369600.00,3,3,10,6
2020,Feminino,Preta,2,2,79200.00,79200.00,3,3,10,6
2020,Masculino,Amarela,9,3,382800.00,158400.00,3,3,10,6
2020,Masculino,Branca,541,212,21608400.00,9741600.00,3,3,10,6
2020,Masculino,Indígena,5,2,198000.00,79200.00,3,3,10,6
2020,Masculino,Não informado,193,79,7748400.00,3735600.00,3,3,10,6
2020,Masculino,Parda,92,35,3643200.00,1478400.00,3,3,10,6
2020,Masculino,Preta,18,4,712800.00,171600.00,3,3,10,6
2020,Feminino,Amarela,3,0,118800.00,0.00,3,3,10,7
2020,Feminino,Branca,75,25,2970000.00,1056000.00,3,3,10,7
2020,Feminino,Não informado,12,3,475200.00,118800.00,3,3,10,7
2020,Feminino,Parda,12,3,475200.00,118800.00,3,3,10,7
2020,Feminino,Preta,1,0,39600.00,0.00,3,3,10,7
2020,Masculino,Amarela,3,1,118800.00,39600.00,3,3,10,7
2020,Masculino,Branca,219,79,8830800.00,3564000.00,3,3,10,7
2020,Masculino,Não informado,52,16,2112000.00,765600.00,3,3,10,7
2020,Masculino,Parda,17,6,673200.00,237600.00,3,3,10,7
2020,Masculino,Preta,2,1,79200.00,39600.00,3,3,10,7
2020,Feminino,Preta,1,0,53300.00,0.00,3,3,11,3
2020,Feminino,Branca,1,1,53300.00,53300.00,3,3,11,6
2020,Feminino,Não informado,1,1,53300.00,53300.00,3,3,11,6
2020,Feminino,Parda,1,1,53300.00,53300.00,3,3,11,6
2020,Masculino,Branca,1,0,53300.00,0.00,3,3,11,6
2020,Masculino,Não informado,1,1,53300.00,53300.00,3,3,11,6
2020,Masculino,Preta,1,1,53300.00,53300.00,3,3,11,6
2020,Feminino,Branca,10,1,536700.00,54000.00,3,3,12,1
2020,Feminino,Parda,2,0,58900.00,0.00,3,3,12,1
2020,Masculino,Branca,9,2,518000.00,108000.00,3,3,12,1
2020,Masculino,Indígena,1,0,62200.00,0.00,3,3,12,1
2020,Masculino,Não informado,3,2,179700.00,114600.00,3,3,12,1
2020,Masculino,Parda,4,1,216000.00,54000.00,3,3,12,1
2020,Masculino,Preta,2,0,108000.00,0.00,3,3,12,1
2020,Feminino,Branca,12,1,660000.00,54000.00,3,3,12,3
2020,Feminino,Não informado,6,2,332200.00,108000.00,3,3,12,3
2020,Feminino,Parda,18,0,953200.00,0.00,3,3,12,3
2020,Feminino,Preta,3,1,108000.00,54000.00,3,3,12,3
2020,Masculino,Amarela,2,1,108000.00,54000.00,3,3,12,3
2020,Masculino,Branca,24,6,1341050.00,345150.00,3,3,12,3
2020,Masculino,Não informado,9,3,491100.00,162000.00,3,3,12,3
2020,Masculino,Parda,32,7,1775266.00,392300.00,3,3,12,3
2020,Masculino,Preta,3,0,166100.00,0.00,3,3,12,3
2020,Feminino,Branca,2,0,114100.00,0.00,3,3,12,4
2020,Feminino,Não informado,1,1,58850.00,58850.00,3,3,12,4
2020,Feminino,Parda,3,1,171200.00,54000.00,3,3,12,4
2020,Masculino,Branca,2,0,108000.00,0.00,3,3,12,4
2020,Masculino,Não informado,3,2,167100.00,113100.00,3,3,12,4
2020,Masculino,Parda,12,3,665500.00,169100.00,3,3,12,4
2020,Masculino,Preta,1,0,54000.00,0.00,3,3,12,4
2020,Feminino,Amarela,2,0,108000.00,0.00,3,3,12,6
2020,Feminino,Branca,85,24,4727930.00,1319500.00,3,3,12,6
2020,Feminino,Não informado,22,5,1186900.00,279100.00,3,3,12,6
2020,Feminino,Parda,33,8,1803550.00,453550.00,3,3,12,6
2020,Feminino,Preta,6,1,330100.00,54000.00,3,3,12,6
2020,Masculino,Amarela,4,1,220130.00,58130.00,3,3,12,6
2020,Masculino,Branca,125,46,6793550.00,2551100.00,3,3,12,6
2020,Masculino,Indígena,2,1,108000.00,54000.00,3,3,12,6
2020,Masculino,Não informado,47,14,2615600.00,787100.00,3,3,12,6
2020,Masculino,Parda,45,14,2482850.00,783250.00,3,3,12,6
2020,Masculino,Preta,13,4,711600.00,225600.00,3,3,12,6
2020,Feminino,Amarela,1,0,54000.00,0.00,3,3,12,7
2020,Feminino,Branca,55,15,2957616.00,824316.00,3,3,12,7
2020,Feminino,Não informado,2,0,108000.00,0.00,3,3,12,7
2020,Feminino,Parda,8,0,436850.00,0.00,3,3,12,7
2020,Feminino,Preta,2,0,113100.00,0.00,3,3,12,7
2020,Masculino,Branca,50,21,2752000.00,1175350.00,3,3,12,7
2020,Masculino,Não informado,11,1,606200.00,54000.00,3,3,12,7
2020,Masculino,Parda,9,6,504200.00,342200.00,3,3,12,7
2020,Masculino,Preta,1,0,54000.00,0.00,3,3,12,7
2020,Masculino,Branca,1,0,62700.00,0.00,3,3,13,1
2020,Masculino,Parda,1,0,57600.00,0.00,3,3,13,1
2020,Masculino,Branca,1,0,65000.00,0.00,3,3,13,2
2020,Feminino,Branca,3,1,172800.00,57600.00,3,3,13,3
2020,Masculino,Branca,4,2,239500.00,120600.00,3,3,13,3
2020,Masculino,Não informado,3,0,177950.00,0.00,3,3,13,3
2020,Masculino,Parda,4,1,251300.00,68500.00,3,3,13,3
2020,Masculino,Preta,1,0,63500.00,0.00,3,3,13,3
2020,Feminino,Amarela,1,0,62000.00,0.00,3,3,13,4
2020,Masculino,Parda,1,1,63200.00,63200.00,3,3,13,4
2020,Feminino,Amarela,1,0,57600.00,0.00,3,3,13,6
2020,Feminino,Branca,15,1,858600.00,57600.00,3,3,13,6
2020,Feminino,Não informado,1,1,44300.00,44300.00,3,3,13,6
2020,Feminino,Parda,4,1,238100.00,57600.00,3,3,13,6
2020,Masculino,Branca,17,7,1002250.00,427150.00,3,3,13,6
2020,Masculino,Não informado,11,1,627200.00,57600.00,3,3,13,6
2020,Masculino,Parda,7,2,347000.00,122600.00,3,3,13,6
2020,Feminino,Branca,2,0,115200.00,0.00,3,3,13,7
2020,Masculino,Branca,8,2,433700.00,125600.00,3,3,13,7
2020,Feminino,Branca,27,10,13963024.58,1110560.00,4,1,7,1
2020,Feminino,Indígena,2,0,481536.00,0.00,4,1,7,1
2020,Feminino,Parda,3,1,530000.00,20000.00,4,1,7,1
2020,Feminino,Preta,2,0,244262.00,0.00,4,1,7,1
2020,Masculino,Branca,29,6,10013511.05,337600.00,4,1,7,1
2020,Masculino,Não informado,5,2,2069244.00,160512.00,4,1,7,1
2020,Masculino,Parda,7,3,1628958.00,115400.00,4,1,7,1
2020,Feminino,Branca,1,1,360000.00,216000.00,4,1,7,2
2020,Feminino,Branca,39,19,21362016.82,3249570.00,4,1,7,3
2020,Feminino,Não informado,8,3,3716533.00,357024.00,4,1,7,3
2020,Feminino,Parda,12,4,4905270.50,843750.50,4,1,7,3
2020,Feminino,Preta,3,1,778705.60,80000.00,4,1,7,3
2020,Masculino,Amarela,1,0,97690.00,0.00,4,1,7,3
2020,Masculino,Branca,30,5,17260056.24,663036.00,4,1,7,3
2020,Masculino,Não informado,8,3,6190014.40,465024.00,4,1,7,3
2020,Masculino,Parda,22,12,6391515.79,1114136.00,4,1,7,3
2020,Masculino,Preta,4,0,1556460.00,0.00,4,1,7,3
2020,Feminino,Branca,6,3,1775584.00,146000.00,4,1,7,4
2020,Feminino,Não informado,4,1,962560.00,50000.00,4,1,7,4
2020,Feminino,Parda,1,0,195080.00,0.00,4,1,7,4
2020,Masculino,Amarela,2,1,963072.00,72000.00,4,1,7,4
2020,Masculino,Branca,7,2,635892.66,133360.00,4,1,7,4
2020,Masculino,Não informado,5,1,2407388.54,124512.00,4,1,7,4
2020,Masculino,Parda,3,0,166225.70,0.00,4,1,7,4
2020,Masculino,Preta,1,0,29000.00,0.00,4,1,7,4
2020,Feminino,Branca,103,47,50012644.08,5337312.00,4,1,7,6
2020,Feminino,Não informado,14,9,4985567.58,910560.00,4,1,7,6
2020,Feminino,Parda,12,6,5538452.60,613536.00,4,1,7,6
2020,Feminino,Preta,6,4,3365499.00,445536.00,4,1,7,6
2020,Masculino,Amarela,1,1,19900.00,19600.00,4,1,7,6
2020,Masculino,Branca,119,52,74493584.23,6402864.04,4,1,7,6
2020,Masculino,Indígena,2,2,1965120.00,357024.00,4,1,7,6
2020,Masculino,Não informado,28,14,11691637.00,2784384.00,4,1,7,6
2020,Masculino,Parda,26,7,10461951.00,942072.00,4,1,7,6
2020,Masculino,Preta,4,0,1442135.00,0.00,4,1,7,6
2020,Feminino,Amarela,2,0,642048.00,0.00,4,1,7,7
2020,Feminino,Branca,63,14,24683281.21,1749584.00,4,1,7,7
2020,Feminino,Não informado,7,2,2706320.00,285024.00,4,1,7,7
2020,Feminino,Parda,4,1,1133333.00,18000.00,4,1,7,7
2020,Feminino,Preta,2,1,518048.00,19050.00,4,1,7,7
2020,Masculino,Branca,72,29,36791949.64,4358966.00,4,1,7,7
2020,Masculino,Não informado,11,4,6343547.20,570048.00,4,1,7,7
2020,Masculino,Parda,4,3,620664.00,121000.00,4,1,7,7
2020,Feminino,Amarela,1,0,62381.19,0.00,4,2,2,2
2020,Feminino,Branca,33,3,2444370.40,185175.93,4,2,2,2
2020,Feminino,Não informado,7,0,551129.37,0.00,4,2,2,2
2020,Feminino,Parda,10,0,588058.70,0.00,4,2,2,2
2020,Feminino,Preta,4,0,255231.80,0.00,4,2,2,2
2020,Masculino,Amarela,1,0,97643.49,0.00,4,2,2,2
2020,Masculino,Branca,23,0,1777063.84,0.00,4,2,2,2
2020,Masculino,Indígena,1,0,68617.23,0.00,4,2,2,2
2020,Masculino,Não informado,2,0,248638.30,0.00,4,2,2,2
2020,Masculino,Parda,4,0,252501.69,0.00,4,2,2,2
2020,Masculino,Preta,4,0,270127.96,0.00,4,2,2,2
2020,Feminino,Branca,11,0,3300401.24,0.00,4,2,4,2
2020,Feminino,Não informado,1,0,286629.19,0.00,4,2,4,2
2020,Feminino,Parda,6,0,2037786.82,0.00,4,2,4,2
2020,Masculino,Branca,10,0,2654641.58,0.00,4,2,4,2
2020,Masculino,Não informado,3,0,1087548.95,0.00,4,2,4,2
2020,Masculino,Parda,6,0,1423609.55,0.00,4,2,4,2
2020,Masculino,Preta,2,0,686305.85,0.00,4,2,4,2
2020,Feminino,Branca,3,1,229642.74,43185.13,4,2,5,2
2020,Feminino,Não informado,1,0,47423.44,0.00,4,2,5,2
2020,Masculino,Branca,8,4,629306.10,280269.62,4,2,5,2
2020,Masculino,Não informado,1,1,96411.71,108955.77,4,2,5,2
2020,Feminino,Amarela,1,0,150629.37,0.00,4,2,14,2
2020,Feminino,Branca,55,2,7172997.87,297868.09,4,2,14,2
2020,Feminino,Indígena,1,0,143527.31,0.00,4,2,14,2
2020,Feminino,Não informado,12,0,1533803.26,0.00,4,2,14,2
2020,Feminino,Parda,17,0,2168228.44,0.00,4,2,14,2
2020,Feminino,Preta,2,0,220950.97,0.00,4,2,14,2
2020,Masculino,Amarela,1,0,147831.98,0.00,4,2,14,2
2020,Masculino,Branca,52,2,6756150.34,260070.95,4,2,14,2
2020,Masculino,Não informado,19,2,2545855.48,246469.04,4,2,14,2
2020,Masculino,Parda,14,0,1818228.78,0.00,4,2,14,2
2020,Masculino,Preta,7,0,896723.24,0.00,4,2,14,2
2020,Masculino,Não informado,1,0,11000.00,0.00,4,3,3,1
2020,Feminino,Branca,2,2,28400.00,28400.00,4,3,3,6
2020,Masculino,Branca,1,1,13200.00,13200.00,4,3,3,6
2020,Masculino,Não informado,1,0,13200.00,0.00,4,3,3,6
2020,Feminino,Preta,1,1,15200.00,15200.00,4,3,3,7
2020,Masculino,Parda,1,1,46400.00,46400.00,4,3,8,3
2020,Feminino,Parda,1,0,70600.00,0.00,4,3,8,4
2020,Feminino,Não informado,1,1,62400.00,62400.00,4,3,8,6
2020,Masculino,Branca,1,1,62400.00,62400.00,4,3,8,6
2020,Feminino,Branca,3,2,179900.00,143200.00,4,3,8,7
2020,Masculino,Não informado,1,0,62400.00,0.00,4,3,8,7
2020,Feminino,Branca,43,14,1782000.00,594000.00,4,3,10,1
2020,Feminino,Não informado,6,3,237600.00,118800.00,4,3,10,1
2020,Feminino,Parda,9,1,356400.00,39600.00,4,3,10,1
2020,Feminino,Preta,1,0,39600.00,0.00,4,3,10,1
2020,Masculino,Amarela,1,1,39600.00,39600.00,4,3,10,1
2020,Masculino,Branca,36,11,1478400.00,514800.00,4,3,10,1
2020,Masculino,Não informado,21,6,858000.00,237600.00,4,3,10,1
2020,Masculino,Parda,21,3,858000.00,118800.00,4,3,10,1
2020,Masculino,Preta,3,0,118800.00,0.00,4,3,10,1
2020,Feminino,Branca,65,17,2626800.00,699600.00,4,3,10,3
2020,Feminino,Indígena,1,0,39600.00,0.00,4,3,10,3
2020,Feminino,Não informado,10,1,422400.00,39600.00,4,3,10,3
2020,Feminino,Parda,38,7,1504800.00,277200.00,4,3,10,3
2020,Feminino,Preta,8,1,343200.00,39600.00,4,3,10,3
2020,Masculino,Branca,61,14,2442000.00,633600.00,4,3,10,3
2020,Masculino,Indígena,1,0,39600.00,0.00,4,3,10,3
2020,Masculino,Não informado,23,3,937200.00,145200.00,4,3,10,3
2020,Masculino,Parda,41,15,1623600.00,620400.00,4,3,10,3
2020,Masculino,Preta,10,4,396000.00,158400.00,4,3,10,3
2020,Feminino,Branca,14,8,554400.00,330000.00,4,3,10,4
2020,Feminino,Não informado,1,0,39600.00,0.00,4,3,10,4
2020,Feminino,Parda,6,0,237600.00,0.00,4,3,10,4
2020,Feminino,Preta,4,2,158400.00,92400.00,4,3,10,4
2020,Masculino,Branca,17,3,699600.00,132000.00,4,3,10,4
2020,Masculino,Não informado,6,2,237600.00,79200.00,4,3,10,4
2020,Masculino,Parda,12,3,475200.00,132000.00,4,3,10,4
2020,Masculino,Preta,5,0,224400.00,0.00,4,3,10,4
2020,Feminino,Amarela,5,1,198000.00,39600.00,4,3,10,6
2020,Feminino,Branca,242,80,9741600.00,3643200.00,4,3,10,6
2020,Feminino,Indígena,1,0,39600.00,0.00,4,3,10,6
2020,Feminino,Não informado,31,15,1254000.00,686400.00,4,3,10,6
2020,Feminino,Parda,28,9,1135200.00,409200.00,4,3,10,6
2020,Feminino,Preta,8,2,316800.00,79200.00,4,3,10,6
2020,Masculino,Amarela,3,0,118800.00,0.00,4,3,10,6
2020,Masculino,Branca,202,72,8078400.00,3207600.00,4,3,10,6
2020,Masculino,Indígena,3,2,118800.00,79200.00,4,3,10,6
2020,Masculino,Não informado,69,26,2758800.00,1069200.00,4,3,10,6
2020,Masculino,Parda,39,10,1544400.00,435600.00,4,3,10,6
2020,Masculino,Preta,10,1,396000.00,39600.00,4,3,10,6
2020,Feminino,Amarela,1,0,39600.00,0.00,4,3,10,7
2020,Feminino,Branca,191,53,7722000.00,2310000.00,4,3,10,7
2020,Feminino,Não informado,16,3,660000.00,145200.00,4,3,10,7
2020,Feminino,Parda,9,4,356400.00,158400.00,4,3,10,7
2020,Feminino,Preta,2,1,79200.00,39600.00,4,3,10,7
2020,Masculino,Branca,129,38,5161200.00,1768800.00,4,3,10,7
2020,Masculino,Indígena,1,1,39600.00,52800.00,4,3,10,7
2020,Masculino,Não informado,31,12,1227600.00,514800.00,4,3,10,7
2020,Masculino,Parda,13,3,541200.00,118800.00,4,3,10,7
2020,Masculino,Preta,4,0,158400.00,0.00,4,3,10,7
2020,Feminino,Branca,6,0,330600.00,0.00,4,3,12,1
2020,Feminino,Parda,2,1,117550.00,58850.00,4,3,12,1
2020,Feminino,Preta,2,1,108000.00,54000.00,4,3,12,1
2020,Masculino,Branca,1,1,54000.00,54000.00,4,3,12,1
2020,Masculino,Não informado,1,1,58500.00,58500.00,4,3,12,1
2020,Masculino,Parda,2,0,114100.00,0.00,4,3,12,1
2020,Feminino,Branca,1,0,62200.00,0.00,4,3,12,2
2020,Feminino,Amarela,1,0,54000.00,0.00,4,3,12,3
2020,Feminino,Branca,6,0,328850.00,0.00,4,3,12,3
2020,Feminino,Não informado,2,2,113100.00,113100.00,4,3,12,3
2020,Feminino,Parda,6,0,346700.00,0.00,4,3,12,3
2020,Feminino,Preta,1,0,33100.00,0.00,4,3,12,3
2020,Masculino,Branca,5,0,283500.00,0.00,4,3,12,3
2020,Masculino,Não informado,2,1,116200.00,54000.00,4,3,12,3
2020,Masculino,Parda,3,0,167600.00,0.00,4,3,12,3
2020,Masculino,Preta,3,0,162000.00,0.00,4,3,12,3
2020,Feminino,Branca,2,0,113100.00,0.00,4,3,12,4
2020,Feminino,Parda,1,0,59100.00,0.00,4,3,12,4
2020,Masculino,Branca,3,1,169100.00,61100.00,4,3,12,4
2020,Feminino,Branca,62,8,3301687.00,432000.00,4,3,12,6
2020,Feminino,Não informado,14,4,751000.00,216000.00,4,3,12,6
2020,Feminino,Parda,9,0,503200.00,0.00,4,3,12,6
2020,Feminino,Preta,4,1,221000.00,54000.00,4,3,12,6
2020,Masculino,Branca,41,7,2270750.00,382300.00,4,3,12,6
2020,Masculino,Indígena,1,0,54000.00,0.00,4,3,12,6
2020,Masculino,Não informado,18,4,980913.01,230200.00,4,3,12,6
2020,Masculino,Parda,15,1,831000.00,70100.00,4,3,12,6
2020,Masculino,Preta,6,2,332500.00,112100.00,4,3,12,6
2020,Feminino,Branca,34,8,1808600.00,446000.00,4,3,12,7
2020,Feminino,Não informado,6,0,324000.00,0.00,4,3,12,7
2020,Feminino,Parda,4,0,194780.00,0.00,4,3,12,7
2020,Feminino,Preta,1,0,61100.00,0.00,4,3,12,7
2020,Masculino,Amarela,1,0,58600.00,0.00,4,3,12,7
2020,Masculino,Branca,18,4,974500.00,216000.00,4,3,12,7
2020,Masculino,Não informado,3,0,172200.00,0.00,4,3,12,7
2020,Masculino,Parda,3,0,162000.00,0.00,4,3,12,7
2020,Masculino,Preta,3,1,153500.00,59100.00,4,3,12,7
2020,Feminino,Branca,1,0,62600.00,0.00,4,3,13,1
2020,Masculino,Branca,1,0,57600.00,0.00,4,3,13,1
2020,Feminino,Branca,2,1,130000.00,66000.00,4,3,13,3
2020,Masculino,Branca,2,0,125500.00,0.00,4,3,13,3
2020,Masculino,Parda,2,0,97200.00,0.00,4,3,13,3
2020,Masculino,Não informado,1,0,63300.00,0.00,4,3,13,4
2020,Masculino,Parda,1,0,64000.00,0.00,4,3,13,4
2020,Masculino,Preta,1,0,64500.00,0.00,4,3,13,4
2020,Feminino,Branca,15,3,844518.00,181318.00,4,3,13,6
2020,Feminino,Não informado,2,1,127300.00,62300.00,4,3,13,6
2020,Feminino,Parda,4,3,223380.00,157380.00,4,3,13,6
2020,Feminino,Preta,1,0,62000.00,0.00,4,3,13,6
2020,Masculino,Branca,3,0,181600.00,0.00,4,3,13,6
2020,Masculino,Não informado,3,0,211000.00,0.00,4,3,13,6
2020,Masculino,Parda,4,2,251100.00,127100.00,4,3,13,6
2020,Feminino,Branca,3,2,182600.00,119600.00,4,3,13,7
2020,Masculino,Branca,2,0,77400.00,0.00,4,3,13,7
2020,Masculino,Preta,1,0,63200.00,0.00,4,3,13,7
2020,Feminino,Branca,14,3,6505038.29,124400.00,5,1,7,1
2020,Masculino,Amarela,1,0,1000940.00,0.00,5,1,7,1
2020,Masculino,Branca,13,5,4403618.57,266512.00,5,1,7,1
2020,Masculino,Não informado,2,0,384300.00,0.00,5,1,7,1
2020,Masculino,Preta,1,0,324420.00,0.00,5,1,7,1
2020,Feminino,Branca,2,2,1486560.00,412512.00,5,1,7,2
2020,Feminino,Branca,20,4,7795573.26,465024.00,5,1,7,3
2020,Feminino,Não informado,5,1,2381351.23,199680.00,5,1,7,3
2020,Feminino,Parda,7,3,1133157.70,229199.00,5,1,7,3
2020,Feminino,Preta,2,0,481536.00,0.00,5,1,7,3
2020,Masculino,Branca,14,2,4350322.00,207400.00,5,1,7,3
2020,Masculino,Indígena,1,0,84776.00,0.00,5,1,7,3
2020,Masculino,Não informado,13,5,4764692.00,625536.00,5,1,7,3
2020,Masculino,Parda,15,6,5539132.35,1900896.00,5,1,7,3
2020,Masculino,Preta,1,1,148548.09,20000.00,5,1,7,3
2020,Feminino,Branca,6,2,3183640.00,393024.00,5,1,7,4
2020,Feminino,Parda,2,1,217043.00,17353.00,5,1,7,4
2020,Masculino,Branca,4,1,903476.00,50000.00,5,1,7,4
2020,Masculino,Não informado,1,0,87718.00,0.00,5,1,7,4
2020,Masculino,Parda,9,1,3800661.15,171478.00,5,1,7,4
2020,Masculino,Preta,1,0,254059.00,0.00,5,1,7,4
2020,Masculino,Branca,1,0,108000.00,0.00,5,1,7,5
2020,Feminino,Amarela,1,1,144000.00,72000.00,5,1,7,6
2020,Feminino,Branca,77,28,43521183.00,4893479.00,5,1,7,6
2020,Feminino,Não informado,18,5,9125842.56,573536.00,5,1,7,6
2020,Feminino,Parda,4,2,2489968.00,86000.00,5,1,7,6
2020,Feminino,Preta,3,0,1533120.00,0.00,5,1,7,6
2020,Masculino,Amarela,4,3,4419360.00,232512.00,5,1,7,6
2020,Masculino,Branca,112,40,44541072.46,4073139.00,5,1,7,6
2020,Masculino,Indígena,1,1,63300.00,63300.00,5,1,7,6
2020,Masculino,Não informado,11,5,7617870.00,369712.00,5,1,7,6
2020,Masculino,Parda,7,2,4073943.41,160512.00,5,1,7,6
2020,Masculino,Preta,6,0,2652999.00,0.00,5,1,7,6
2020,Feminino,Branca,57,15,20543778.21,1152560.00,5,1,7,7
2020,Feminino,Não informado,7,0,3327407.00,0.00,5,1,7,7
2020,Feminino,Parda,1,0,38080.00,0.00,5,1,7,7
2020,Feminino,Preta,4,0,1284096.00,0.00,5,1,7,7
2020,Masculino,Amarela,3,1,734198.00,20000.00,5,1,7,7
2020,Masculino,Branca,90,16,32779467.01,1776096.00,5,1,7,7
2020,Masculino,Não informado,7,0,1705244.00,0.00,5,1,7,7
2020,Masculino,Parda,5,0,1007090.00,0.00,5,1,7,7
2020,Feminino,Branca,25,2,1861792.86,160619.61,5,2,2,2
2020,Feminino,Não informado,2,0,224325.74,0.00,5,2,2,2
2020,Feminino,Parda,4,0,424783.64,0.00,5,2,2,2
2020,Feminino,Preta,2,0,94630.67,0.00,5,2,2,2
2020,Masculino,Branca,24,1,1985470.73,99085.49,5,2,2,2
2020,Masculino,Não informado,2,1,152721.58,57194.68,5,2,2,2
2020,Masculino,Parda,3,0,261996.22,0.00,5,2,2,2
2020,Feminino,Branca,14,0,3560082.61,0.00,5,2,4,2
2020,Feminino,Não informado,4,0,1194847.56,0.00,5,2,4,2
2020,Feminino,Parda,3,0,771272.12,0.00,5,2,4,2
2020,Feminino,Preta,1,0,309744.11,0.00,5,2,4,2
2020,Masculino,Branca,8,0,3202000.56,0.00,5,2,4,2
2020,Masculino,Não informado,2,0,420950.31,0.00,5,2,4,2
2020,Masculino,Parda,3,0,996451.65,0.00,5,2,4,2
2020,Masculino,Branca,1,1,81752.67,82772.02,5,2,5,2
2020,Masculino,Não informado,1,0,87512.43,0.00,5,2,5,2
2020,Feminino,Branca,35,2,4662670.64,245568.25,5,2,14,2
2020,Feminino,Não informado,2,0,245964.84,0.00,5,2,14,2
2020,Feminino,Parda,5,0,787075.86,0.00,5,2,14,2
2020,Feminino,Preta,4,0,545988.81,0.00,5,2,14,2
2020,Masculino,Amarela,1,0,169848.94,0.00,5,2,14,2
2020,Masculino,Branca,36,3,4761019.29,379661.15,5,2,14,2
2020,Masculino,Não informado,12,1,1611835.82,179284.86,5,2,14,2
2020,Masculino,Parda,6,0,904761.61,0.00,5,2,14,2
2020,Masculino,Preta,1,0,121240.39,0.00,5,2,14,2
2020,Feminino,Branca,1,0,13950.00,0.00,5,3,3,3
2020,Masculino,Branca,1,0,8800.00,0.00,5,3,3,6
2020,Feminino,Branca,2,1,109700.00,40900.00,5,3,8,3
2020,Feminino,Branca,2,1,140000.00,62400.00,5,3,8,6
2020,Masculino,Branca,3,2,158800.00,96400.00,5,3,8,6
2020,Masculino,Branca,1,0,72600.00,0.00,5,3,8,7
2020,Feminino,Branca,19,7,752400.00,277200.00,5,3,10,1
2020,Feminino,Não informado,1,0,39600.00,0.00,5,3,10,1
2020,Feminino,Parda,3,0,118800.00,0.00,5,3,10,1
2020,Feminino,Preta,1,1,39600.00,39600.00,5,3,10,1
2020,Masculino,Amarela,1,0,39600.00,0.00,5,3,10,1
2020,Masculino,Branca,31,3,1227600.00,132000.00,5,3,10,1
2020,Masculino,Não informado,9,4,382800.00,184800.00,5,3,10,1
2020,Masculino,Parda,10,0,396000.00,0.00,5,3,10,1
2020,Masculino,Preta,1,1,39600.00,39600.00,5,3,10,1
2020,Feminino,Branca,48,8,1927200.00,369600.00,5,3,10,3
2020,Feminino,Não informado,10,5,396000.00,198000.00,5,3,10,3
2020,Feminino,Parda,13,4,514800.00,158400.00,5,3,10,3
2020,Feminino,Preta,3,0,118800.00,0.00,5,3,10,3
2020,Masculino,Amarela,1,0,39600.00,0.00,5,3,10,3
2020,Masculino,Branca,41,9,1650000.00,369600.00,5,3,10,3
2020,Masculino,Indígena,1,0,39600.00,0.00,5,3,10,3
2020,Masculino,Não informado,10,4,396000.00,184800.00,5,3,10,3
2020,Masculino,Parda,16,6,633600.00,250800.00,5,3,10,3
2020,Masculino,Preta,3,0,118800.00,0.00,5,3,10,3
2020,Feminino,Branca,6,1,237600.00,39600.00,5,3,10,4
2020,Feminino,Parda,4,1,158400.00,39600.00,5,3,10,4
2020,Feminino,Preta,1,0,39600.00,0.00,5,3,10,4
2020,Masculino,Branca,10,2,396000.00,79200.00,5,3,10,4
2020,Masculino,Não informado,1,0,39600.00,0.00,5,3,10,4
2020,Masculino,Parda,8,2,316800.00,92400.00,5,3,10,4
2020,Feminino,Amarela,4,3,158400.00,132000.00,5,3,10,6
2020,Feminino,Branca,159,53,6402000.00,2323200.00,5,3,10,6
2020,Feminino,Indígena,1,0,66000.00,0.00,5,3,10,6
2020,Feminino,Não informado,24,7,976800.00,303600.00,5,3,10,6
2020,Feminino,Parda,16,6,633600.00,250800.00,5,3,10,6
2020,Feminino,Preta,4,0,158400.00,0.00,5,3,10,6
2020,Masculino,Amarela,5,1,198000.00,39600.00,5,3,10,6
2020,Masculino,Branca,208,63,8448000.00,2758800.00,5,3,10,6
2020,Masculino,Indígena,2,0,79200.00,0.00,5,3,10,6
2020,Masculino,Não informado,41,9,1650000.00,396000.00,5,3,10,6
2020,Masculino,Parda,18,3,739200.00,118800.00,5,3,10,6
2020,Masculino,Preta,6,1,237600.00,39600.00,5,3,10,6
2020,Feminino,Amarela,3,0,118800.00,0.00,5,3,10,7
2020,Feminino,Branca,100,32,4012800.00,1372800.00,5,3,10,7
2020,Feminino,Indígena,1,0,39600.00,0.00,5,3,10,7
2020,Feminino,Não informado,7,2,277200.00,79200.00,5,3,10,7
2020,Feminino,Parda,2,0,79200.00,0.00,5,3,10,7
2020,Feminino,Preta,1,1,39600.00,39600.00,5,3,10,7
2020,Masculino,Amarela,4,0,158400.00,0.00,5,3,10,7
2020,Masculino,Branca,138,37,5491200.00,1518000.00,5,3,10,7
2020,Masculino,Indígena,1,0,39600.00,0.00,5,3,10,7
2020,Masculino,Não informado,18,3,712800.00,118800.00,5,3,10,7
2020,Masculino,Parda,9,3,356400.00,118800.00,5,3,10,7
2020,Masculino,Preta,2,1,79200.00,39600.00,5,3,10,7
2020,Masculino,Branca,1,0,53300.00,0.00,5,3,11,3
2020,Masculino,Parda,1,0,53300.00,0.00,5,3,11,6
2020,Masculino,Branca,1,1,53300.00,53300.00,5,3,11,7
2020,Feminino,Branca,2,0,108000.00,0.00,5,3,12,1
2020,Masculino,Branca,3,2,140350.00,113350.00,5,3,12,1
2020,Masculino,Não informado,1,0,36000.00,0.00,5,3,12,1
2020,Masculino,Parda,1,0,60100.00,0.00,5,3,12,1
2020,Feminino,Branca,5,0,279449.00,0.00,5,3,12,3
2020,Feminino,Não informado,1,0,45000.00,0.00,5,3,12,3
2020,Feminino,Parda,1,0,54000.00,0.00,5,3,12,3
2020,Masculino,Não informado,3,1,169100.00,54000.00,5,3,12,3
2020,Masculino,Parda,5,0,274600.00,0.00,5,3,12,3
2020,Feminino,Branca,1,0,54000.00,0.00,5,3,12,4
2020,Masculino,Branca,1,0,68100.00,0.00,5,3,12,4
2020,Feminino,Amarela,1,0,54000.00,0.00,5,3,12,6
2020,Feminino,Branca,29,8,1571700.00,437600.00,5,3,12,6
2020,Feminino,Não informado,7,1,390960.00,54000.00,5,3,12,6
2020,Feminino,Parda,11,1,595349.00,54000.00,5,3,12,6
2020,Feminino,Preta,2,1,108000.00,54000.00,5,3,12,6
2020,Masculino,Branca,28,7,1623609.47,386950.00,5,3,12,6
2020,Masculino,Não informado,3,1,108000.00,54000.00,5,3,12,6
2020,Masculino,Parda,6,1,354400.00,59600.00,5,3,12,6
2020,Masculino,Preta,2,0,108000.00,0.00,5,3,12,6
2020,Feminino,Branca,16,5,859200.00,278100.00,5,3,12,7
2020,Feminino,Parda,4,1,226200.00,60100.00,5,3,12,7
2020,Masculino,Branca,13,0,625850.00,0.00,5,3,12,7
2020,Masculino,Não informado,3,0,166100.00,0.00,5,3,12,7
2020,Masculino,Parda,1,0,58900.00,0.00,5,3,12,7
2020,Masculino,Preta,1,1,54000.00,54000.00,5,3,12,7
2020,Masculino,Branca,1,0,57600.00,0.00,5,3,13,1
2020,Feminino,Branca,3,1,98950.00,33950.00,5,3,13,3
2020,Masculino,Não informado,1,0,57600.00,0.00,5,3,13,3
2020,Feminino,Branca,5,2,293900.00,115200.00,5,3,13,6
2020,Feminino,Não informado,3,1,178000.00,57600.00,5,3,13,6
2020,Masculino,Amarela,1,0,33500.00,0.00,5,3,13,6
2020,Masculino,Branca,2,0,127200.00,0.00,5,3,13,6
2020,Masculino,Não informado,2,0,120100.00,0.00,5,3,13,6
2020,Masculino,Parda,1,0,68000.00,0.00,5,3,13,6
2020,Feminino,Branca,3,0,135200.00,0.00,5,3,13,7
2020,Feminino,Não informado,1,0,63000.00,0.00,5,3,13,7
2020,Masculino,Não informado,1,0,57600.00,0.00,5,3,13,7
2020,Masculino,Preta,1,0,63500.00,0.00,5,3,13,7
2020,Feminino,Amarela,4,1,3080538.00,144000.00,6,1,7,1
2020,Feminino,Branca,70,13,122593055.61,9575121.20,6,1,7,1
2020,Feminino,Não informado,6,0,1838652.50,0.00,6,1,7,1
2020,Feminino,Parda,17,2,10456699.83,70680.00,6,1,7,1
2020,Feminino,Preta,1,0,360400.00,0.00,6,1,7,1
2020,Masculino,Branca,38,3,28617317.04,615000.00,6,1,7,1
2020,Masculino,Indígena,1,0,166100.00,0.00,6,1,7,1
2020,Masculino,Não informado,7,0,9551592.71,0.00,6,1,7,1
2020,Masculino,Parda,17,1,12529519.53,453732.00,6,1,7,1
2020,Masculino,Preta,5,2,5430450.00,1000806.00,6,1,7,1
2020,Feminino,Branca,5,2,5905384.55,268512.00,6,1,7,2
2020,Masculino,Branca,1,0,1990690.00,0.00,6,1,7,2
2020,Masculino,Parda,1,0,750000.00,0.00,6,1,7,2
2020,Feminino,Branca,161,26,74174848.22,7272882.49,6,1,7,3
2020,Feminino,Não informado,19,7,9583614.42,589536.00,6,1,7,3
2020,Feminino,Parda,70,9,25802994.01,3178597.80,6,1,7,3
2020,Feminino,Preta,11,1,5791954.99,300000.00,6,1,7,3
2020,Masculino,Amarela,1,0,469300.00,0.00,6,1,7,3
2020,Masculino,Branca,109,11,74589935.04,1169722.00,6,1,7,3
2020,Masculino,Indígena,1,0,148410.00,0.00,6,1,7,3
2020,Masculino,Não informado,21,2,10984049.12,196512.00,6,1,7,3
2020,Masculino,Parda,73,5,43731408.88,1905634.75,6,1,7,3
2020,Masculino,Preta,8,0,4285983.46,0.00,6,1,7,3
2020,Feminino,Branca,14,2,5043359.10,142000.00,6,1,7,4
2020,Feminino,Não informado,1,0,373084.00,0.00,6,1,7,4
2020,Feminino,Parda,12,1,9159201.66,179800.00,6,1,7,4
2020,Feminino,Preta,2,1,554315.38,286315.38,6,1,7,4
2020,Masculino,Branca,29,2,20978512.95,4181600.00,6,1,7,4
2020,Masculino,Não informado,1,0,1309676.95,0.00,6,1,7,4
2020,Masculino,Parda,20,1,12358198.42,61352.00,6,1,7,4
2020,Masculino,Preta,5,1,6007262.46,445752.00,6,1,7,4
2020,Feminino,Amarela,19,2,9488921.20,409536.00,6,1,7,6
2020,Feminino,Branca,515,99,268348149.88,16693128.39,6,1,7,6
2020,Feminino,Indígena,2,0,841208.01,0.00,6,1,7,6
2020,Feminino,Não informado,12,6,5842041.48,1102024.00,6,1,7,6
2020,Feminino,Parda,62,14,22084066.90,1080331.82,6,1,7,6
2020,Feminino,Preta,8,2,3910743.24,199960.00,6,1,7,6
2020,Masculino,Amarela,11,0,10217051.70,0.00,6,1,7,6
2020,Masculino,Branca,369,59,223688098.09,19218893.59,6,1,7,6
2020,Masculino,Indígena,1,0,82316.00,0.00,6,1,7,6
2020,Masculino,Não informado,36,9,24955824.77,6611624.00,6,1,7,6
2020,Masculino,Parda,41,2,22010957.28,246617.00,6,1,7,6
2020,Masculino,Preta,9,3,4275463.57,220512.00,6,1,7,6
2020,Feminino,Amarela,6,0,4064188.42,0.00,6,1,7,7
2020,Feminino,Branca,245,32,109818731.11,5753024.94,6,1,7,7
2020,Feminino,Não informado,11,1,8221908.12,30000.00,6,1,7,7
2020,Feminino,Parda,10,1,4502918.19,82980.00,6,1,7,7
2020,Masculino,Amarela,9,1,2345935.35,19964.00,6,1,7,7
2020,Masculino,Branca,152,17,94541320.14,4645253.62,6,1,7,7
2020,Masculino,Indígena,1,0,215360.00,0.00,6,1,7,7
2020,Masculino,Não informado,15,1,11764976.60,85200.00,6,1,7,7
2020,Masculino,Parda,18,2,10265371.31,306000.00,6,1,7,7
2020,Masculino,Preta,3,0,1643111.00,0.00,6,1,7,7
2020,Feminino,Branca,49,2,3704683.82,179591.10,6,2,2,2
2020,Feminino,Indígena,1,0,56664.82,0.00,6,2,2,2
2020,Feminino,Não informado,1,0,53484.44,0.00,6,2,2,2
2020,Feminino,Parda,11,1,1209616.34,130949.75,6,2,2,2
2020,Masculino,Branca,23,2,1876445.47,183204.47,6,2,2,2
2020,Masculino,Parda,6,1,486938.99,98238.42,6,2,2,2
2020,Masculino,Preta,1,0,96159.74,0.00,6,2,2,2
2020,Feminino,Amarela,1,0,341324.42,0.00,6,2,4,2
2020,Feminino,Branca,5,0,1435028.83,0.00,6,2,4,2
2020,Feminino,Parda,2,0,640762.99,0.00,6,2,4,2
2020,Feminino,Preta,1,0,348131.83,0.00,6,2,4,2
2020,Masculino,Parda,1,0,256333.47,0.00,6,2,4,2
2020,Masculino,Preta,1,0,339365.30,0.00,6,2,4,2
2020,Feminino,Branca,3,0,302198.04,0.00,6,2,5,2
2020,Masculino,Branca,1,0,51357.50,0.00,6,2,5,2
2020,Feminino,Amarela,2,0,288855.93,0.00,6,2,14,2
2020,Feminino,Branca,42,1,5796245.75,147196.84,6,2,14,2
2020,Feminino,Não informado,3,0,434714.34,0.00,6,2,14,2
2020,Feminino,Parda,9,1,1356846.64,144835.10,6,2,14,2
2020,Feminino,Preta,1,0,142119.17,0.00,6,2,14,2
2020,Masculino,Branca,27,0,3982665.67,0.00,6,2,14,2
2020,Masculino,Não informado,2,1,255400.71,76115.93,6,2,14,2
2020,Masculino,Parda,12,1,1761134.15,144904.75,6,2,14,2
2020,Masculino,Preta,2,0,223598.24,0.00,6,2,14,2
2020,Feminino,Parda,3,1,44500.00,15400.00,6,3,3,3
2020,Masculino,Preta,1,0,13200.00,0.00,6,3,3,3
2020,Feminino,Branca,1,0,15200.00,0.00,6,3,3,6
2020,Feminino,Parda,1,1,26400.00,26400.00,6,3,3,6
2020,Feminino,Branca,1,1,19200.00,19200.00,6,3,3,7
2020,Masculino,Branca,1,0,27800.00,0.00,6,3,8,3
2020,Feminino,Branca,1,0,69600.00,0.00,6,3,8,4
2020,Feminino,Branca,1,0,20800.00,0.00,6,3,8,7
2020,Feminino,Branca,32,8,1267200.00,330000.00,6,3,10,1
2020,Feminino,Não informado,5,0,198000.00,0.00,6,3,10,1
2020,Feminino,Parda,6,0,237600.00,0.00,6,3,10,1
2020,Masculino,Branca,14,3,554400.00,158400.00,6,3,10,1
2020,Masculino,Não informado,4,0,184800.00,0.00,6,3,10,1
2020,Masculino,Parda,8,1,316800.00,39600.00,6,3,10,1
2020,Masculino,Preta,2,0,105600.00,0.00,6,3,10,1
2020,Feminino,Amarela,1,0,39600.00,0.00,6,3,10,3
2020,Feminino,Branca,82,10,3273600.00,422400.00,6,3,10,3
2020,Feminino,Não informado,5,0,250800.00,0.00,6,3,10,3
2020,Feminino,Parda,36,5,1478400.00,237600.00,6,3,10,3
2020,Feminino,Preta,1,0,39600.00,0.00,6,3,10,3
2020,Masculino,Branca,53,10,2125200.00,422400.00,6,3,10,3
2020,Masculino,Não informado,5,2,198000.00,79200.00,6,3,10,3
2020,Masculino,Parda,38,10,1531200.00,475200.00,6,3,10,3
2020,Masculino,Preta,5,1,198000.00,39600.00,6,3,10,3
2020,Feminino,Branca,6,0,237600.00,0.00,6,3,10,4
2020,Feminino,Parda,5,0,224400.00,0.00,6,3,10,4
2020,Masculino,Branca,2,1,79200.00,39600.00,6,3,10,4
2020,Masculino,Não informado,1,0,39600.00,0.00,6,3,10,4
2020,Masculino,Parda,5,0,198000.00,0.00,6,3,10,4
2020,Feminino,Amarela,9,5,356400.00,237600.00,6,3,10,6
2020,Feminino,Branca,336,72,13384800.00,3181200.00,6,3,10,6
2020,Feminino,Não informado,15,2,594000.00,105600.00,6,3,10,6
2020,Feminino,Parda,27,1,1069200.00,39600.00,6,3,10,6
2020,Feminino,Preta,3,0,118800.00,0.00,6,3,10,6
2020,Masculino,Amarela,8,0,316800.00,0.00,6,3,10,6
2020,Masculino,Branca,251,78,10098000.00,3801600.00,6,3,10,6
2020,Masculino,Não informado,29,13,1148400.00,620400.00,6,3,10,6
2020,Masculino,Parda,30,10,1188000.00,448800.00,6,3,10,6
2020,Masculino,Preta,3,0,118800.00,0.00,6,3,10,6
2020,Feminino,Amarela,5,1,198000.00,39600.00,6,3,10,7
2020,Feminino,Branca,164,30,6547200.00,1280400.00,6,3,10,7
2020,Feminino,Não informado,4,0,158400.00,0.00,6,3,10,7
2020,Feminino,Parda,6,1,237600.00,39600.00,6,3,10,7
2020,Feminino,Preta,1,0,39600.00,0.00,6,3,10,7
2020,Masculino,Amarela,3,0,118800.00,0.00,6,3,10,7
2020,Masculino,Branca,105,17,4210800.00,818400.00,6,3,10,7
2020,Masculino,Não informado,5,0,198000.00,0.00,6,3,10,7
2020,Masculino,Parda,4,1,158400.00,39600.00,6,3,10,7
2020,Feminino,Branca,1,0,53300.00,0.00,6,3,11,3
2020,Masculino,Branca,1,0,62900.00,0.00,6,3,11,3
2020,Masculino,Amarela,1,0,53300.00,0.00,6,3,11,6
2020,Masculino,Parda,1,0,53300.00,0.00,6,3,11,6
2020,Feminino,Branca,1,1,53300.00,53300.00,6,3,11,7
2020,Feminino,Branca,7,1,392100.00,54000.00,6,3,12,1
2020,Feminino,Parda,1,0,54000.00,0.00,6,3,12,1
2020,Masculino,Branca,1,0,54000.00,0.00,6,3,12,1
2020,Feminino,Branca,12,1,660900.00,58800.00,6,3,12,3
2020,Feminino,Não informado,2,0,108000.00,0.00,6,3,12,3
2020,Feminino,Parda,11,1,575100.00,54000.00,6,3,12,3
2020,Feminino,Preta,2,0,114100.00,0.00,6,3,12,3
2020,Masculino,Branca,3,1,168100.00,54000.00,6,3,12,3
2020,Masculino,Não informado,1,0,54000.00,0.00,6,3,12,3
2020,Masculino,Parda,5,1,281020.00,60120.00,6,3,12,3
2020,Feminino,Branca,2,1,117700.00,59600.00,6,3,12,4
2020,Masculino,Não informado,1,0,54000.00,0.00,6,3,12,4
2020,Masculino,Parda,1,1,54000.00,54000.00,6,3,12,4
2020,Feminino,Amarela,6,2,324000.00,108000.00,6,3,12,6
2020,Feminino,Branca,94,19,5216313.00,1047300.00,6,3,12,6
2020,Feminino,Não informado,7,0,297000.00,0.00,6,3,12,6
2020,Feminino,Parda,19,3,1010700.00,162000.00,6,3,12,6
2020,Feminino,Preta,7,1,386200.00,54000.00,6,3,12,6
2020,Masculino,Amarela,2,1,112600.00,58600.00,6,3,12,6
2020,Masculino,Branca,26,6,1435100.00,324000.00,6,3,12,6
2020,Masculino,Não informado,5,1,270000.00,54000.00,6,3,12,6
2020,Masculino,Parda,19,6,1067900.00,340400.00,6,3,12,6
2020,Masculino,Preta,3,0,167995.00,0.00,6,3,12,6
2020,Feminino,Branca,43,8,2282986.00,437100.00,6,3,12,7
2020,Feminino,Não informado,3,1,162000.00,54000.00,6,3,12,7
2020,Feminino,Parda,2,0,108000.00,0.00,6,3,12,7
2020,Feminino,Preta,1,0,58100.00,0.00,6,3,12,7
2020,Masculino,Branca,14,5,760600.00,270000.00,6,3,12,7
2020,Masculino,Não informado,1,0,54000.00,0.00,6,3,12,7
2020,Masculino,Parda,4,3,194100.00,140100.00,6,3,12,7
2020,Masculino,Preta,1,1,54000.00,54000.00,6,3,12,7
2020,Masculino,Branca,1,1,57600.00,57600.00,6,3,13,1
2020,Masculino,Não informado,1,0,57600.00,0.00,6,3,13,1
2020,Feminino,Branca,4,2,256300.00,126500.00,6,3,13,3
2020,Feminino,Preta,1,0,57600.00,0.00,6,3,13,3
2020,Masculino,Branca,1,0,57600.00,0.00,6,3,13,3
2020,Masculino,Branca,1,0,57600.00,0.00,6,3,13,4
2020,Feminino,Branca,14,1,832500.00,57600.00,6,3,13,6
2020,Feminino,Não informado,1,0,57600.00,0.00,6,3,13,6
2020,Masculino,Branca,9,1,523350.00,62550.00,6,3,13,6
2020,Feminino,Branca,2,1,115200.00,57600.00,6,3,13,7
2020,Masculino,Branca,2,0,121600.00,0.00,6,3,13,7
2020,Feminino,Branca,14,5,9076531.61,917260.00,7,1,7,1
2020,Feminino,Não informado,6,1,2263656.00,144000.00,7,1,7,1
2020,Feminino,Parda,2,1,2875680.00,36000.00,7,1,7,1
2020,Masculino,Branca,19,5,3320954.76,237000.00,7,1,7,1
2020,Masculino,Não informado,2,0,333900.00,0.00,7,1,7,1
2020,Masculino,Parda,10,4,2930805.00,567624.00,7,1,7,1
2020,Masculino,Preta,1,0,1052250.00,0.00,7,1,7,1
2020,Masculino,Branca,1,0,138600.00,0.00,7,1,7,2
2020,Feminino,Branca,40,10,16198743.52,1661096.00,7,1,7,3
2020,Feminino,Não informado,3,1,1759539.02,18700.00,7,1,7,3
2020,Feminino,Parda,20,9,7113959.00,1387480.00,7,1,7,3
2020,Feminino,Preta,2,0,452920.00,0.00,7,1,7,3
2020,Masculino,Amarela,6,2,3379816.00,196512.00,7,1,7,3
2020,Masculino,Branca,61,23,34274806.35,3020058.00,7,1,7,3
2020,Masculino,Não informado,14,4,4154324.00,481536.00,7,1,7,3
2020,Masculino,Parda,36,14,16740841.97,4187934.00,7,1,7,3
2020,Masculino,Preta,6,2,2224504.58,939648.00,7,1,7,3
2020,Feminino,Branca,8,1,5485919.50,18000.00,7,1,7,4
2020,Feminino,Preta,1,0,446701.00,0.00,7,1,7,4
2020,Masculino,Branca,8,2,3844251.68,89200.00,7,1,7,4
2020,Masculino,Não informado,1,0,239200.00,0.00,7,1,7,4
2020,Masculino,Parda,7,1,3394033.81,19600.00,7,1,7,4
2020,Masculino,Preta,2,0,30216.50,0.00,7,1,7,4
2020,Feminino,Branca,1,0,13200.00,0.00,7,1,7,5
2020,Feminino,Amarela,4,0,4985614.81,0.00,7,1,7,6
2020,Feminino,Branca,77,16,35347364.37,1424650.00,7,1,7,6
2020,Feminino,Não informado,23,10,14998285.05,2520144.00,7,1,7,6
2020,Feminino,Parda,13,3,2932697.23,299024.00,7,1,7,6
2020,Feminino,Preta,1,1,20000.00,19500.00,7,1,7,6
2020,Masculino,Amarela,5,3,5158488.00,232512.00,7,1,7,6
2020,Masculino,Branca,221,109,113241293.06,23474120.00,7,1,7,6
2020,Masculino,Indígena,1,0,1700404.73,0.00,7,1,7,6
2020,Masculino,Não informado,47,25,24679296.10,4859536.00,7,1,7,6
2020,Masculino,Parda,31,10,15702029.27,1680492.00,7,1,7,6
2020,Masculino,Preta,4,1,2311232.00,22000.00,7,1,7,6
2020,Feminino,Amarela,2,0,427800.00,0.00,7,1,7,7
2020,Feminino,Branca,71,20,35408477.95,4198116.00,7,1,7,7
2020,Feminino,Não informado,4,2,3426378.00,232512.00,7,1,7,7
2020,Feminino,Parda,2,0,229000.00,0.00,7,1,7,7
2020,Feminino,Preta,1,0,14400.00,0.00,7,1,7,7
2020,Masculino,Amarela,2,1,533715.00,30000.00,7,1,7,7
2020,Masculino,Branca,142,54,64091110.72,10411978.50,7,1,7,7
2020,Masculino,Não informado,27,10,14209628.68,2735568.00,7,1,7,7
2020,Masculino,Parda,15,5,11446946.00,714048.00,7,1,7,7
2020,Masculino,Preta,2,0,221603.89,0.00,7,1,7,7
2020,Feminino,Amarela,1,0,57259.98,0.00,7,2,2,2
2020,Feminino,Branca,48,6,4320240.36,553726.82,7,2,2,2
2020,Feminino,Não informado,1,0,95850.72,0.00,7,2,2,2
2020,Feminino,Parda,10,1,980699.57,99862.39,7,2,2,2
2020,Feminino,Preta,2,0,138273.80,0.00,7,2,2,2
2020,Masculino,Amarela,2,0,186217.52,0.00,7,2,2,2
2020,Masculino,Branca,40,9,3835950.40,771319.64,7,2,2,2
2020,Masculino,Não informado,4,0,359370.53,0.00,7,2,2,2
2020,Masculino,Parda,19,7,1808971.54,600736.73,7,2,2,2
2020,Feminino,Branca,10,0,4983748.24,0.00,7,2,4,2
2020,Feminino,Não informado,1,0,462064.40,0.00,7,2,4,2
2020,Feminino,Parda,5,0,2770425.39,0.00,7,2,4,2
2020,Feminino,Preta,1,0,347680.02,0.00,7,2,4,2
2020,Masculino,Branca,16,1,6663194.43,265006.82,7,2,4,2
2020,Masculino,Não informado,1,0,3136.40,0.00,7,2,4,2
2020,Masculino,Parda,8,0,2829117.62,0.00,7,2,4,2
2020,Masculino,Preta,1,0,360228.16,0.00,7,2,4,2
2020,Feminino,Branca,1,0,52216.72,0.00,7,2,5,2
2020,Feminino,Não informado,1,0,88017.63,0.00,7,2,5,2
2020,Masculino,Branca,2,1,176441.82,88551.75,7,2,5,2
2020,Masculino,Não informado,1,0,58467.24,0.00,7,2,5,2
2020,Masculino,Parda,2,1,150269.88,91780.84,7,2,5,2
2020,Feminino,Amarela,2,0,308349.79,0.00,7,2,14,2
2020,Feminino,Branca,29,2,4004666.31,219643.57,7,2,14,2
2020,Feminino,Não informado,11,1,1633775.31,144904.75,7,2,14,2
2020,Feminino,Parda,8,0,1123972.58,0.00,7,2,14,2
2020,Feminino,Preta,1,0,144904.78,0.00,7,2,14,2
2020,Masculino,Amarela,1,0,152037.60,0.00,7,2,14,2
2020,Masculino,Branca,48,5,6960881.63,685974.39,7,2,14,2
2020,Masculino,Indígena,1,0,144904.78,0.00,7,2,14,2
2020,Masculino,Não informado,14,1,2092813.68,145741.27,7,2,14,2
2020,Masculino,Parda,24,1,3582274.29,144904.75,7,2,14,2
2020,Masculino,Preta,6,1,916556.94,147196.84,7,2,14,2
2020,Masculino,Branca,1,1,14400.00,14400.00,7,3,1,6
2020,Masculino,Preta,1,0,15400.00,0.00,7,3,3,4
2020,Masculino,Parda,2,0,26400.00,0.00,7,3,3,6
2020,Masculino,Não informado,2,0,135200.00,0.00,7,3,8,3
2020,Feminino,Parda,1,0,31200.00,0.00,7,3,8,6
2020,Masculino,Branca,3,1,205070.00,62400.00,7,3,8,6
2020,Masculino,Branca,1,0,69800.00,0.00,7,3,8,7
2020,Feminino,Branca,9,1,356400.00,39600.00,7,3,10,1
2020,Feminino,Não informado,2,1,79200.00,39600.00,7,3,10,1
2020,Feminino,Parda,3,0,118800.00,0.00,7,3,10,1
2020,Masculino,Branca,28,11,1135200.00,488400.00,7,3,10,1
2020,Masculino,Não informado,10,7,396000.00,290400.00,7,3,10,1
2020,Masculino,Parda,6,0,237600.00,0.00,7,3,10,1
2020,Masculino,Preta,2,0,79200.00,0.00,7,3,10,1
2020,Feminino,Amarela,2,0,79200.00,0.00,7,3,10,3
2020,Feminino,Branca,39,15,1544400.00,712800.00,7,3,10,3
2020,Feminino,Não informado,7,1,303600.00,39600.00,7,3,10,3
2020,Feminino,Parda,6,3,237600.00,132000.00,7,3,10,3
2020,Feminino,Preta,2,1,79200.00,39600.00,7,3,10,3
2020,Masculino,Amarela,3,1,118800.00,39600.00,7,3,10,3
2020,Masculino,Branca,81,32,3234000.00,1399200.00,7,3,10,3
2020,Masculino,Não informado,31,10,1227600.00,448800.00,7,3,10,3
2020,Masculino,Parda,60,9,2428800.00,369600.00,7,3,10,3
2020,Masculino,Preta,2,1,79200.00,39600.00,7,3,10,3
2020,Feminino,Branca,2,0,79200.00,0.00,7,3,10,4
2020,Feminino,Não informado,1,1,39600.00,39600.00,7,3,10,4
2020,Feminino,Parda,2,0,79200.00,0.00,7,3,10,4
2020,Masculino,Branca,5,1,198000.00,52800.00,7,3,10,4
2020,Masculino,Não informado,3,0,118800.00,0.00,7,3,10,4
2020,Masculino,Parda,10,1,396000.00,39600.00,7,3,10,4
2020,Masculino,Preta,3,0,118800.00,0.00,7,3,10,4
2020,Feminino,Amarela,2,2,79200.00,79200.00,7,3,10,6
2020,Feminino,Branca,155,53,6138000.00,2283600.00,7,3,10,6
2020,Feminino,Não informado,28,7,1108800.00,330000.00,7,3,10,6
2020,Feminino,Parda,11,1,435600.00,39600.00,7,3,10,6
2020,Feminino,Preta,4,0,158400.00,0.00,7,3,10,6
2020,Masculino,Amarela,9,3,356400.00,132000.00,7,3,10,6
2020,Masculino,Branca,438,169,17556000.00,7563600.00,7,3,10,6
2020,Masculino,Não informado,92,49,3643200.00,2151600.00,7,3,10,6
2020,Masculino,Parda,67,20,2653200.00,831600.00,7,3,10,6
2020,Masculino,Preta,14,1,554400.00,52800.00,7,3,10,6
2020,Feminino,Amarela,2,1,79200.00,39600.00,7,3,10,7
2020,Feminino,Branca,65,14,2600400.00,594000.00,7,3,10,7
2020,Feminino,Não informado,4,0,158400.00,0.00,7,3,10,7
2020,Feminino,Parda,2,0,105600.00,0.00,7,3,10,7
2020,Feminino,Preta,1,0,39600.00,0.00,7,3,10,7
2020,Masculino,Amarela,2,1,79200.00,39600.00,7,3,10,7
2020,Masculino,Branca,176,75,6969600.00,3313200.00,7,3,10,7
2020,Masculino,Indígena,2,1,79200.00,39600.00,7,3,10,7
2020,Masculino,Não informado,19,11,752400.00,475200.00,7,3,10,7
2020,Masculino,Parda,12,3,475200.00,145200.00,7,3,10,7
2020,Masculino,Preta,3,0,118800.00,0.00,7,3,10,7
2020,Feminino,Branca,1,0,56300.00,0.00,7,3,11,1
2020,Masculino,Amarela,1,1,55300.00,55300.00,7,3,11,3
2020,Feminino,Amarela,1,1,53300.00,53300.00,7,3,11,6
2020,Feminino,Branca,2,0,106600.00,0.00,7,3,11,6
2020,Feminino,Parda,1,0,53300.00,0.00,7,3,11,6
2020,Masculino,Amarela,1,0,53300.00,0.00,7,3,11,6
2020,Masculino,Branca,4,1,213200.00,53300.00,7,3,11,6
2020,Masculino,Parda,1,0,53300.00,0.00,7,3,11,6
2020,Feminino,Branca,2,2,106600.00,106600.00,7,3,11,7
2020,Masculino,Branca,4,1,219200.00,59300.00,7,3,11,7
2020,Feminino,Branca,7,2,378000.00,108000.00,7,3,12,1
2020,Feminino,Não informado,1,0,54000.00,0.00,7,3,12,1
2020,Feminino,Parda,2,0,108000.00,0.00,7,3,12,1
2020,Masculino,Branca,6,1,328100.00,54000.00,7,3,12,1
2020,Masculino,Parda,2,0,108000.00,0.00,7,3,12,1
2020,Feminino,Amarela,1,0,54000.00,0.00,7,3,12,3
2020,Feminino,Branca,16,5,891150.00,270000.00,7,3,12,3
2020,Feminino,Não informado,3,1,169100.00,61100.00,7,3,12,3
2020,Feminino,Parda,15,4,830900.00,220600.00,7,3,12,3
2020,Masculino,Branca,22,3,1120100.00,162000.00,7,3,12,3
2020,Masculino,Não informado,4,0,221100.00,0.00,7,3,12,3
2020,Masculino,Parda,18,6,990100.00,329600.00,7,3,12,3
2020,Masculino,Preta,3,0,162000.00,0.00,7,3,12,3
2020,Feminino,Parda,1,0,54000.00,0.00,7,3,12,4
2020,Feminino,Preta,1,0,54000.00,0.00,7,3,12,4
2020,Masculino,Não informado,1,0,59100.00,0.00,7,3,12,4
2020,Masculino,Parda,6,1,306100.00,54000.00,7,3,12,4
2020,Masculino,Preta,1,0,54000.00,0.00,7,3,12,4
2020,Feminino,Amarela,2,1,108000.00,54000.00,7,3,12,6
2020,Feminino,Branca,67,7,3605600.00,382100.00,7,3,12,6
2020,Feminino,Indígena,1,0,54000.00,0.00,7,3,12,6
2020,Feminino,Não informado,7,1,386200.00,62200.00,7,3,12,6
2020,Feminino,Parda,21,1,1145700.00,54000.00,7,3,12,6
2020,Feminino,Preta,5,0,274400.00,0.00,7,3,12,6
2020,Masculino,Amarela,4,1,220100.00,54000.00,7,3,12,6
2020,Masculino,Branca,101,21,5474920.00,1124850.00,7,3,12,6
2020,Masculino,Não informado,28,10,1568244.45,548200.00,7,3,12,6
2020,Masculino,Parda,27,7,1485240.00,392800.00,7,3,12,6
2020,Masculino,Preta,5,2,276600.00,114600.00,7,3,12,6
2020,Feminino,Amarela,2,0,108000.00,0.00,7,3,12,7
2020,Feminino,Branca,61,10,3304400.00,540000.00,7,3,12,7
2020,Feminino,Não informado,3,1,162000.00,54000.00,7,3,12,7
2020,Feminino,Parda,2,0,108000.00,0.00,7,3,12,7
2020,Masculino,Amarela,4,0,216000.00,0.00,7,3,12,7
2020,Masculino,Branca,56,21,3034100.00,1134000.00,7,3,12,7
2020,Masculino,Não informado,10,3,552100.00,162000.00,7,3,12,7
2020,Masculino,Parda,9,2,495500.00,108000.00,7,3,12,7
2020,Masculino,Não informado,1,0,57600.00,0.00,7,3,13,1
2020,Feminino,Parda,1,0,57600.00,0.00,7,3,13,3
2020,Masculino,Branca,5,2,297550.00,124750.00,7,3,13,3
2020,Masculino,Não informado,1,0,57600.00,0.00,7,3,13,3
2020,Masculino,Parda,1,0,57600.00,0.00,7,3,13,3
2020,Feminino,Branca,14,2,813250.00,120350.00,7,3,13,6
2020,Feminino,Não informado,3,2,172800.00,115200.00,7,3,13,6
2020,Feminino,Parda,1,0,57600.00,0.00,7,3,13,6
2020,Feminino,Preta,1,0,57600.00,0.00,7,3,13,6
2020,Masculino,Branca,12,5,704400.00,301200.00,7,3,13,6
2020,Masculino,Não informado,3,0,172800.00,0.00,7,3,13,6
2020,Masculino,Parda,6,1,351000.00,57600.00,7,3,13,6
2020,Feminino,Branca,1,1,57600.00,57600.00,7,3,13,7
2020,Feminino,Não informado,2,0,115200.00,0.00,7,3,13,7
2020,Masculino,Branca,4,0,239300.00,0.00,7,3,13,7
2020,Masculino,Parda,2,1,115200.00,57600.00,7,3,13,7
2020,Masculino,Preta,1,0,57600.00,0.00,7,3,13,7
2020,Feminino,Branca,10,6,4589740.00,449024.00,8,1,7,1
2020,Feminino,Não informado,1,1,44085.00,20000.00,8,1,7,1
2020,Feminino,Parda,2,0,499548.00,0.00,8,1,7,1
2020,Masculino,Branca,3,1,172000.00,36000.00,8,1,7,1
2020,Masculino,Não informado,2,0,1890144.00,0.00,8,1,7,1
2020,Masculino,Preta,1,0,28500.00,0.00,8,1,7,1
2020,Feminino,Branca,8,3,4726848.00,556512.00,8,1,7,3
2020,Feminino,Não informado,1,1,747072.00,249024.00,8,1,7,3
2020,Masculino,Branca,10,3,4039613.00,92000.00,8,1,7,3
2020,Masculino,Parda,2,1,112318.06,19600.00,8,1,7,3
2020,Masculino,Preta,2,0,39570.00,0.00,8,1,7,3
2020,Masculino,Branca,1,0,249524.00,0.00,8,1,7,4
2020,Masculino,Não informado,2,1,1677120.00,36000.00,8,1,7,4
2020,Feminino,Amarela,5,5,2696235.00,943424.00,8,1,7,6
2020,Feminino,Branca,28,15,13705608.00,1910144.00,8,1,7,6
2020,Feminino,Não informado,15,11,11786907.00,1226096.00,8,1,7,6
2020,Feminino,Parda,5,3,1653572.00,232512.00,8,1,7,6
2020,Masculino,Branca,18,7,7597471.00,537536.00,8,1,7,6
2020,Masculino,Não informado,6,5,3199680.00,750048.00,8,1,7,6
2020,Masculino,Parda,7,4,3622752.00,357024.00,8,1,7,6
2020,Masculino,Preta,2,2,321024.00,160512.00,8,1,7,6
2020,Feminino,Branca,21,12,7221238.00,1127072.00,8,1,7,7
2020,Feminino,Não informado,3,2,1981824.00,160512.00,8,1,7,7
2020,Feminino,Parda,5,1,1943632.00,72000.00,8,1,7,7
2020,Masculino,Branca,8,2,4430824.00,750048.00,8,1,7,7
2020,Masculino,Não informado,3,2,1054560.00,285024.00,8,1,7,7
2020,Masculino,Parda,5,1,4488424.00,249024.00,8,1,7,7
2020,Feminino,Branca,11,1,788645.14,187101.99,8,2,2,2
2020,Feminino,Não informado,2,0,154082.00,0.00,8,2,2,2
2020,Feminino,Parda,1,1,36010.89,40573.08,8,2,2,2
2020,Feminino,Preta,1,0,57271.75,0.00,8,2,2,2
2020,Masculino,Amarela,1,0,67937.38,0.00,8,2,2,2
2020,Masculino,Branca,7,0,637513.49,0.00,8,2,2,2
2020,Masculino,Parda,2,0,174733.77,0.00,8,2,2,2
2020,Masculino,Preta,1,0,111987.03,0.00,8,2,2,2
2020,Feminino,Branca,11,0,2832903.56,0.00,8,2,4,2
2020,Feminino,Não informado,2,0,677758.81,0.00,8,2,4,2
2020,Feminino,Preta,2,0,343843.15,0.00,8,2,4,2
2020,Masculino,Branca,3,0,1139821.56,0.00,8,2,4,2
2020,Masculino,Parda,2,0,597159.36,0.00,8,2,4,2
2020,Masculino,Não informado,1,0,81796.06,0.00,8,2,5,2
2020,Feminino,Amarela,1,0,144904.78,0.00,8,2,14,2
2020,Feminino,Branca,11,0,1423909.07,0.00,8,2,14,2
2020,Feminino,Não informado,7,0,893685.95,0.00,8,2,14,2
2020,Feminino,Parda,3,0,437842.93,0.00,8,2,14,2
2020,Feminino,Preta,1,0,144677.76,0.00,8,2,14,2
2020,Masculino,Branca,7,1,832796.55,76620.13,8,2,14,2
2020,Masculino,Não informado,5,2,699827.67,225664.05,8,2,14,2
2020,Masculino,Parda,2,0,292296.82,0.00,8,2,14,2
2020,Feminino,Branca,1,0,72800.00,0.00,8,3,8,3
2020,Masculino,Parda,1,0,69100.00,0.00,8,3,8,3
2020,Masculino,Branca,1,0,62400.00,0.00,8,3,8,6
2020,Feminino,Amarela,1,1,39600.00,39600.00,8,3,10,1
2020,Feminino,Branca,12,4,475200.00,171600.00,8,3,10,1
2020,Feminino,Não informado,4,3,158400.00,132000.00,8,3,10,1
2020,Feminino,Parda,4,3,158400.00,132000.00,8,3,10,1
2020,Feminino,Preta,1,0,39600.00,0.00,8,3,10,1
2020,Masculino,Branca,7,1,277200.00,39600.00,8,3,10,1
2020,Masculino,Não informado,1,0,39600.00,0.00,8,3,10,1
2020,Masculino,Parda,7,0,277200.00,0.00,8,3,10,1
2020,Masculino,Preta,1,0,39600.00,0.00,8,3,10,1
2020,Feminino,Amarela,1,0,39600.00,0.00,8,3,10,3
2020,Feminino,Branca,16,7,633600.00,290400.00,8,3,10,3
2020,Feminino,Indígena,1,1,39600.00,39600.00,8,3,10,3
2020,Feminino,Não informado,12,6,475200.00,250800.00,8,3,10,3
2020,Feminino,Parda,8,2,316800.00,79200.00,8,3,10,3
2020,Feminino,Preta,2,0,79200.00,0.00,8,3,10,3
2020,Masculino,Branca,21,2,831600.00,79200.00,8,3,10,3
2020,Masculino,Não informado,6,0,237600.00,0.00,8,3,10,3
2020,Masculino,Parda,6,1,237600.00,39600.00,8,3,10,3
2020,Masculino,Preta,7,1,277200.00,39600.00,8,3,10,3
2020,Feminino,Branca,3,0,118800.00,0.00,8,3,10,4
2020,Feminino,Não informado,1,0,39600.00,0.00,8,3,10,4
2020,Feminino,Parda,4,3,158400.00,118800.00,8,3,10,4
2020,Feminino,Preta,1,0,39600.00,0.00,8,3,10,4
2020,Masculino,Branca,5,1,198000.00,39600.00,8,3,10,4
2020,Masculino,Indígena,1,0,66000.00,0.00,8,3,10,4
2020,Masculino,Não informado,5,2,198000.00,79200.00,8,3,10,4
2020,Masculino,Parda,1,0,39600.00,0.00,8,3,10,4
2020,Feminino,Branca,90,30,3643200.00,1320000.00,8,3,10,6
2020,Feminino,Não informado,24,9,950400.00,422400.00,8,3,10,6
2020,Feminino,Parda,9,2,356400.00,105600.00,8,3,10,6
2020,Feminino,Preta,2,1,79200.00,39600.00,8,3,10,6
2020,Masculino,Amarela,1,1,39600.00,39600.00,8,3,10,6
2020,Masculino,Branca,59,19,2389200.00,910800.00,8,3,10,6
2020,Masculino,Não informado,17,7,673200.00,277200.00,8,3,10,6
2020,Masculino,Parda,11,5,488400.00,211200.00,8,3,10,6
2020,Masculino,Preta,4,1,158400.00,39600.00,8,3,10,6
2020,Feminino,Branca,38,16,1531200.00,712800.00,8,3,10,7
2020,Feminino,Não informado,2,2,79200.00,105600.00,8,3,10,7
2020,Feminino,Parda,1,0,39600.00,0.00,8,3,10,7
2020,Masculino,Branca,21,4,831600.00,171600.00,8,3,10,7
2020,Masculino,Não informado,4,1,158400.00,39600.00,8,3,10,7
2020,Masculino,Parda,2,1,79200.00,39600.00,8,3,10,7
2020,Feminino,Branca,3,0,166850.00,0.00,8,3,12,1
2020,Feminino,Não informado,1,0,54000.00,0.00,8,3,12,1
2020,Masculino,Branca,2,0,113100.00,0.00,8,3,12,1
2020,Masculino,Parda,1,0,54000.00,0.00,8,3,12,1
2020,Masculino,Preta,1,0,54000.00,0.00,8,3,12,1
2020,Feminino,Branca,1,0,31100.00,0.00,8,3,12,2
2020,Feminino,Branca,4,0,225700.00,0.00,8,3,12,3
2020,Feminino,Não informado,1,0,54000.00,0.00,8,3,12,3
2020,Masculino,Branca,3,1,172700.00,54000.00,8,3,12,3
2020,Masculino,Não informado,1,0,54000.00,0.00,8,3,12,3
2020,Masculino,Parda,2,0,108000.00,0.00,8,3,12,3
2020,Masculino,Preta,1,0,60600.00,0.00,8,3,12,3
2020,Feminino,Branca,22,3,1177800.00,168100.00,8,3,12,6
2020,Feminino,Não informado,6,0,333700.00,0.00,8,3,12,6
2020,Feminino,Parda,6,1,324000.00,54000.00,8,3,12,6
2020,Masculino,Branca,19,4,1009500.00,224700.00,8,3,12,6
2020,Masculino,Não informado,5,0,248100.00,0.00,8,3,12,6
2020,Masculino,Parda,6,1,286500.00,58100.00,8,3,12,6
2020,Masculino,Preta,5,1,229600.00,40600.00,8,3,12,6
2020,Feminino,Branca,10,2,529717.00,81000.00,8,3,12,7
2020,Feminino,Não informado,3,0,162000.00,0.00,8,3,12,7
2020,Feminino,Parda,2,1,114100.00,60100.00,8,3,12,7
2020,Masculino,Branca,4,2,221100.00,113100.00,8,3,12,7
2020,Masculino,Não informado,1,0,54000.00,0.00,8,3,12,7
2020,Masculino,Parda,1,0,59100.00,0.00,8,3,12,7
2020,Feminino,Branca,1,0,0.00,0.00,8,3,13,1
2020,Masculino,Branca,1,0,33200.00,0.00,8,3,13,1
2020,Masculino,Branca,1,1,62000.00,62000.00,8,3,13,3
2020,Feminino,Branca,6,2,365660.00,120200.00,8,3,13,6
2020,Feminino,Parda,1,0,63000.00,0.00,8,3,13,6
2020,Masculino,Branca,4,3,214100.00,154400.00,8,3,13,6
2020,Masculino,Não informado,2,2,117880.00,117880.00,8,3,13,6
2020,Masculino,Parda,1,0,57600.00,0.00,8,3,13,6
2020,Masculino,Branca,1,1,63600.00,63600.00,8,3,13,7
2020,Feminino,Branca,3,0,514930.00,0.00,9,1,7,1
2020,Feminino,Parda,1,0,91381.00,0.00,9,1,7,1
2020,Masculino,Branca,3,1,724556.00,193120.00,9,1,7,1
2020,Masculino,Indígena,1,0,250000.00,0.00,9,1,7,1
2020,Masculino,Parda,3,0,665600.00,0.00,9,1,7,1
2020,Masculino,Preta,1,0,45322.60,0.00,9,1,7,1
2020,Feminino,Branca,14,0,2102865.00,0.00,9,1,7,3
2020,Feminino,Não informado,1,0,122800.00,0.00,9,1,7,3
2020,Feminino,Parda,5,0,334973.00,0.00,9,1,7,3
2020,Feminino,Preta,1,0,216846.00,0.00,9,1,7,3
2020,Masculino,Branca,8,0,1213022.00,0.00,9,1,7,3
2020,Masculino,Não informado,4,0,902535.00,0.00,9,1,7,3
2020,Masculino,Parda,8,0,1440436.21,0.00,9,1,7,3
2020,Masculino,Preta,1,0,80200.00,0.00,9,1,7,3
2020,Feminino,Amarela,1,0,185191.46,0.00,9,1,7,4
2020,Feminino,Parda,2,0,428282.36,0.00,9,1,7,4
2020,Masculino,Branca,5,0,827821.91,0.00,9,1,7,4
2020,Feminino,Branca,30,0,5045081.37,0.00,9,1,7,6
2020,Feminino,Não informado,1,0,237800.00,0.00,9,1,7,6
2020,Feminino,Parda,2,0,297406.00,0.00,9,1,7,6
2020,Masculino,Branca,25,0,3874356.58,0.00,9,1,7,6
2020,Masculino,Não informado,3,0,686080.00,0.00,9,1,7,6
2020,Masculino,Parda,2,0,249200.00,0.00,9,1,7,6
2020,Feminino,Branca,14,0,2314912.75,0.00,9,1,7,7
2020,Feminino,Não informado,2,0,474640.00,0.00,9,1,7,7
2020,Masculino,Branca,21,1,3899874.27,199200.00,9,1,7,7
2020,Masculino,Não informado,4,0,723080.00,0.00,9,1,7,7
2020,Masculino,Parda,2,0,450414.00,0.00,9,1,7,7
2020,Feminino,Branca,6,1,699530.56,16000.00,10,1,7,1
2020,Feminino,Parda,2,0,1246620.00,0.00,10,1,7,1
2020,Masculino,Branca,5,5,173546.80,146150.00,10,1,7,1
2020,Masculino,Parda,4,1,240250.00,95000.00,10,1,7,1
2020,Masculino,Preta,1,0,110000.00,0.00,10,1,7,1
2020,Feminino,Amarela,1,1,30000.00,25000.00,10,1,7,3
2020,Feminino,Branca,13,5,4588417.37,233292.00,10,1,7,3
2020,Feminino,Não informado,2,2,1605120.00,196512.00,10,1,7,3
2020,Feminino,Parda,2,2,36280.00,36280.00,10,1,7,3
2020,Feminino,Preta,3,2,257784.00,125000.00,10,1,7,3
2020,Masculino,Branca,10,8,447526.00,295960.00,10,1,7,3
2020,Masculino,Não informado,3,1,385082.50,95000.00,10,1,7,3
2020,Masculino,Parda,11,7,474629.00,207330.00,10,1,7,3
2020,Masculino,Preta,1,0,20000.00,0.00,10,1,7,3
2020,Feminino,Amarela,1,0,16000.00,0.00,10,1,7,4
2020,Feminino,Branca,2,2,40000.00,24560.00,10,1,7,4
2020,Feminino,Não informado,2,2,119988.50,107988.00,10,1,7,4
2020,Feminino,Parda,4,4,175267.48,170269.80,10,1,7,4
2020,Masculino,Branca,6,4,422007.50,300000.00,10,1,7,4
2020,Masculino,Não informado,1,1,20000.00,17000.00,10,1,7,4
2020,Masculino,Parda,7,6,281372.73,225143.00,10,1,7,4
2020,Feminino,Amarela,1,0,252000.00,0.00,10,1,7,6
2020,Feminino,Branca,21,7,8067735.40,422512.00,10,1,7,6
2020,Feminino,Não informado,1,0,199840.00,0.00,10,1,7,6
2020,Feminino,Parda,10,6,3502053.53,198796.00,10,1,7,6
2020,Feminino,Preta,1,0,76078.00,0.00,10,1,7,6
2020,Masculino,Branca,20,9,6353611.88,513924.00,10,1,7,6
2020,Masculino,Não informado,4,2,380580.00,68000.00,10,1,7,6
2020,Masculino,Parda,3,2,129109.27,35000.00,10,1,7,6
2020,Masculino,Preta,3,1,693400.00,20000.00,10,1,7,6
2020,Feminino,Branca,11,3,1481578.00,59982.00,10,1,7,7
2020,Feminino,Parda,2,1,457060.00,15000.00,10,1,7,7
2020,Masculino,Branca,14,6,3020425.06,544912.00,10,1,7,7
2020,Masculino,Não informado,3,2,1900244.00,409536.00,10,1,7,7
2020,Masculino,Parda,3,0,1624120.00,0.00,10,1,7,7
2020,Feminino,Não informado,1,0,545684.68,0.00,10,2,4,2
2020,Feminino,Branca,1,0,143951.15,0.00,10,2,14,2
2020,Feminino,Parda,1,0,76620.14,0.00,10,2,14,2
2020,Masculino,Branca,2,0,334960.82,0.00,10,2,14,2
2020,Feminino,Branca,2,0,79200.00,0.00,10,3,10,1
2020,Feminino,Não informado,1,0,39600.00,0.00,10,3,10,3
2020,Feminino,Preta,1,0,66000.00,0.00,10,3,10,3
2020,Masculino,Parda,2,2,79200.00,92400.00,10,3,10,3
2020,Feminino,Branca,5,4,198000.00,171600.00,10,3,10,6
2020,Feminino,Não informado,1,0,39600.00,0.00,10,3,10,6
2020,Feminino,Parda,2,1,79200.00,39600.00,10,3,10,6
2020,Masculino,Branca,3,2,118800.00,92400.00,10,3,10,6
2020,Masculino,Não informado,1,0,39600.00,0.00,10,3,10,6
2020,Feminino,Branca,1,1,39600.00,39600.00,10,3,10,7
2020,Feminino,Parda,1,0,39600.00,0.00,10,3,10,7
2020,Masculino,Branca,3,0,118800.00,0.00,10,3,10,7
2020,Masculino,Não informado,1,0,39600.00,0.00,10,3,10,7
2020,Feminino,Branca,1,0,0.00,0.00,10,3,12,6
2020,Feminino,Parda,1,1,59100.00,59100.00,10,3,12,6
2020,Masculino,Parda,1,0,65300.00,0.00,10,3,12,6
2020,Feminino,Parda,1,0,31500.00,0.00,10,3,12,7
2020,Masculino,Não informado,1,1,62650.00,62650.00,10,3,13,6
2020,Feminino,Branca,1,0,57600.00,0.00,10,3,13,7
2020,Masculino,Branca,1,0,198800.00,0.00,11,1,7,1
2020,Feminino,Branca,2,0,398400.00,0.00,11,1,7,6
2020,Masculino,Branca,2,0,375548.00,0.00,11,1,7,6
2020,Masculino,Não informado,3,0,642675.00,0.00,11,1,7,6
2020,Feminino,Branca,1,0,147920.00,0.00,11,1,7,7
2020,Feminino,Não informado,1,0,249400.00,0.00,11,1,7,7
2020,Feminino,Amarela,1,1,39600.00,39600.00,11,3,9,1
2020,Feminino,Branca,25,5,990000.00,198000.00,11,3,9,1
2020,Feminino,Indígena,1,1,39600.00,39600.00,11,3,9,1
2020,Feminino,Não informado,3,1,118800.00,39600.00,11,3,9,1
2020,Feminino,Parda,10,1,396000.00,39600.00,11,3,9,1
2020,Feminino,Preta,1,0,39600.00,0.00,11,3,9,1
2020,Masculino,Amarela,3,1,118800.00,39600.00,11,3,9,1
2020,Masculino,Branca,55,16,2178000.00,673200.00,11,3,9,1
2020,Masculino,Indígena,1,0,39600.00,0.00,11,3,9,1
2020,Masculino,Não informado,9,2,356400.00,79200.00,11,3,9,1
2020,Masculino,Parda,22,4,871200.00,171600.00,11,3,9,1
2020,Masculino,Preta,4,1,158400.00,39600.00,11,3,9,1
2020,Feminino,Amarela,2,1,79200.00,39600.00,11,3,9,3
2020,Feminino,Branca,63,10,2494800.00,409200.00,11,3,9,3
2020,Feminino,Não informado,10,1,396000.00,39600.00,11,3,9,3
2020,Feminino,Parda,26,3,1029600.00,118800.00,11,3,9,3
2020,Feminino,Preta,6,1,237600.00,39600.00,11,3,9,3
2020,Masculino,Amarela,3,0,118800.00,0.00,11,3,9,3
2020,Masculino,Branca,97,22,3841200.00,924000.00,11,3,9,3
2020,Masculino,Indígena,2,0,79200.00,0.00,11,3,9,3
2020,Masculino,Não informado,27,8,1069200.00,316800.00,11,3,9,3
2020,Masculino,Parda,63,13,2494800.00,528000.00,11,3,9,3
2020,Masculino,Preta,13,1,514800.00,39600.00,11,3,9,3
2020,Feminino,Amarela,1,1,39600.00,39600.00,11,3,9,4
2020,Feminino,Branca,9,2,356400.00,79200.00,11,3,9,4
2020,Feminino,Parda,11,2,435600.00,79200.00,11,3,9,4
2020,Masculino,Branca,26,3,1029600.00,132000.00,11,3,9,4
2020,Masculino,Não informado,6,3,237600.00,132000.00,11,3,9,4
2020,Masculino,Parda,23,2,910800.00,79200.00,11,3,9,4
2020,Masculino,Preta,3,0,118800.00,0.00,11,3,9,4
2020,Feminino,Amarela,5,1,198000.00,39600.00,11,3,9,6
2020,Feminino,Branca,156,33,6177600.00,1372800.00,11,3,9,6
2020,Feminino,Não informado,16,3,633600.00,132000.00,11,3,9,6
2020,Feminino,Parda,17,3,673200.00,118800.00,11,3,9,6
2020,Feminino,Preta,4,1,158400.00,39600.00,11,3,9,6
2020,Masculino,Amarela,15,5,594000.00,224400.00,11,3,9,6
2020,Masculino,Branca,261,52,10335600.00,2164800.00,11,3,9,6
2020,Masculino,Indígena,3,0,118800.00,0.00,11,3,9,6
2020,Masculino,Não informado,52,9,2059200.00,369600.00,11,3,9,6
2020,Masculino,Parda,56,8,2217600.00,316800.00,11,3,9,6
2020,Masculino,Preta,11,1,435600.00,39600.00,11,3,9,6
2020,Feminino,Amarela,3,0,118800.00,0.00,11,3,9,7
2020,Feminino,Branca,91,22,3603600.00,871200.00,11,3,9,7
2020,Feminino,Não informado,3,3,118800.00,132000.00,11,3,9,7
2020,Feminino,Parda,6,0,237600.00,0.00,11,3,9,7
2020,Feminino,Preta,1,0,39600.00,0.00,11,3,9,7
2020,Masculino,Amarela,6,0,237600.00,0.00,11,3,9,7
2020,Masculino,Branca,172,40,6811200.00,1650000.00,11,3,9,7
2020,Masculino,Indígena,1,0,39600.00,0.00,11,3,9,7
2020,Masculino,Não informado,26,7,1029600.00,290400.00,11,3,9,7
2020,Masculino,Parda,22,3,871200.00,118800.00,11,3,9,7
2020,Masculino,Preta,3,1,118800.00,39600.00,11,3,9,7
2020,Masculino,Branca,1,0,39600.00,0.00,11,3,10,3
2021,Feminino,Amarela,5,0,587618.96,0.00,1,1,7,1
2021,Feminino,Branca,70,20,10729852.25,3336786.02,1,1,7,1
2021,Feminino,Não informado,10,3,1470907.11,293049.40,1,1,7,1
2021,Feminino,Parda,12,3,1517553.60,262950.00,1,1,7,1
2021,Feminino,Preta,1,0,49500.00,0.00,1,1,7,1
2021,Masculino,Amarela,3,1,329308.00,175740.50,1,1,7,1
2021,Masculino,Branca,113,26,19296158.63,4070016.42,1,1,7,1
2021,Masculino,Indígena,1,0,165000.00,0.00,1,1,7,1
2021,Masculino,Não informado,20,6,3408621.00,820780.00,1,1,7,1
2021,Masculino,Parda,40,11,7762196.02,2444404.12,1,1,7,1
2021,Feminino,Branca,7,1,978753.48,150564.68,1,1,7,2
2021,Feminino,Não informado,2,0,383992.12,0.00,1,1,7,2
2021,Feminino,Parda,4,1,658329.08,100100.28,1,1,7,2
2021,Masculino,Amarela,1,0,150015.92,0.00,1,1,7,2
2021,Masculino,Branca,15,5,2438439.99,600544.83,1,1,7,2
2021,Masculino,Não informado,2,1,364742.48,143151.04,1,1,7,2
2021,Masculino,Parda,2,0,310015.92,0.00,1,1,7,2
2021,Masculino,Preta,1,0,150015.92,0.00,1,1,7,2
2021,Feminino,Amarela,4,1,716530.45,397800.00,1,1,7,3
2021,Feminino,Branca,64,16,8121429.48,1761505.39,1,1,7,3
2021,Feminino,Não informado,5,1,520419.52,82838.00,1,1,7,3
2021,Feminino,Parda,40,7,6909256.75,915526.60,1,1,7,3
2021,Feminino,Preta,8,4,1383963.92,639690.00,1,1,7,3
2021,Masculino,Amarela,4,1,420500.00,150077.00,1,1,7,3
2021,Masculino,Branca,123,30,17993243.84,3476178.59,1,1,7,3
2021,Masculino,Indígena,1,0,163200.00,0.00,1,1,7,3
2021,Masculino,Não informado,24,6,4183976.61,621269.04,1,1,7,3
2021,Masculino,Parda,70,24,9089229.67,2866893.20,1,1,7,3
2021,Masculino,Preta,8,2,884297.94,327000.00,1,1,7,3
2021,Feminino,Amarela,4,4,563067.44,512687.44,1,1,7,4
2021,Feminino,Branca,18,1,2495977.93,144000.00,1,1,7,4
2021,Feminino,Indígena,1,0,145200.00,0.00,1,1,7,4
2021,Feminino,Não informado,1,0,82477.07,0.00,1,1,7,4
2021,Feminino,Parda,20,3,3112737.30,173913.25,1,1,7,4
2021,Feminino,Preta,2,0,139297.14,0.00,1,1,7,4
2021,Masculino,Amarela,2,1,318000.00,180000.00,1,1,7,4
2021,Masculino,Branca,42,11,5469557.16,1308250.66,1,1,7,4
2021,Masculino,Não informado,9,1,1037173.48,70548.60,1,1,7,4
2021,Masculino,Parda,37,8,4544769.64,820782.35,1,1,7,4
2021,Masculino,Preta,4,2,773500.00,238348.40,1,1,7,4
2021,Feminino,Amarela,11,5,1451739.28,370675.52,1,1,7,6
2021,Feminino,Branca,216,60,34042397.79,8316632.38,1,1,7,6
2021,Feminino,Não informado,21,6,2565536.19,705238.13,1,1,7,6
2021,Feminino,Parda,21,6,2941927.29,834047.96,1,1,7,6
2021,Feminino,Preta,4,1,787650.00,415800.00,1,1,7,6
2021,Masculino,Amarela,8,5,1463775.92,512981.92,1,1,7,6
2021,Masculino,Branca,340,114,62237500.39,18409098.18,1,1,7,6
2021,Masculino,Indígena,2,0,182660.00,0.00,1,1,7,6
2021,Masculino,Não informado,45,23,6127995.23,2431341.69,1,1,7,6
2021,Masculino,Parda,54,14,9858323.91,2741245.98,1,1,7,6
2021,Masculino,Preta,8,3,1161135.00,534480.00,1,1,7,6
2021,Feminino,Amarela,7,3,1075671.38,489489.38,1,1,7,7
2021,Feminino,Branca,138,41,21825651.17,5742425.90,1,1,7,7
2021,Feminino,Não informado,14,2,2078499.00,149500.00,1,1,7,7
2021,Feminino,Parda,4,1,521030.00,5000.00,1,1,7,7
2021,Feminino,Preta,1,0,150015.92,0.00,1,1,7,7
2021,Masculino,Amarela,5,1,436580.00,14000.00,1,1,7,7
2021,Masculino,Branca,244,78,44314139.21,13006067.37,1,1,7,7
2021,Masculino,Não informado,37,20,6266169.14,2967981.35,1,1,7,7
2021,Masculino,Parda,14,3,1883944.37,247976.68,1,1,7,7
2021,Masculino,Preta,2,0,432880.70,0.00,1,1,7,7
2021,Masculino,Branca,1,1,7900.00,7900.00,1,3,1,6
2021,Masculino,Branca,2,1,42400.00,14200.00,1,3,3,1
2021,Masculino,Branca,2,1,27900.00,13950.00,1,3,3,3
2021,Masculino,Preta,1,0,14700.00,0.00,1,3,3,3
2021,Feminino,Branca,1,0,20200.00,0.00,1,3,3,6
2021,Masculino,Branca,2,1,34857.44,13900.00,1,3,3,6
2021,Masculino,Não informado,1,1,14200.00,14200.00,1,3,3,6
2021,Feminino,Branca,1,1,16200.00,16200.00,1,3,3,7
2021,Masculino,Branca,1,1,20700.00,20700.00,1,3,3,7
2021,Feminino,Amarela,1,0,19544.96,0.00,1,3,8,1
2021,Feminino,Branca,1,0,63880.00,0.00,1,3,8,3
2021,Masculino,Branca,3,0,193000.00,0.00,1,3,8,3
2021,Masculino,Branca,1,1,63600.00,63600.00,1,3,8,4
2021,Feminino,Branca,1,1,16800.00,16800.00,1,3,8,6
2021,Feminino,Não informado,2,0,124800.00,0.00,1,3,8,6
2021,Masculino,Branca,3,2,158600.00,84200.00,1,3,8,6
2021,Masculino,Branca,1,0,67093.00,0.00,1,3,8,7
2021,Feminino,Amarela,2,1,79200.00,52800.00,1,3,10,1
2021,Feminino,Branca,32,15,1267200.00,660000.00,1,3,10,1
2021,Feminino,Não informado,3,3,118800.00,132000.00,1,3,10,1
2021,Feminino,Parda,11,3,435600.00,118800.00,1,3,10,1
2021,Masculino,Branca,82,53,3247200.00,2349600.00,1,3,10,1
2021,Masculino,Não informado,7,5,277200.00,211200.00,1,3,10,1
2021,Masculino,Parda,27,14,1069200.00,620400.00,1,3,10,1
2021,Feminino,Amarela,1,1,39600.00,39600.00,1,3,10,3
2021,Feminino,Branca,44,26,1742400.00,1161600.00,1,3,10,3
2021,Feminino,Não informado,9,3,356400.00,145200.00,1,3,10,3
2021,Feminino,Parda,16,9,633600.00,409200.00,1,3,10,3
2021,Masculino,Amarela,2,1,79200.00,39600.00,1,3,10,3
2021,Masculino,Branca,80,47,3194400.00,2085600.00,1,3,10,3
2021,Masculino,Indígena,1,0,39600.00,0.00,1,3,10,3
2021,Masculino,Não informado,8,5,316800.00,250800.00,1,3,10,3
2021,Masculino,Parda,38,21,1504800.00,910800.00,1,3,10,3
2021,Masculino,Preta,7,1,277200.00,39600.00,1,3,10,3
2021,Feminino,Amarela,1,1,39600.00,39600.00,1,3,10,4
2021,Feminino,Branca,8,3,316800.00,118800.00,1,3,10,4
2021,Feminino,Indígena,1,1,39600.00,39600.00,1,3,10,4
2021,Feminino,Não informado,1,0,39600.00,0.00,1,3,10,4
2021,Feminino,Parda,3,0,118800.00,0.00,1,3,10,4
2021,Feminino,Preta,2,2,79200.00,79200.00,1,3,10,4
2021,Masculino,Amarela,1,0,39600.00,0.00,1,3,10,4
2021,Masculino,Branca,19,12,752400.00,501600.00,1,3,10,4
2021,Masculino,Não informado,6,1,237600.00,39600.00,1,3,10,4
2021,Masculino,Parda,8,5,316800.00,211200.00,1,3,10,4
2021,Feminino,Amarela,7,2,277200.00,105600.00,1,3,10,6
2021,Feminino,Branca,174,85,6916800.00,3867600.00,1,3,10,6
2021,Feminino,Não informado,12,5,475200.00,224400.00,1,3,10,6
2021,Feminino,Parda,11,6,435600.00,237600.00,1,3,10,6
2021,Feminino,Preta,4,2,158400.00,79200.00,1,3,10,6
2021,Masculino,Amarela,10,8,396000.00,330000.00,1,3,10,6
2021,Masculino,Branca,311,215,12421200.00,9952800.00,1,3,10,6
2021,Masculino,Não informado,39,24,1544400.00,1161600.00,1,3,10,6
2021,Masculino,Parda,41,26,1650000.00,1148400.00,1,3,10,6
2021,Masculino,Preta,5,4,198000.00,198000.00,1,3,10,6
2021,Feminino,Amarela,2,2,79200.00,79200.00,1,3,10,7
2021,Feminino,Branca,93,47,3682800.00,2125200.00,1,3,10,7
2021,Feminino,Não informado,6,2,264000.00,79200.00,1,3,10,7
2021,Feminino,Preta,1,0,39600.00,0.00,1,3,10,7
2021,Masculino,Amarela,3,2,118800.00,105600.00,1,3,10,7
2021,Masculino,Branca,187,104,7484400.00,4712400.00,1,3,10,7
2021,Masculino,Indígena,1,0,39600.00,0.00,1,3,10,7
2021,Masculino,Não informado,18,10,712800.00,475200.00,1,3,10,7
2021,Masculino,Parda,7,5,277200.00,211200.00,1,3,10,7
2021,Masculino,Preta,2,1,79200.00,52800.00,1,3,10,7
2021,Feminino,Branca,2,0,107950.00,0.00,1,3,11,1
2021,Masculino,Não informado,1,1,57400.00,57400.00,1,3,11,1
2021,Feminino,Preta,1,0,57400.00,0.00,1,3,11,3
2021,Feminino,Branca,2,0,106600.00,0.00,1,3,11,6
2021,Feminino,Não informado,1,1,57400.00,57400.00,1,3,11,6
2021,Masculino,Branca,3,1,168300.00,61700.00,1,3,11,6
2021,Masculino,Não informado,2,0,111600.00,0.00,1,3,11,6
2021,Masculino,Parda,2,1,108200.00,54900.00,1,3,11,6
2021,Masculino,Preta,1,1,53300.00,53300.00,1,3,11,6
2021,Feminino,Branca,2,0,109600.00,0.00,1,3,11,7
2021,Masculino,Branca,3,1,162900.00,56300.00,1,3,11,7
2021,Masculino,Não informado,1,0,53300.00,0.00,1,3,11,7
2021,Feminino,Amarela,2,1,108000.00,54000.00,1,3,12,1
2021,Feminino,Branca,10,7,548400.00,386400.00,1,3,12,1
2021,Feminino,Não informado,1,1,54000.00,54000.00,1,3,12,1
2021,Feminino,Parda,9,3,491000.00,165000.00,1,3,12,1
2021,Feminino,Preta,2,1,121310.00,54000.00,1,3,12,1
2021,Masculino,Branca,4,1,220100.00,54000.00,1,3,12,1
2021,Masculino,Parda,2,0,108000.00,0.00,1,3,12,1
2021,Feminino,Amarela,2,2,108000.00,108000.00,1,3,12,3
2021,Feminino,Branca,13,1,703500.00,54000.00,1,3,12,3
2021,Feminino,Não informado,6,4,324000.00,216000.00,1,3,12,3
2021,Feminino,Parda,16,5,820450.00,270000.00,1,3,12,3
2021,Feminino,Preta,4,2,216000.00,108000.00,1,3,12,3
2021,Masculino,Branca,15,8,824467.00,441400.00,1,3,12,3
2021,Masculino,Não informado,4,2,216500.00,108000.00,1,3,12,3
2021,Masculino,Parda,27,15,1468375.21,810500.00,1,3,12,3
2021,Masculino,Preta,3,2,165000.00,108000.00,1,3,12,3
2021,Feminino,Branca,2,2,108000.00,108000.00,1,3,12,4
2021,Feminino,Parda,5,1,270600.00,54000.00,1,3,12,4
2021,Masculino,Amarela,1,0,54000.00,0.00,1,3,12,4
2021,Masculino,Branca,1,0,54000.00,0.00,1,3,12,4
2021,Feminino,Amarela,3,2,166100.00,112100.00,1,3,12,6
2021,Feminino,Branca,85,59,4610134.00,3200084.00,1,3,12,6
2021,Feminino,Não informado,14,8,757800.00,432500.00,1,3,12,6
2021,Feminino,Parda,25,15,1356800.00,813000.00,1,3,12,6
2021,Feminino,Preta,8,4,432500.00,216000.00,1,3,12,6
2021,Masculino,Amarela,4,3,217000.00,162500.00,1,3,12,6
2021,Masculino,Branca,42,29,2285170.00,1575670.00,1,3,12,6
2021,Masculino,Indígena,1,1,54000.00,54000.00,1,3,12,6
2021,Masculino,Não informado,4,3,220000.00,166000.00,1,3,12,6
2021,Masculino,Parda,28,16,1522720.00,874220.00,1,3,12,6
2021,Masculino,Preta,3,1,166400.00,54000.00,1,3,12,6
2021,Feminino,Amarela,1,0,54000.00,0.00,1,3,12,7
2021,Feminino,Branca,58,38,3155600.00,2066600.00,1,3,12,7
2021,Feminino,Não informado,3,1,162000.00,54000.00,1,3,12,7
2021,Feminino,Parda,9,3,486500.00,162500.00,1,3,12,7
2021,Feminino,Preta,1,1,54000.00,54000.00,1,3,12,7
2021,Masculino,Branca,20,13,1081800.00,703000.00,1,3,12,7
2021,Masculino,Não informado,3,2,162000.00,108000.00,1,3,12,7
2021,Masculino,Parda,2,2,108000.00,108000.00,1,3,12,7
2021,Masculino,Preta,1,1,54000.00,54000.00,1,3,12,7
2021,Feminino,Branca,2,0,115200.00,0.00,1,3,13,1
2021,Feminino,Preta,1,0,57600.00,0.00,1,3,13,1
2021,Masculino,Branca,2,2,115700.00,115700.00,1,3,13,1
2021,Masculino,Parda,2,0,119600.00,0.00,1,3,13,1
2021,Feminino,Branca,4,1,244200.00,66400.00,1,3,13,3
2021,Feminino,Não informado,1,0,57600.00,0.00,1,3,13,3
2021,Feminino,Parda,4,0,230400.00,0.00,1,3,13,3
2021,Masculino,Branca,3,0,175300.00,0.00,1,3,13,3
2021,Masculino,Preta,1,1,57600.00,57600.00,1,3,13,3
2021,Feminino,Branca,1,0,57600.00,0.00,1,3,13,4
2021,Feminino,Parda,1,1,57600.00,57600.00,1,3,13,4
2021,Masculino,Parda,1,0,58350.00,0.00,1,3,13,4
2021,Feminino,Branca,13,5,809544.00,288800.00,1,3,13,6
2021,Feminino,Não informado,1,1,58100.00,58100.00,1,3,13,6
2021,Feminino,Parda,4,0,230900.00,0.00,1,3,13,6
2021,Masculino,Branca,6,3,343400.00,176600.00,1,3,13,6
2021,Masculino,Não informado,4,1,230900.00,57600.00,1,3,13,6
2021,Masculino,Parda,4,3,234150.00,175550.00,1,3,13,6
2021,Feminino,Branca,7,3,413250.00,173550.00,1,3,13,7
2021,Feminino,Parda,1,1,57600.00,57600.00,1,3,13,7
2021,Masculino,Branca,3,0,225600.00,0.00,1,3,13,7
2021,Masculino,Não informado,3,1,176750.74,57600.00,1,3,13,7
2021,Feminino,Branca,51,19,8631931.10,2744535.26,2,1,7,1
2021,Feminino,Indígena,1,1,118000.00,146000.00,2,1,7,1
2021,Feminino,Não informado,6,0,712300.00,0.00,2,1,7,1
2021,Feminino,Parda,14,5,2646824.92,528994.00,2,1,7,1
2021,Feminino,Preta,1,0,275000.00,0.00,2,1,7,1
2021,Masculino,Amarela,1,1,198000.00,198000.00,2,1,7,1
2021,Masculino,Branca,57,20,9019422.21,2608939.93,2,1,7,1
2021,Masculino,Indígena,1,0,275000.00,0.00,2,1,7,1
2021,Masculino,Não informado,14,3,3136870.00,647900.00,2,1,7,1
2021,Masculino,Parda,19,8,3460334.47,1220444.04,2,1,7,1
2021,Masculino,Preta,4,0,917900.00,0.00,2,1,7,1
2021,Feminino,Amarela,1,0,125232.08,0.00,2,1,7,2
2021,Feminino,Branca,21,10,4270582.46,1229772.24,2,1,7,2
2021,Feminino,Não informado,3,1,416721.08,90865.24,2,1,7,2
2021,Feminino,Parda,4,3,599095.28,284881.76,2,1,7,2
2021,Feminino,Preta,1,0,265190.96,0.00,2,1,7,2
2021,Masculino,Amarela,1,0,152167.92,0.00,2,1,7,2
2021,Masculino,Branca,22,12,2978101.11,1099827.91,2,1,7,2
2021,Masculino,Não informado,9,4,1140383.24,421307.80,2,1,7,2
2021,Masculino,Parda,3,3,463384.78,416040.78,2,1,7,2
2021,Feminino,Amarela,1,0,66000.00,0.00,2,1,7,3
2021,Feminino,Branca,93,28,15138963.76,3500261.40,2,1,7,3
2021,Feminino,Não informado,23,7,2525496.04,437291.81,2,1,7,3
2021,Feminino,Parda,46,11,6261850.09,923411.04,2,1,7,3
2021,Feminino,Preta,8,1,1200577.00,139815.44,2,1,7,3
2021,Masculino,Amarela,3,2,398715.04,308215.04,2,1,7,3
2021,Masculino,Branca,83,26,14336499.01,3780025.40,2,1,7,3
2021,Masculino,Não informado,28,9,4459385.08,1198552.40,2,1,7,3
2021,Masculino,Parda,36,7,4929126.41,788079.74,2,1,7,3
2021,Masculino,Preta,11,4,1695271.49,473527.46,2,1,7,3
2021,Feminino,Amarela,4,2,738922.24,397922.24,2,1,7,4
2021,Feminino,Branca,28,5,4314395.85,668823.48,2,1,7,4
2021,Feminino,Indígena,1,0,157000.00,0.00,2,1,7,4
2021,Feminino,Não informado,7,3,1138106.34,429984.00,2,1,7,4
2021,Feminino,Parda,19,6,2846735.00,1109696.00,2,1,7,4
2021,Masculino,Amarela,4,3,630815.92,401291.00,2,1,7,4
2021,Masculino,Branca,48,17,8415623.62,2657293.96,2,1,7,4
2021,Masculino,Não informado,16,3,1870375.88,232563.50,2,1,7,4
2021,Masculino,Parda,20,3,3322254.09,510200.00,2,1,7,4
2021,Masculino,Preta,2,0,283900.00,0.00,2,1,7,4
2021,Feminino,Amarela,9,2,1754560.23,551229.36,2,1,7,6
2021,Feminino,Branca,353,123,56857365.08,16404156.21,2,1,7,6
2021,Feminino,Não informado,53,18,8149659.06,2398956.29,2,1,7,6
2021,Feminino,Parda,30,12,4783851.88,1889819.00,2,1,7,6
2021,Feminino,Preta,7,3,1118926.42,711714.42,2,1,7,6
2021,Masculino,Amarela,6,0,833959.92,0.00,2,1,7,6
2021,Masculino,Branca,337,122,62082833.97,17059389.22,2,1,7,6
2021,Masculino,Não informado,77,31,13147361.19,4155194.66,2,1,7,6
2021,Masculino,Parda,47,24,7849815.45,3507782.75,2,1,7,6
2021,Masculino,Preta,5,3,842155.80,311082.76,2,1,7,6
2021,Feminino,Amarela,2,0,193500.00,0.00,2,1,7,7
2021,Feminino,Branca,181,70,28156626.08,8711360.26,2,1,7,7
2021,Feminino,Não informado,20,8,2546195.96,972113.80,2,1,7,7
2021,Feminino,Parda,2,0,302500.00,0.00,2,1,7,7
2021,Feminino,Preta,1,0,87500.00,0.00,2,1,7,7
2021,Masculino,Amarela,3,0,560049.00,0.00,2,1,7,7
2021,Masculino,Branca,136,61,22119355.23,8533689.71,2,1,7,7
2021,Masculino,Indígena,1,0,164421.42,0.00,2,1,7,7
2021,Masculino,Não informado,29,9,5198497.09,1341106.20,2,1,7,7
2021,Masculino,Parda,8,2,952985.28,359585.28,2,1,7,7
2021,Masculino,Preta,1,1,254200.00,140000.00,2,1,7,7
2021,Feminino,Branca,1,1,12200.00,12200.00,2,3,3,3
2021,Feminino,Branca,1,1,13700.00,13700.00,2,3,3,6
2021,Feminino,Não informado,1,0,15200.00,0.00,2,3,3,6
2021,Masculino,Branca,1,0,14000.00,0.00,2,3,3,6
2021,Masculino,Preta,1,0,15470.00,0.00,2,3,3,6
2021,Feminino,Branca,1,1,15200.00,15200.00,2,3,3,7
2021,Masculino,Branca,2,0,22000.00,0.00,2,3,3,7
2021,Feminino,Branca,1,0,62400.00,0.00,2,3,8,1
2021,Masculino,Branca,1,0,68400.00,0.00,2,3,8,1
2021,Feminino,Branca,1,0,92400.00,0.00,2,3,8,3
2021,Feminino,Não informado,2,0,132300.00,0.00,2,3,8,3
2021,Masculino,Branca,2,1,130800.00,63400.00,2,3,8,3
2021,Masculino,Parda,1,0,67900.00,0.00,2,3,8,3
2021,Feminino,Não informado,1,0,36400.00,0.00,2,3,8,4
2021,Feminino,Parda,1,1,21600.00,21600.00,2,3,8,4
2021,Feminino,Branca,1,1,65400.00,65400.00,2,3,8,6
2021,Masculino,Branca,4,1,174500.00,22100.00,2,3,8,6
2021,Feminino,Branca,2,0,126800.00,0.00,2,3,8,7
2021,Feminino,Branca,21,11,858000.00,528000.00,2,3,10,1
2021,Feminino,Não informado,4,2,158400.00,79200.00,2,3,10,1
2021,Feminino,Parda,3,0,118800.00,0.00,2,3,10,1
2021,Masculino,Amarela,1,0,39600.00,0.00,2,3,10,1
2021,Masculino,Branca,43,17,1702800.00,752400.00,2,3,10,1
2021,Masculino,Não informado,19,11,752400.00,488400.00,2,3,10,1
2021,Masculino,Parda,11,5,435600.00,250800.00,2,3,10,1
2021,Masculino,Preta,3,2,118800.00,92400.00,2,3,10,1
2021,Feminino,Branca,52,24,2059200.00,1056000.00,2,3,10,3
2021,Feminino,Não informado,12,5,475200.00,211200.00,2,3,10,3
2021,Feminino,Parda,27,12,1069200.00,488400.00,2,3,10,3
2021,Feminino,Preta,2,1,79200.00,39600.00,2,3,10,3
2021,Masculino,Amarela,1,0,39600.00,0.00,2,3,10,3
2021,Masculino,Branca,70,32,2824800.00,1452000.00,2,3,10,3
2021,Masculino,Não informado,28,14,1108800.00,633600.00,2,3,10,3
2021,Masculino,Parda,28,12,1108800.00,514800.00,2,3,10,3
2021,Masculino,Preta,6,2,237600.00,79200.00,2,3,10,3
2021,Feminino,Amarela,2,1,79200.00,52800.00,2,3,10,4
2021,Feminino,Branca,13,6,514800.00,277200.00,2,3,10,4
2021,Feminino,Não informado,3,1,118800.00,52800.00,2,3,10,4
2021,Feminino,Parda,10,6,396000.00,277200.00,2,3,10,4
2021,Masculino,Amarela,1,0,39600.00,0.00,2,3,10,4
2021,Masculino,Branca,25,11,990000.00,501600.00,2,3,10,4
2021,Masculino,Não informado,6,4,237600.00,171600.00,2,3,10,4
2021,Masculino,Parda,16,7,633600.00,303600.00,2,3,10,4
2021,Masculino,Preta,1,0,39600.00,0.00,2,3,10,4
2021,Feminino,Amarela,15,11,620400.00,528000.00,2,3,10,6
2021,Feminino,Branca,425,222,17014800.00,10084800.00,2,3,10,6
2021,Feminino,Não informado,69,40,2758800.00,1914000.00,2,3,10,6
2021,Feminino,Parda,35,15,1386000.00,646800.00,2,3,10,6
2021,Feminino,Preta,4,2,158400.00,79200.00,2,3,10,6
2021,Masculino,Amarela,10,4,396000.00,184800.00,2,3,10,6
2021,Masculino,Branca,380,251,15232800.00,11906400.00,2,3,10,6
2021,Masculino,Indígena,1,1,39600.00,52800.00,2,3,10,6
2021,Masculino,Não informado,96,56,3828000.00,2653200.00,2,3,10,6
2021,Masculino,Parda,42,26,1663200.00,1201200.00,2,3,10,6
2021,Masculino,Preta,7,5,277200.00,224400.00,2,3,10,6
2021,Feminino,Amarela,6,2,237600.00,105600.00,2,3,10,7
2021,Feminino,Branca,133,72,5293200.00,3102000.00,2,3,10,7
2021,Feminino,Não informado,12,8,475200.00,369600.00,2,3,10,7
2021,Feminino,Parda,1,0,39600.00,0.00,2,3,10,7
2021,Feminino,Preta,1,1,39600.00,39600.00,2,3,10,7
2021,Masculino,Amarela,2,2,79200.00,92400.00,2,3,10,7
2021,Masculino,Branca,108,63,4276800.00,3009600.00,2,3,10,7
2021,Masculino,Não informado,22,16,871200.00,739200.00,2,3,10,7
2021,Masculino,Parda,4,2,158400.00,118800.00,2,3,10,7
2021,Feminino,Branca,3,2,159900.00,106600.00,2,3,11,1
2021,Feminino,Não informado,1,1,53300.00,53300.00,2,3,11,1
2021,Feminino,Branca,1,1,53800.00,53800.00,2,3,11,3
2021,Feminino,Parda,1,1,53300.00,53300.00,2,3,11,3
2021,Feminino,Branca,6,3,321800.00,161900.00,2,3,11,6
2021,Masculino,Branca,2,0,106600.00,0.00,2,3,11,6
2021,Masculino,Parda,2,1,106600.00,53300.00,2,3,11,6
2021,Masculino,Preta,1,0,53300.00,0.00,2,3,11,6
2021,Feminino,Branca,7,2,373100.00,106600.00,2,3,11,7
2021,Feminino,Não informado,2,1,106600.00,53300.00,2,3,11,7
2021,Masculino,Branca,1,0,53300.00,0.00,2,3,11,7
2021,Feminino,Amarela,2,1,108000.00,54000.00,2,3,12,1
2021,Feminino,Branca,14,7,815200.00,378000.00,2,3,12,1
2021,Feminino,Não informado,4,3,181200.00,181200.00,2,3,12,1
2021,Feminino,Parda,1,1,54000.00,54000.00,2,3,12,1
2021,Masculino,Branca,12,9,654100.00,491400.00,2,3,12,1
2021,Masculino,Não informado,1,0,54000.00,0.00,2,3,12,1
2021,Masculino,Parda,4,4,216800.00,216800.00,2,3,12,1
2021,Masculino,Preta,2,1,103500.00,54000.00,2,3,12,1
2021,Feminino,Branca,25,13,1358000.00,708000.00,2,3,12,3
2021,Feminino,Não informado,5,4,247000.00,216000.00,2,3,12,3
2021,Feminino,Parda,23,12,1249100.00,648000.00,2,3,12,3
2021,Feminino,Preta,4,1,216000.00,54000.00,2,3,12,3
2021,Masculino,Branca,21,12,1155600.00,656400.00,2,3,12,3
2021,Masculino,Não informado,3,2,162000.00,108000.00,2,3,12,3
2021,Masculino,Parda,19,13,1028000.00,703500.00,2,3,12,3
2021,Masculino,Preta,4,2,222000.00,110000.00,2,3,12,3
2021,Feminino,Branca,4,1,216600.00,54000.00,2,3,12,4
2021,Feminino,Não informado,4,1,221100.00,54000.00,2,3,12,4
2021,Feminino,Parda,5,5,272250.00,272250.00,2,3,12,4
2021,Masculino,Branca,11,8,597500.00,435500.00,2,3,12,4
2021,Masculino,Parda,4,0,226900.00,0.00,2,3,12,4
2021,Masculino,Preta,3,1,168000.00,54000.00,2,3,12,4
2021,Feminino,Amarela,5,3,270000.00,162000.00,2,3,12,6
2021,Feminino,Branca,161,100,8704127.54,5405600.00,2,3,12,6
2021,Feminino,Não informado,37,26,1987700.00,1384600.00,2,3,12,6
2021,Feminino,Parda,42,22,2279615.20,1193415.20,2,3,12,6
2021,Feminino,Preta,10,6,540300.00,324000.00,2,3,12,6
2021,Masculino,Amarela,2,1,108000.00,54000.00,2,3,12,6
2021,Masculino,Branca,96,66,5229495.95,3592345.95,2,3,12,6
2021,Masculino,Não informado,26,14,1401100.00,746600.00,2,3,12,6
2021,Masculino,Parda,26,15,1415050.00,821050.00,2,3,12,6
2021,Masculino,Preta,7,6,378000.00,324000.00,2,3,12,6
2021,Feminino,Amarela,1,0,54000.00,0.00,2,3,12,7
2021,Feminino,Branca,67,45,3633550.00,2440900.00,2,3,12,7
2021,Feminino,Não informado,9,6,486000.00,324000.00,2,3,12,7
2021,Feminino,Parda,5,1,271000.00,55000.00,2,3,12,7
2021,Feminino,Preta,3,2,162000.00,108000.00,2,3,12,7
2021,Masculino,Amarela,1,0,54000.00,0.00,2,3,12,7
2021,Masculino,Branca,42,26,2285050.00,1410900.00,2,3,12,7
2021,Masculino,Não informado,5,4,270000.00,216000.00,2,3,12,7
2021,Masculino,Parda,3,2,169000.00,114000.00,2,3,12,7
2021,Masculino,Preta,1,1,54000.00,54000.00,2,3,12,7
2021,Feminino,Branca,4,1,230400.00,57600.00,2,3,13,1
2021,Feminino,Parda,1,0,57600.00,0.00,2,3,13,1
2021,Masculino,Branca,5,1,310000.00,72600.00,2,3,13,1
2021,Masculino,Preta,1,0,69600.00,0.00,2,3,13,1
2021,Feminino,Branca,7,2,393600.00,105600.00,2,3,13,3
2021,Feminino,Parda,4,2,230400.00,115200.00,2,3,13,3
2021,Masculino,Branca,5,2,288000.00,115200.00,2,3,13,3
2021,Masculino,Parda,3,1,173550.00,57600.00,2,3,13,3
2021,Feminino,Branca,1,1,58800.00,58800.00,2,3,13,4
2021,Masculino,Parda,2,1,115200.00,57600.00,2,3,13,4
2021,Feminino,Amarela,1,1,57600.00,57600.00,2,3,13,6
2021,Feminino,Branca,32,21,1867950.00,1233600.00,2,3,13,6
2021,Feminino,Não informado,4,4,230900.00,230900.00,2,3,13,6
2021,Feminino,Parda,3,2,173300.00,115200.00,2,3,13,6
2021,Feminino,Preta,3,1,172800.00,57600.00,2,3,13,6
2021,Masculino,Amarela,1,0,57600.00,0.00,2,3,13,6
2021,Masculino,Branca,13,8,749300.00,461300.00,2,3,13,6
2021,Masculino,Não informado,5,2,288000.00,115200.00,2,3,13,6
2021,Masculino,Parda,4,2,237000.00,115200.00,2,3,13,6
2021,Masculino,Preta,1,0,67600.00,0.00,2,3,13,6
2021,Feminino,Branca,10,7,580950.00,407600.00,2,3,13,7
2021,Masculino,Branca,3,3,172800.00,172800.00,2,3,13,7
2021,Masculino,Não informado,1,0,63600.00,0.00,2,3,13,7
2021,Feminino,Amarela,1,1,271216.56,138847.04,3,1,7,1
2021,Feminino,Branca,33,10,7591484.16,1744637.12,3,1,7,1
2021,Feminino,Não informado,3,0,240946.72,0.00,3,1,7,1
2021,Feminino,Parda,11,3,2625517.48,317910.24,3,1,7,1
2021,Feminino,Preta,3,0,204100.00,0.00,3,1,7,1
2021,Masculino,Amarela,3,2,279000.00,206400.00,3,1,7,1
2021,Masculino,Branca,80,34,16785246.89,5422772.96,3,1,7,1
2021,Masculino,Indígena,1,0,154800.00,0.00,3,1,7,1
2021,Masculino,Não informado,17,7,2837500.16,1145646.32,3,1,7,1
2021,Masculino,Parda,26,7,4879927.71,1233946.60,3,1,7,1
2021,Masculino,Preta,3,1,530167.37,369600.00,3,1,7,1
2021,Feminino,Amarela,1,0,273820.48,0.00,3,1,7,2
2021,Feminino,Branca,7,3,993890.44,213413.84,3,1,7,2
2021,Feminino,Não informado,1,1,107277.20,83605.20,3,1,7,2
2021,Feminino,Parda,3,0,397431.36,0.00,3,1,7,2
2021,Masculino,Amarela,2,2,304852.32,169276.32,3,1,7,2
2021,Masculino,Branca,32,16,5668466.85,2165129.64,3,1,7,2
2021,Masculino,Não informado,9,5,1116196.35,449903.68,3,1,7,2
2021,Masculino,Parda,14,4,2299864.24,475893.28,3,1,7,2
2021,Masculino,Preta,1,1,150015.92,82227.92,3,1,7,2
2021,Feminino,Amarela,1,0,165000.00,0.00,3,1,7,3
2021,Feminino,Branca,62,21,11099514.57,2429047.36,3,1,7,3
2021,Feminino,Indígena,1,1,198000.00,198000.00,3,1,7,3
2021,Feminino,Não informado,13,6,1706460.56,491634.56,3,1,7,3
2021,Feminino,Parda,37,7,5238131.84,892363.92,3,1,7,3
2021,Feminino,Preta,1,1,180000.00,72000.00,3,1,7,3
2021,Masculino,Amarela,4,0,436726.50,0.00,3,1,7,3
2021,Masculino,Branca,191,69,33359158.75,10040653.43,3,1,7,3
2021,Masculino,Indígena,2,2,2850240.00,1516608.00,3,1,7,3
2021,Masculino,Não informado,72,23,13292134.93,3126195.47,3,1,7,3
2021,Masculino,Parda,109,30,17758482.19,3469207.89,3,1,7,3
2021,Masculino,Preta,23,9,3908114.56,1178852.10,3,1,7,3
2021,Feminino,Amarela,1,0,286926.16,0.00,3,1,7,4
2021,Feminino,Branca,3,1,835000.00,180000.00,3,1,7,4
2021,Feminino,Indígena,1,0,66000.00,0.00,3,1,7,4
2021,Feminino,Não informado,3,0,350167.92,0.00,3,1,7,4
2021,Feminino,Parda,9,2,1095413.72,197500.00,3,1,7,4
2021,Feminino,Preta,2,0,216414.00,0.00,3,1,7,4
2021,Masculino,Branca,35,11,6159318.71,1509830.88,3,1,7,4
2021,Masculino,Não informado,16,7,2510495.99,789445.44,3,1,7,4
2021,Masculino,Parda,33,6,4559923.79,430612.00,3,1,7,4
2021,Masculino,Preta,1,0,66000.00,0.00,3,1,7,4
2021,Feminino,Amarela,9,0,1028040.00,0.00,3,1,7,6
2021,Feminino,Branca,146,50,25141752.81,5663672.04,3,1,7,6
2021,Feminino,Indígena,1,0,98200.00,0.00,3,1,7,6
2021,Feminino,Não informado,27,14,4465461.28,1561558.24,3,1,7,6
2021,Feminino,Parda,16,8,3079567.28,1033892.89,3,1,7,6
2021,Feminino,Preta,4,1,546194.85,194497.76,3,1,7,6
2021,Masculino,Amarela,15,5,2097094.54,604200.00,3,1,7,6
2021,Masculino,Branca,418,162,80994256.37,22214409.01,3,1,7,6
2021,Masculino,Não informado,129,62,25326924.48,8765181.02,3,1,7,6
2021,Masculino,Parda,74,26,12682042.56,2781378.41,3,1,7,6
2021,Masculino,Preta,16,2,3166883.04,286361.12,3,1,7,6
2021,Feminino,Amarela,1,1,198000.00,126000.00,3,1,7,7
2021,Feminino,Branca,84,37,12142997.36,4215441.54,3,1,7,7
2021,Feminino,Não informado,11,5,1462163.44,362603.44,3,1,7,7
2021,Feminino,Parda,6,2,959817.88,150000.00,3,1,7,7
2021,Feminino,Preta,2,0,295338.64,0.00,3,1,7,7
2021,Masculino,Amarela,3,0,173787.30,0.00,3,1,7,7
2021,Masculino,Branca,248,96,43056631.29,13415003.61,3,1,7,7
2021,Masculino,Indígena,1,0,150015.92,0.00,3,1,7,7
2021,Masculino,Não informado,44,15,6718633.28,1477351.76,3,1,7,7
2021,Masculino,Parda,18,3,2456118.81,356200.00,3,1,7,7
2021,Masculino,Preta,2,1,395800.00,196000.00,3,1,7,7
2021,Masculino,Parda,1,0,13200.00,0.00,3,3,3,3
2021,Masculino,Branca,4,3,59300.00,46100.00,3,3,3,6
2021,Masculino,Não informado,1,1,15200.00,15200.00,3,3,3,6
2021,Masculino,Parda,1,1,16200.00,16200.00,3,3,3,6
2021,Masculino,Branca,1,1,14950.00,14950.00,3,3,3,7
2021,Masculino,Branca,2,1,88400.00,26000.00,3,3,8,1
2021,Feminino,Branca,1,0,62400.00,0.00,3,3,8,3
2021,Masculino,Branca,1,0,62400.00,0.00,3,3,8,3
2021,Masculino,Preta,2,1,138300.00,67400.00,3,3,8,3
2021,Masculino,Branca,2,1,127300.00,63900.00,3,3,8,4
2021,Masculino,Indígena,1,0,34200.00,0.00,3,3,8,4
2021,Masculino,Parda,1,0,62400.00,0.00,3,3,8,4
2021,Feminino,Não informado,1,0,67600.00,0.00,3,3,8,6
2021,Masculino,Branca,9,4,510700.00,192200.00,3,3,8,6
2021,Masculino,Não informado,1,0,62400.00,0.00,3,3,8,6
2021,Masculino,Parda,1,1,68400.00,68400.00,3,3,8,6
2021,Masculino,Branca,3,3,156300.00,156300.00,3,3,8,7
2021,Masculino,Não informado,1,1,62400.00,62400.00,3,3,8,7
2021,Feminino,Amarela,1,0,39600.00,0.00,3,3,10,1
2021,Feminino,Branca,24,9,976800.00,382800.00,3,3,10,1
2021,Feminino,Não informado,2,1,79200.00,39600.00,3,3,10,1
2021,Feminino,Parda,9,6,356400.00,250800.00,3,3,10,1
2021,Feminino,Preta,1,1,39600.00,39600.00,3,3,10,1
2021,Masculino,Amarela,4,2,158400.00,92400.00,3,3,10,1
2021,Masculino,Branca,75,40,2996400.00,1768800.00,3,3,10,1
2021,Masculino,Não informado,19,11,752400.00,462000.00,3,3,10,1
2021,Masculino,Parda,28,12,1108800.00,514800.00,3,3,10,1
2021,Masculino,Preta,3,1,118800.00,39600.00,3,3,10,1
2021,Feminino,Amarela,4,1,158400.00,39600.00,3,3,10,3
2021,Feminino,Branca,50,17,1980000.00,778800.00,3,3,10,3
2021,Feminino,Não informado,14,8,554400.00,316800.00,3,3,10,3
2021,Feminino,Parda,28,10,1108800.00,396000.00,3,3,10,3
2021,Feminino,Preta,2,0,79200.00,0.00,3,3,10,3
2021,Masculino,Amarela,4,2,158400.00,92400.00,3,3,10,3
2021,Masculino,Branca,179,87,7088400.00,3814800.00,3,3,10,3
2021,Masculino,Indígena,3,2,118800.00,118800.00,3,3,10,3
2021,Masculino,Não informado,64,41,2560800.00,1927200.00,3,3,10,3
2021,Masculino,Parda,109,55,4316400.00,2283600.00,3,3,10,3
2021,Masculino,Preta,23,13,910800.00,554400.00,3,3,10,3
2021,Feminino,Branca,1,1,39600.00,39600.00,3,3,10,4
2021,Feminino,Não informado,2,0,79200.00,0.00,3,3,10,4
2021,Feminino,Parda,4,2,158400.00,92400.00,3,3,10,4
2021,Feminino,Preta,1,0,39600.00,0.00,3,3,10,4
2021,Masculino,Branca,22,9,871200.00,422400.00,3,3,10,4
2021,Masculino,Indígena,1,0,39600.00,0.00,3,3,10,4
2021,Masculino,Não informado,12,6,475200.00,250800.00,3,3,10,4
2021,Masculino,Parda,28,13,1108800.00,554400.00,3,3,10,4
2021,Masculino,Preta,3,1,118800.00,39600.00,3,3,10,4
2021,Feminino,Amarela,12,7,475200.00,316800.00,3,3,10,6
2021,Feminino,Branca,196,104,7814400.00,4752000.00,3,3,10,6
2021,Feminino,Indígena,1,0,39600.00,0.00,3,3,10,6
2021,Feminino,Não informado,51,29,2019600.00,1293600.00,3,3,10,6
2021,Feminino,Parda,24,15,950400.00,607200.00,3,3,10,6
2021,Feminino,Preta,3,3,118800.00,132000.00,3,3,10,6
2021,Masculino,Amarela,19,12,752400.00,554400.00,3,3,10,6
2021,Masculino,Branca,687,377,27601200.00,17463600.00,3,3,10,6
2021,Masculino,Indígena,2,1,79200.00,66000.00,3,3,10,6
2021,Masculino,Não informado,237,139,9438000.00,6441600.00,3,3,10,6
2021,Masculino,Parda,103,49,4105200.00,2112000.00,3,3,10,6
2021,Masculino,Preta,14,9,554400.00,382800.00,3,3,10,6
2021,Feminino,Amarela,3,0,118800.00,0.00,3,3,10,7
2021,Feminino,Branca,87,39,3445200.00,1650000.00,3,3,10,7
2021,Feminino,Não informado,18,9,712800.00,409200.00,3,3,10,7
2021,Feminino,Parda,8,4,316800.00,158400.00,3,3,10,7
2021,Feminino,Preta,2,1,79200.00,39600.00,3,3,10,7
2021,Masculino,Amarela,4,2,158400.00,79200.00,3,3,10,7
2021,Masculino,Branca,262,123,10454400.00,5728800.00,3,3,10,7
2021,Masculino,Não informado,48,25,1900800.00,1095600.00,3,3,10,7
2021,Masculino,Parda,17,7,673200.00,330000.00,3,3,10,7
2021,Masculino,Preta,2,1,79200.00,39600.00,3,3,10,7
2021,Feminino,Parda,3,1,159900.00,53300.00,3,3,11,6
2021,Masculino,Branca,2,1,108600.00,55300.00,3,3,11,6
2021,Masculino,Não informado,1,0,53300.00,0.00,3,3,11,6
2021,Masculino,Parda,1,0,53300.00,0.00,3,3,11,6
2021,Feminino,Branca,1,0,57400.00,0.00,3,3,11,7
2021,Feminino,Preta,1,1,54050.00,54050.00,3,3,11,7
2021,Masculino,Branca,1,0,53300.00,0.00,3,3,11,7
2021,Feminino,Amarela,1,1,54000.00,54000.00,3,3,12,1
2021,Feminino,Branca,9,6,463100.00,328100.00,3,3,12,1
2021,Feminino,Não informado,2,2,108000.00,108000.00,3,3,12,1
2021,Feminino,Parda,2,0,108000.00,0.00,3,3,12,1
2021,Masculino,Branca,6,5,327300.00,272000.00,3,3,12,1
2021,Masculino,Não informado,3,2,165500.00,108000.00,3,3,12,1
2021,Masculino,Parda,5,2,270600.00,108600.00,3,3,12,1
2021,Feminino,Amarela,1,1,54000.00,54000.00,3,3,12,3
2021,Feminino,Branca,14,9,758000.00,488000.00,3,3,12,3
2021,Feminino,Não informado,3,2,163000.00,109000.00,3,3,12,3
2021,Feminino,Parda,14,8,774100.00,437100.00,3,3,12,3
2021,Feminino,Preta,4,3,218200.00,164200.00,3,3,12,3
2021,Masculino,Branca,24,20,1304050.00,1087550.00,3,3,12,3
2021,Masculino,Não informado,11,8,606250.00,443250.00,3,3,12,3
2021,Masculino,Parda,16,13,868600.00,706100.00,3,3,12,3
2021,Masculino,Preta,5,2,275000.00,113000.00,3,3,12,3
2021,Feminino,Branca,2,1,109000.00,55000.00,3,3,12,4
2021,Feminino,Parda,3,1,162000.00,54000.00,3,3,12,4
2021,Masculino,Branca,4,1,218000.00,54000.00,3,3,12,4
2021,Masculino,Não informado,1,1,55000.00,55000.00,3,3,12,4
2021,Masculino,Parda,6,3,329500.00,167500.00,3,3,12,4
2021,Feminino,Branca,68,49,3715150.00,2666350.00,3,3,12,6
2021,Feminino,Não informado,10,8,551000.00,443000.00,3,3,12,6
2021,Feminino,Parda,22,13,1195850.00,702750.00,3,3,12,6
2021,Feminino,Preta,5,3,272000.00,164000.00,3,3,12,6
2021,Masculino,Branca,89,70,4827450.00,3794450.00,3,3,12,6
2021,Masculino,Não informado,24,17,1298600.00,919600.00,3,3,12,6
2021,Masculino,Parda,31,21,1689850.00,1147850.00,3,3,12,6
2021,Masculino,Preta,8,8,433900.00,433900.00,3,3,12,6
2021,Feminino,Branca,31,20,1678500.00,1083500.00,3,3,12,7
2021,Feminino,Não informado,5,4,282100.00,221100.00,3,3,12,7
2021,Feminino,Parda,5,4,270000.00,216000.00,3,3,12,7
2021,Feminino,Preta,1,1,54000.00,54000.00,3,3,12,7
2021,Masculino,Branca,39,27,2117900.00,1461100.00,3,3,12,7
2021,Masculino,Não informado,3,2,163000.00,109000.00,3,3,12,7
2021,Masculino,Parda,4,3,217050.00,162750.00,3,3,12,7
2021,Masculino,Preta,5,4,277500.00,223500.00,3,3,12,7
2021,Masculino,Parda,1,1,59600.00,59600.00,3,3,13,1
2021,Feminino,Parda,1,1,60000.00,60000.00,3,3,13,2
2021,Masculino,Branca,6,3,347600.00,172800.00,3,3,13,3
2021,Masculino,Não informado,2,1,86400.00,28800.00,3,3,13,3
2021,Masculino,Parda,1,0,57600.00,0.00,3,3,13,3
2021,Feminino,Branca,1,1,57600.00,57600.00,3,3,13,4
2021,Masculino,Parda,1,0,57600.00,0.00,3,3,13,4
2021,Masculino,Preta,1,0,60600.00,0.00,3,3,13,4
2021,Feminino,Branca,8,4,460800.00,230400.00,3,3,13,6
2021,Feminino,Não informado,4,2,225600.00,115200.00,3,3,13,6
2021,Feminino,Parda,1,0,57600.00,0.00,3,3,13,6
2021,Masculino,Amarela,1,0,57600.00,0.00,3,3,13,6
2021,Masculino,Branca,19,12,1108000.00,703200.00,3,3,13,6
2021,Masculino,Indígena,1,0,66500.00,0.00,3,3,13,6
2021,Masculino,Não informado,5,4,294200.00,232200.00,3,3,13,6
2021,Masculino,Parda,10,3,596250.00,178900.00,3,3,13,6
2021,Masculino,Preta,4,3,234400.00,176800.00,3,3,13,6
2021,Feminino,Branca,3,2,145000.00,87400.00,3,3,13,7
2021,Masculino,Branca,3,1,144000.00,57600.00,3,3,13,7
2021,Masculino,Parda,2,1,119600.00,57600.00,3,3,13,7
2021,Masculino,Preta,1,0,57600.00,0.00,3,3,13,7
2021,Feminino,Branca,48,25,8569516.92,2025266.62,4,1,7,1
2021,Feminino,Indígena,1,0,165000.00,0.00,4,1,7,1
2021,Feminino,Não informado,3,2,674986.59,301897.72,4,1,7,1
2021,Feminino,Parda,15,8,2293010.92,410138.75,4,1,7,1
2021,Feminino,Preta,2,1,202884.40,38200.00,4,1,7,1
2021,Masculino,Branca,41,18,6707980.64,1280294.08,4,1,7,1
2021,Masculino,Não informado,6,3,1379204.36,250927.16,4,1,7,1
2021,Masculino,Parda,11,5,1234999.38,306819.18,4,1,7,1
2021,Masculino,Preta,4,2,608870.26,100570.70,4,1,7,1
2021,Feminino,Amarela,1,1,128463.64,104791.64,4,1,7,2
2021,Feminino,Branca,16,4,2969297.32,551794.32,4,1,7,2
2021,Feminino,Não informado,2,0,268397.44,0.00,4,1,7,2
2021,Feminino,Parda,1,1,150015.92,150015.92,4,1,7,2
2021,Feminino,Preta,1,0,79322.72,0.00,4,1,7,2
2021,Masculino,Branca,12,3,2517151.81,326953.36,4,1,7,2
2021,Masculino,Não informado,5,2,679386.40,164455.84,4,1,7,2
2021,Masculino,Parda,4,1,527572.36,79322.72,4,1,7,2
2021,Masculino,Preta,1,0,150015.92,0.00,4,1,7,2
2021,Feminino,Amarela,3,1,318500.00,24000.00,4,1,7,3
2021,Feminino,Branca,68,37,13150833.98,3140814.39,4,1,7,3
2021,Feminino,Indígena,1,1,49440.00,20000.00,4,1,7,3
2021,Feminino,Não informado,11,4,1423781.34,227680.00,4,1,7,3
2021,Feminino,Parda,44,23,5856615.09,1188469.57,4,1,7,3
2021,Feminino,Preta,14,4,2427594.51,284165.00,4,1,7,3
2021,Masculino,Branca,65,28,10942629.67,2272780.90,4,1,7,3
2021,Masculino,Indígena,1,1,162800.00,54600.00,4,1,7,3
2021,Masculino,Não informado,20,11,1913398.29,467579.92,4,1,7,3
2021,Masculino,Parda,44,21,5338089.01,1377097.93,4,1,7,3
2021,Masculino,Preta,8,4,1165826.96,340549.12,4,1,7,3
2021,Feminino,Amarela,2,0,271624.73,0.00,4,1,7,4
2021,Feminino,Branca,18,8,2310750.96,640453.92,4,1,7,4
2021,Feminino,Não informado,7,3,996949.34,193300.00,4,1,7,4
2021,Feminino,Parda,9,4,958351.90,237343.50,4,1,7,4
2021,Feminino,Preta,3,2,549032.00,150600.00,4,1,7,4
2021,Masculino,Branca,15,6,2134770.55,352111.99,4,1,7,4
2021,Masculino,Não informado,6,2,930159.12,249400.00,4,1,7,4
2021,Masculino,Parda,20,7,2733076.64,402992.58,4,1,7,4
2021,Masculino,Preta,8,4,645621.50,137999.50,4,1,7,4
2021,Feminino,Amarela,2,1,198000.00,99000.00,4,1,7,6
2021,Feminino,Branca,182,100,30191860.29,9465670.52,4,1,7,6
2021,Feminino,Indígena,1,0,65800.00,0.00,4,1,7,6
2021,Feminino,Não informado,33,13,4855466.87,909284.24,4,1,7,6
2021,Feminino,Parda,31,18,3807920.61,1258513.24,4,1,7,6
2021,Feminino,Preta,10,3,1511645.84,216800.00,4,1,7,6
2021,Masculino,Amarela,1,1,77040.00,52600.00,4,1,7,6
2021,Masculino,Branca,157,71,26552148.68,6675682.56,4,1,7,6
2021,Masculino,Indígena,1,0,113800.00,0.00,4,1,7,6
2021,Masculino,Não informado,59,29,12511193.08,2837196.67,4,1,7,6
2021,Masculino,Parda,37,20,5771042.00,1814913.02,4,1,7,6
2021,Masculino,Preta,14,8,2788421.72,1163257.00,4,1,7,6
2021,Feminino,Branca,160,84,22632483.02,6115175.13,4,1,7,7
2021,Feminino,Não informado,11,5,1378749.33,246022.72,4,1,7,7
2021,Feminino,Parda,11,4,1973658.96,365212.48,4,1,7,7
2021,Feminino,Preta,3,2,342619.92,108600.00,4,1,7,7
2021,Masculino,Branca,115,65,14941519.56,4737049.27,4,1,7,7
2021,Masculino,Indígena,1,1,254000.00,84200.00,4,1,7,7
2021,Masculino,Não informado,23,13,3199211.40,1050320.12,4,1,7,7
2021,Masculino,Parda,13,3,1436733.31,143800.00,4,1,7,7
2021,Masculino,Preta,2,1,217300.00,74200.00,4,1,7,7
2021,Feminino,Branca,1,1,11000.00,11000.00,4,3,3,3
2021,Masculino,Branca,2,2,26400.00,26400.00,4,3,3,3
2021,Masculino,Não informado,1,0,20700.00,0.00,4,3,3,3
2021,Feminino,Parda,1,1,15400.00,15400.00,4,3,3,4
2021,Feminino,Branca,2,2,30400.00,30400.00,4,3,3,6
2021,Masculino,Não informado,2,2,26400.00,26400.00,4,3,3,6
2021,Masculino,Preta,1,0,14520.00,0.00,4,3,3,6
2021,Feminino,Não informado,1,1,13700.00,13700.00,4,3,3,7
2021,Masculino,Branca,1,1,15200.00,15200.00,4,3,3,7
2021,Feminino,Amarela,1,1,63900.00,63900.00,4,3,8,1
2021,Feminino,Branca,2,1,90200.00,25800.00,4,3,8,1
2021,Feminino,Branca,1,0,62400.00,0.00,4,3,8,3
2021,Feminino,Parda,1,0,63295.00,0.00,4,3,8,3
2021,Feminino,Preta,1,1,67400.00,67400.00,4,3,8,3
2021,Feminino,Branca,1,1,72400.00,72400.00,4,3,8,4
2021,Feminino,Branca,1,0,68400.00,0.00,4,3,8,6
2021,Feminino,Parda,1,1,31950.00,31950.00,4,3,8,6
2021,Masculino,Branca,2,0,111700.00,0.00,4,3,8,6
2021,Feminino,Branca,3,0,161900.00,0.00,4,3,8,7
2021,Masculino,Branca,1,1,67600.00,67600.00,4,3,8,7
2021,Masculino,Não informado,1,0,62400.00,0.00,4,3,8,7
2021,Masculino,Parda,1,0,39600.00,0.00,4,3,9,3
2021,Feminino,Branca,38,21,1504800.00,910800.00,4,3,10,1
2021,Feminino,Não informado,5,2,198000.00,79200.00,4,3,10,1
2021,Feminino,Parda,8,2,316800.00,79200.00,4,3,10,1
2021,Feminino,Preta,1,1,39600.00,39600.00,4,3,10,1
2021,Masculino,Branca,34,17,1372800.00,739200.00,4,3,10,1
2021,Masculino,Não informado,13,5,541200.00,198000.00,4,3,10,1
2021,Masculino,Parda,12,7,475200.00,277200.00,4,3,10,1
2021,Masculino,Preta,8,1,316800.00,39600.00,4,3,10,1
2021,Feminino,Branca,55,23,2178000.00,950400.00,4,3,10,3
2021,Feminino,Não informado,13,3,514800.00,118800.00,4,3,10,3
2021,Feminino,Parda,37,13,1465200.00,580800.00,4,3,10,3
2021,Feminino,Preta,5,0,198000.00,0.00,4,3,10,3
2021,Masculino,Branca,52,20,2085600.00,910800.00,4,3,10,3
2021,Masculino,Indígena,1,0,39600.00,0.00,4,3,10,3
2021,Masculino,Não informado,25,11,990000.00,462000.00,4,3,10,3
2021,Masculino,Parda,44,14,1742400.00,607200.00,4,3,10,3
2021,Masculino,Preta,13,4,541200.00,158400.00,4,3,10,3
2021,Feminino,Amarela,1,1,39600.00,39600.00,4,3,10,4
2021,Feminino,Branca,8,6,316800.00,237600.00,4,3,10,4
2021,Feminino,Parda,6,3,237600.00,145200.00,4,3,10,4
2021,Feminino,Preta,3,2,118800.00,92400.00,4,3,10,4
2021,Masculino,Branca,20,5,818400.00,211200.00,4,3,10,4
2021,Masculino,Não informado,7,4,303600.00,184800.00,4,3,10,4
2021,Masculino,Parda,17,7,673200.00,290400.00,4,3,10,4
2021,Masculino,Preta,5,1,198000.00,39600.00,4,3,10,4
2021,Feminino,Amarela,3,1,118800.00,39600.00,4,3,10,6
2021,Feminino,Branca,311,165,12474000.00,7537200.00,4,3,10,6
2021,Feminino,Não informado,53,32,2125200.00,1438800.00,4,3,10,6
2021,Feminino,Parda,34,17,1372800.00,739200.00,4,3,10,6
2021,Feminino,Preta,6,4,237600.00,158400.00,4,3,10,6
2021,Masculino,Amarela,2,1,79200.00,39600.00,4,3,10,6
2021,Masculino,Branca,242,114,9820800.00,5187600.00,4,3,10,6
2021,Masculino,Indígena,2,0,79200.00,0.00,4,3,10,6
2021,Masculino,Não informado,90,46,3590400.00,2217600.00,4,3,10,6
2021,Masculino,Parda,47,18,1887600.00,765600.00,4,3,10,6
2021,Masculino,Preta,5,1,224400.00,39600.00,4,3,10,6
2021,Feminino,Amarela,1,0,39600.00,0.00,4,3,10,7
2021,Feminino,Branca,176,71,7101600.00,3181200.00,4,3,10,7
2021,Feminino,Não informado,23,12,937200.00,541200.00,4,3,10,7
2021,Feminino,Parda,6,5,237600.00,198000.00,4,3,10,7
2021,Feminino,Preta,5,0,198000.00,0.00,4,3,10,7
2021,Masculino,Branca,144,65,5781600.00,2824800.00,4,3,10,7
2021,Masculino,Indígena,1,1,66000.00,66000.00,4,3,10,7
2021,Masculino,Não informado,32,16,1293600.00,673200.00,4,3,10,7
2021,Masculino,Parda,22,6,897600.00,250800.00,4,3,10,7
2021,Masculino,Preta,2,2,79200.00,92400.00,4,3,10,7
2021,Feminino,Branca,4,1,219000.00,55000.00,4,3,12,1
2021,Masculino,Branca,3,2,156000.00,108000.00,4,3,12,1
2021,Masculino,Não informado,1,0,54000.00,0.00,4,3,12,1
2021,Masculino,Branca,1,0,62000.00,0.00,4,3,12,2
2021,Masculino,Não informado,1,0,59000.00,0.00,4,3,12,2
2021,Feminino,Branca,3,1,162750.00,54000.00,4,3,12,3
2021,Feminino,Não informado,3,0,111000.00,0.00,4,3,12,3
2021,Feminino,Parda,3,0,167900.00,0.00,4,3,12,3
2021,Feminino,Preta,3,1,168500.00,59000.00,4,3,12,3
2021,Masculino,Branca,7,4,409700.00,265700.00,4,3,12,3
2021,Masculino,Não informado,1,1,54000.00,54000.00,4,3,12,3
2021,Masculino,Parda,2,2,108000.00,108000.00,4,3,12,3
2021,Feminino,Branca,1,1,54000.00,54000.00,4,3,12,4
2021,Feminino,Parda,1,1,54000.00,54000.00,4,3,12,4
2021,Masculino,Parda,1,1,58000.00,58000.00,4,3,12,4
2021,Masculino,Preta,1,0,54750.00,0.00,4,3,12,4
2021,Feminino,Branca,48,29,2648880.00,1599300.00,4,3,12,6
2021,Feminino,Não informado,11,9,604200.00,496200.00,4,3,12,6
2021,Feminino,Parda,9,5,469493.80,249493.80,4,3,12,6
2021,Feminino,Preta,8,6,406500.00,307000.00,4,3,12,6
2021,Masculino,Branca,34,24,1861400.00,1310000.00,4,3,12,6
2021,Masculino,Não informado,19,15,1038700.00,816200.00,4,3,12,6
2021,Masculino,Parda,10,5,537250.00,257250.00,4,3,12,6
2021,Masculino,Preta,15,11,812300.00,596300.00,4,3,12,6
2021,Feminino,Amarela,1,0,60000.00,0.00,4,3,12,7
2021,Feminino,Branca,21,13,1154700.00,721800.00,4,3,12,7
2021,Feminino,Indígena,1,1,58100.00,58100.00,4,3,12,7
2021,Feminino,Não informado,2,1,108000.00,54000.00,4,3,12,7
2021,Feminino,Parda,3,1,162500.00,54000.00,4,3,12,7
2021,Feminino,Preta,1,1,54000.00,54000.00,4,3,12,7
2021,Masculino,Amarela,1,1,55500.00,55500.00,4,3,12,7
2021,Masculino,Branca,14,10,734000.00,540500.00,4,3,12,7
2021,Masculino,Não informado,3,2,146000.00,92000.00,4,3,12,7
2021,Masculino,Parda,2,2,108000.00,108000.00,4,3,12,7
2021,Feminino,Branca,3,1,186800.00,67600.00,4,3,13,1
2021,Feminino,Não informado,1,1,59100.00,59100.00,4,3,13,1
2021,Masculino,Branca,1,0,57600.00,0.00,4,3,13,1
2021,Masculino,Não informado,1,1,57600.00,57600.00,4,3,13,1
2021,Masculino,Parda,2,1,108400.00,50000.00,4,3,13,1
2021,Masculino,Preta,2,1,116700.00,59100.00,4,3,13,1
2021,Feminino,Branca,6,5,315480.00,257130.00,4,3,13,3
2021,Feminino,Não informado,1,0,58800.00,0.00,4,3,13,3
2021,Feminino,Parda,2,0,214180.00,0.00,4,3,13,3
2021,Masculino,Branca,6,4,319800.00,214200.00,4,3,13,3
2021,Masculino,Não informado,1,0,35700.00,0.00,4,3,13,3
2021,Feminino,Preta,1,0,82600.00,0.00,4,3,13,4
2021,Masculino,Branca,1,1,110400.00,110400.00,4,3,13,4
2021,Feminino,Branca,19,9,1107000.00,506400.00,4,3,13,6
2021,Feminino,Não informado,7,4,390300.00,217500.00,4,3,13,6
2021,Feminino,Parda,4,4,204500.00,204500.00,4,3,13,6
2021,Masculino,Branca,6,4,332750.00,211550.00,4,3,13,6
2021,Masculino,Não informado,4,2,228700.00,118700.00,4,3,13,6
2021,Masculino,Parda,5,3,287800.00,173800.00,4,3,13,6
2021,Masculino,Preta,2,1,86400.00,28800.00,4,3,13,6
2021,Feminino,Branca,2,2,126070.00,126070.00,4,3,13,7
2021,Feminino,Não informado,1,1,57600.00,57600.00,4,3,13,7
2021,Feminino,Preta,1,0,57600.00,0.00,4,3,13,7
2021,Masculino,Branca,3,3,144500.00,144500.00,4,3,13,7
2021,Masculino,Não informado,4,2,213000.00,101800.00,4,3,13,7
2021,Masculino,Parda,2,1,131400.00,58800.00,4,3,13,7
2021,Masculino,Preta,1,1,62400.00,62400.00,4,3,13,7
2021,Feminino,Branca,30,18,6315532.53,1320536.60,5,1,7,1
2021,Feminino,Não informado,1,0,66000.00,0.00,5,1,7,1
2021,Feminino,Parda,2,0,326400.00,0.00,5,1,7,1
2021,Feminino,Preta,1,0,68000.00,0.00,5,1,7,1
2021,Masculino,Branca,24,12,3461991.77,584576.35,5,1,7,1
2021,Masculino,Não informado,3,0,336016.47,0.00,5,1,7,1
2021,Masculino,Parda,7,2,783460.67,74370.67,5,1,7,1
2021,Masculino,Preta,2,0,264015.92,0.00,5,1,7,1
2021,Feminino,Branca,12,2,2096735.04,186415.44,5,1,7,2
2021,Feminino,Parda,1,0,150015.92,0.00,5,1,7,2
2021,Masculino,Amarela,1,0,150015.92,0.00,5,1,7,2
2021,Masculino,Branca,17,8,2689193.00,943017.16,5,1,7,2
2021,Masculino,Não informado,1,1,150015.92,127419.92,5,1,7,2
2021,Masculino,Parda,2,2,283461.44,259789.44,5,1,7,2
2021,Feminino,Amarela,1,0,102000.00,0.00,5,1,7,3
2021,Feminino,Branca,51,26,7631769.40,1122904.40,5,1,7,3
2021,Feminino,Indígena,1,1,192132.00,37500.00,5,1,7,3
2021,Feminino,Não informado,10,6,1002219.71,269300.71,5,1,7,3
2021,Feminino,Parda,17,8,2565874.75,786000.00,5,1,7,3
2021,Feminino,Preta,1,1,165000.00,27600.00,5,1,7,3
2021,Masculino,Amarela,2,2,370000.00,70700.00,5,1,7,3
2021,Masculino,Branca,46,16,9925246.19,1048981.28,5,1,7,3
2021,Masculino,Não informado,20,7,2764127.81,395576.56,5,1,7,3
2021,Masculino,Parda,23,12,2769573.18,589831.92,5,1,7,3
2021,Masculino,Preta,10,6,1208251.24,214224.00,5,1,7,3
2021,Feminino,Branca,7,5,1092435.32,375288.00,5,1,7,4
2021,Feminino,Não informado,1,0,275000.00,0.00,5,1,7,4
2021,Feminino,Parda,4,3,414697.92,62800.00,5,1,7,4
2021,Feminino,Preta,3,3,407062.41,94400.00,5,1,7,4
2021,Masculino,Branca,8,5,1243728.48,309740.00,5,1,7,4
2021,Masculino,Não informado,2,2,289530.00,85752.00,5,1,7,4
2021,Masculino,Parda,10,6,1331621.96,440729.96,5,1,7,4
2021,Feminino,Amarela,3,1,707111.56,249024.00,5,1,7,6
2021,Feminino,Branca,118,66,16626983.52,4620397.15,5,1,7,6
2021,Feminino,Indígena,1,1,150015.92,82227.92,5,1,7,6
2021,Feminino,Não informado,18,10,2336133.92,516972.92,5,1,7,6
2021,Feminino,Parda,12,9,1981297.43,529965.00,5,1,7,6
2021,Feminino,Preta,2,1,331424.00,28000.00,5,1,7,6
2021,Masculino,Amarela,4,2,2170288.51,112000.00,5,1,7,6
2021,Masculino,Branca,149,84,22038063.58,6624871.20,5,1,7,6
2021,Masculino,Indígena,1,1,45886.40,38466.00,5,1,7,6
2021,Masculino,Não informado,44,25,4988165.51,1522955.36,5,1,7,6
2021,Masculino,Parda,20,8,2484039.80,260914.00,5,1,7,6
2021,Masculino,Preta,5,1,624073.92,25800.00,5,1,7,6
2021,Feminino,Branca,110,58,14200752.89,3126164.21,5,1,7,7
2021,Feminino,Indígena,1,1,165000.00,21200.00,5,1,7,7
2021,Feminino,Não informado,16,10,2247635.72,532575.72,5,1,7,7
2021,Feminino,Parda,6,3,2114738.64,264812.00,5,1,7,7
2021,Feminino,Preta,2,2,255615.92,176815.92,5,1,7,7
2021,Masculino,Amarela,2,0,240000.00,0.00,5,1,7,7
2021,Masculino,Branca,150,68,21681745.97,4215041.04,5,1,7,7
2021,Masculino,Não informado,16,7,1407871.81,242173.00,5,1,7,7
2021,Masculino,Parda,10,3,1070686.00,140119.00,5,1,7,7
2021,Masculino,Preta,1,0,396000.00,0.00,5,1,7,7
2021,Masculino,Parda,1,0,26200.00,0.00,5,3,3,6
2021,Feminino,Branca,1,1,11000.00,11000.00,5,3,3,7
2021,Masculino,Branca,1,0,64200.00,0.00,5,3,8,1
2021,Feminino,Branca,4,0,241600.00,0.00,5,3,8,6
2021,Feminino,Parda,1,1,62400.00,62400.00,5,3,8,6
2021,Masculino,Branca,5,4,325000.00,259600.00,5,3,8,6
2021,Feminino,Branca,1,1,65500.00,65500.00,5,3,8,7
2021,Masculino,Não informado,1,1,23600.00,23600.00,5,3,8,7
2021,Feminino,Branca,22,10,871200.00,396000.00,5,3,10,1
2021,Feminino,Não informado,1,0,39600.00,0.00,5,3,10,1
2021,Feminino,Preta,3,1,118800.00,39600.00,5,3,10,1
2021,Masculino,Amarela,1,0,39600.00,0.00,5,3,10,1
2021,Masculino,Branca,35,10,1412400.00,462000.00,5,3,10,1
2021,Masculino,Não informado,7,3,303600.00,118800.00,5,3,10,1
2021,Masculino,Parda,12,1,475200.00,52800.00,5,3,10,1
2021,Feminino,Branca,60,19,2376000.00,910800.00,5,3,10,3
2021,Feminino,Indígena,1,1,39600.00,39600.00,5,3,10,3
2021,Feminino,Não informado,7,3,277200.00,118800.00,5,3,10,3
2021,Feminino,Parda,13,5,514800.00,211200.00,5,3,10,3
2021,Feminino,Preta,3,1,118800.00,39600.00,5,3,10,3
2021,Masculino,Amarela,1,1,39600.00,52800.00,5,3,10,3
2021,Masculino,Branca,57,18,2257200.00,739200.00,5,3,10,3
2021,Masculino,Indígena,1,0,39600.00,0.00,5,3,10,3
2021,Masculino,Não informado,9,4,356400.00,171600.00,5,3,10,3
2021,Masculino,Parda,30,13,1188000.00,541200.00,5,3,10,3
2021,Masculino,Preta,3,0,118800.00,0.00,5,3,10,3
2021,Feminino,Branca,4,3,158400.00,118800.00,5,3,10,4
2021,Feminino,Parda,2,2,79200.00,79200.00,5,3,10,4
2021,Masculino,Branca,4,1,184800.00,39600.00,5,3,10,4
2021,Masculino,Não informado,2,1,79200.00,39600.00,5,3,10,4
2021,Masculino,Parda,5,4,198000.00,158400.00,5,3,10,4
2021,Feminino,Amarela,5,1,198000.00,39600.00,5,3,10,6
2021,Feminino,Branca,193,85,7722000.00,3801600.00,5,3,10,6
2021,Feminino,Indígena,1,1,39600.00,39600.00,5,3,10,6
2021,Feminino,Não informado,23,13,910800.00,541200.00,5,3,10,6
2021,Feminino,Parda,17,3,673200.00,118800.00,5,3,10,6
2021,Feminino,Preta,4,2,158400.00,92400.00,5,3,10,6
2021,Masculino,Amarela,6,3,237600.00,118800.00,5,3,10,6
2021,Masculino,Branca,258,96,10296000.00,4065600.00,5,3,10,6
2021,Masculino,Indígena,2,1,79200.00,39600.00,5,3,10,6
2021,Masculino,Não informado,55,23,2178000.00,990000.00,5,3,10,6
2021,Masculino,Parda,33,10,1333200.00,396000.00,5,3,10,6
2021,Masculino,Preta,4,0,158400.00,0.00,5,3,10,6
2021,Feminino,Amarela,2,0,79200.00,0.00,5,3,10,7
2021,Feminino,Branca,112,31,4435200.00,1333200.00,5,3,10,7
2021,Feminino,Não informado,8,2,316800.00,92400.00,5,3,10,7
2021,Feminino,Parda,2,0,79200.00,0.00,5,3,10,7
2021,Feminino,Preta,2,1,79200.00,39600.00,5,3,10,7
2021,Masculino,Amarela,5,2,198000.00,92400.00,5,3,10,7
2021,Masculino,Branca,169,56,6824400.00,2336400.00,5,3,10,7
2021,Masculino,Não informado,18,4,712800.00,171600.00,5,3,10,7
2021,Masculino,Parda,5,1,198000.00,39600.00,5,3,10,7
2021,Masculino,Preta,3,0,118800.00,0.00,5,3,10,7
2021,Feminino,Branca,1,0,53300.00,0.00,5,3,11,6
2021,Masculino,Não informado,1,1,53650.00,53650.00,5,3,11,6
2021,Feminino,Branca,2,0,99400.00,0.00,5,3,12,1
2021,Feminino,Parda,1,0,54400.00,0.00,5,3,12,1
2021,Masculino,Branca,3,2,166100.00,112100.00,5,3,12,1
2021,Masculino,Parda,1,1,54000.00,54000.00,5,3,12,1
2021,Masculino,Preta,1,1,54000.00,54000.00,5,3,12,1
2021,Feminino,Branca,4,4,217003.00,217003.00,5,3,12,3
2021,Feminino,Parda,4,4,236000.00,236000.00,5,3,12,3
2021,Masculino,Não informado,1,1,57500.00,57500.00,5,3,12,3
2021,Masculino,Parda,2,2,113000.00,113000.00,5,3,12,3
2021,Masculino,Preta,3,2,162000.00,108000.00,5,3,12,3
2021,Feminino,Parda,2,1,110000.00,54000.00,5,3,12,4
2021,Feminino,Branca,25,18,1385950.00,981550.00,5,3,12,6
2021,Feminino,Não informado,1,0,54000.00,0.00,5,3,12,6
2021,Feminino,Parda,5,4,270750.00,216750.00,5,3,12,6
2021,Feminino,Preta,2,2,108000.00,108000.00,5,3,12,6
2021,Masculino,Branca,26,14,1441750.00,791800.00,5,3,12,6
2021,Masculino,Não informado,7,5,386500.00,276100.00,5,3,12,6
2021,Masculino,Parda,5,1,271000.00,54000.00,5,3,12,6
2021,Masculino,Preta,3,3,162500.00,162500.00,5,3,12,6
2021,Feminino,Amarela,1,0,54000.00,0.00,5,3,12,7
2021,Feminino,Branca,10,6,555400.80,324000.00,5,3,12,7
2021,Feminino,Não informado,1,1,54000.00,54000.00,5,3,12,7
2021,Feminino,Parda,2,1,108000.00,54000.00,5,3,12,7
2021,Masculino,Branca,9,7,490600.00,382100.00,5,3,12,7
2021,Masculino,Não informado,1,1,54000.00,54000.00,5,3,12,7
2021,Masculino,Parda,2,2,108000.00,108000.00,5,3,12,7
2021,Feminino,Branca,1,1,38400.00,38400.00,5,3,13,1
2021,Masculino,Branca,2,0,117600.00,0.00,5,3,13,1
2021,Masculino,Branca,2,2,111550.00,111550.00,5,3,13,3
2021,Masculino,Parda,1,0,57600.00,0.00,5,3,13,3
2021,Feminino,Branca,13,4,748900.00,226000.00,5,3,13,6
2021,Feminino,Não informado,4,4,230400.00,230400.00,5,3,13,6
2021,Feminino,Parda,2,1,116550.00,58200.00,5,3,13,6
2021,Masculino,Branca,7,5,363400.00,248200.00,5,3,13,6
2021,Masculino,Não informado,2,1,117400.00,67600.00,5,3,13,6
2021,Feminino,Branca,5,4,361900.00,232300.00,5,3,13,7
2021,Masculino,Branca,1,1,59100.00,59100.00,5,3,13,7
2021,Masculino,Preta,1,1,63500.00,63500.00,5,3,13,7
2021,Feminino,Amarela,1,0,70000.00,0.00,6,1,7,1
2021,Feminino,Branca,69,25,10898997.79,2723495.60,6,1,7,1
2021,Feminino,Não informado,5,4,845720.48,415250.00,6,1,7,1
2021,Feminino,Parda,16,2,1625819.34,436999.86,6,1,7,1
2021,Feminino,Preta,3,1,192739.50,50257.00,6,1,7,1
2021,Masculino,Amarela,1,0,132000.00,0.00,6,1,7,1
2021,Masculino,Branca,41,7,7549817.56,656745.44,6,1,7,1
2021,Masculino,Não informado,7,0,669911.08,0.00,6,1,7,1
2021,Masculino,Parda,15,2,2421441.32,143895.72,6,1,7,1
2021,Masculino,Preta,2,0,214414.69,0.00,6,1,7,1
2021,Feminino,Amarela,1,0,153351.52,0.00,6,1,7,2
2021,Feminino,Branca,23,8,3757876.46,955089.88,6,1,7,2
2021,Feminino,Não informado,1,1,152684.40,152684.40,6,1,7,2
2021,Feminino,Parda,3,1,381506.56,70929.92,6,1,7,2
2021,Masculino,Amarela,1,1,71575.52,50593.52,6,1,7,2
2021,Masculino,Branca,16,7,2140266.80,691351.52,6,1,7,2
2021,Masculino,Indígena,1,0,81474.72,0.00,6,1,7,2
2021,Masculino,Não informado,1,0,154298.40,0.00,6,1,7,2
2021,Masculino,Parda,4,2,860412.64,303367.44,6,1,7,2
2021,Feminino,Amarela,1,1,23796.00,25000.00,6,1,7,3
2021,Feminino,Branca,141,44,17449545.29,3161416.66,6,1,7,3
2021,Feminino,Não informado,12,4,1597808.97,438379.92,6,1,7,3
2021,Feminino,Parda,78,19,9356677.36,1575739.52,6,1,7,3
2021,Feminino,Preta,8,5,988785.23,432156.00,6,1,7,3
2021,Masculino,Amarela,4,1,758965.40,123750.00,6,1,7,3
2021,Masculino,Branca,90,28,13936417.52,2820518.84,6,1,7,3
2021,Masculino,Não informado,9,4,1430168.75,679497.60,6,1,7,3
2021,Masculino,Parda,70,21,9668400.21,2638412.40,6,1,7,3
2021,Masculino,Preta,10,2,1668453.15,497000.00,6,1,7,3
2021,Feminino,Amarela,1,0,82500.00,0.00,6,1,7,4
2021,Feminino,Branca,12,4,1384400.00,399600.00,6,1,7,4
2021,Feminino,Parda,5,0,889540.00,0.00,6,1,7,4
2021,Feminino,Preta,1,0,17000.00,0.00,6,1,7,4
2021,Masculino,Branca,20,5,2238159.50,466738.46,6,1,7,4
2021,Masculino,Não informado,2,0,263684.24,0.00,6,1,7,4
2021,Masculino,Parda,11,4,1684339.31,500424.00,6,1,7,4
2021,Masculino,Preta,1,0,99000.00,0.00,6,1,7,4
2021,Feminino,Amarela,23,9,4016734.93,1027937.70,6,1,7,6
2021,Feminino,Branca,593,181,85030098.82,21659820.32,6,1,7,6
2021,Feminino,Indígena,2,0,572000.00,0.00,6,1,7,6
2021,Feminino,Não informado,28,4,6859046.18,900667.52,6,1,7,6
2021,Feminino,Parda,74,19,9712563.90,2064802.42,6,1,7,6
2021,Feminino,Preta,10,1,832985.90,50000.00,6,1,7,6
2021,Masculino,Amarela,17,1,1915833.91,249024.00,6,1,7,6
2021,Masculino,Branca,363,115,55464811.64,13270347.04,6,1,7,6
2021,Masculino,Indígena,1,1,19800.00,19800.00,6,1,7,6
2021,Masculino,Não informado,34,10,5818948.65,1097057.04,6,1,7,6
2021,Masculino,Parda,48,17,8208282.38,1910010.02,6,1,7,6
2021,Masculino,Preta,6,1,917367.60,80300.00,6,1,7,6
2021,Feminino,Amarela,5,0,684781.10,0.00,6,1,7,7
2021,Feminino,Branca,252,74,33129836.33,7755820.14,6,1,7,7
2021,Feminino,Não informado,11,5,2064034.84,1034171.81,6,1,7,7
2021,Feminino,Parda,3,2,208647.52,159187.52,6,1,7,7
2021,Feminino,Preta,1,0,498200.00,0.00,6,1,7,7
2021,Masculino,Amarela,5,2,661761.04,194603.52,6,1,7,7
2021,Masculino,Branca,156,47,24119279.13,5818274.26,6,1,7,7
2021,Masculino,Não informado,10,1,1128059.92,150015.92,6,1,7,7
2021,Masculino,Parda,17,6,2473196.85,758581.08,6,1,7,7
2021,Masculino,Preta,2,0,309724.62,0.00,6,1,7,7
2021,Feminino,Branca,1,0,11100.00,0.00,6,3,3,3
2021,Masculino,Parda,1,0,16800.00,0.00,6,3,3,3
2021,Masculino,Preta,1,0,14200.00,0.00,6,3,3,3
2021,Feminino,Branca,3,1,41600.00,15200.00,6,3,3,6
2021,Feminino,Parda,1,0,15200.00,0.00,6,3,3,6
2021,Feminino,Branca,1,1,15700.00,15700.00,6,3,3,7
2021,Masculino,Branca,2,0,22000.00,0.00,6,3,3,7
2021,Feminino,Parda,1,0,62400.00,0.00,6,3,8,1
2021,Masculino,Branca,1,0,64900.00,0.00,6,3,8,1
2021,Feminino,Branca,3,1,194400.00,62400.00,6,3,8,3
2021,Masculino,Branca,2,0,127300.00,0.00,6,3,8,3
2021,Feminino,Branca,1,1,65400.00,65400.00,6,3,8,4
2021,Feminino,Branca,2,0,90000.00,0.00,6,3,8,6
2021,Feminino,Não informado,1,0,65400.00,0.00,6,3,8,6
2021,Feminino,Parda,1,0,62400.00,0.00,6,3,8,6
2021,Masculino,Branca,1,0,34200.00,0.00,6,3,8,6
2021,Masculino,Não informado,1,0,66400.00,0.00,6,3,8,6
2021,Masculino,Parda,1,1,62400.00,62400.00,6,3,8,6
2021,Feminino,Não informado,1,0,65400.00,0.00,6,3,8,7
2021,Masculino,Branca,2,0,131300.00,0.00,6,3,8,7
2021,Feminino,Branca,29,11,1148400.00,448800.00,6,3,10,1
2021,Feminino,Não informado,5,2,198000.00,92400.00,6,3,10,1
2021,Feminino,Parda,6,2,237600.00,79200.00,6,3,10,1
2021,Masculino,Branca,18,8,712800.00,343200.00,6,3,10,1
2021,Masculino,Indígena,1,0,39600.00,0.00,6,3,10,1
2021,Masculino,Não informado,3,2,118800.00,79200.00,6,3,10,1
2021,Masculino,Parda,9,5,356400.00,237600.00,6,3,10,1
2021,Masculino,Preta,1,1,39600.00,52800.00,6,3,10,1
2021,Feminino,Amarela,1,0,39600.00,0.00,6,3,10,3
2021,Feminino,Branca,84,27,3326400.00,1201200.00,6,3,10,3
2021,Feminino,Não informado,8,4,316800.00,184800.00,6,3,10,3
2021,Feminino,Parda,36,12,1425600.00,514800.00,6,3,10,3
2021,Feminino,Preta,2,0,79200.00,0.00,6,3,10,3
2021,Masculino,Amarela,1,1,39600.00,52800.00,6,3,10,3
2021,Masculino,Branca,49,21,1940400.00,950400.00,6,3,10,3
2021,Masculino,Não informado,7,2,277200.00,105600.00,6,3,10,3
2021,Masculino,Parda,38,14,1504800.00,580800.00,6,3,10,3
2021,Masculino,Preta,3,1,118800.00,39600.00,6,3,10,3
2021,Feminino,Branca,8,1,316800.00,39600.00,6,3,10,4
2021,Feminino,Parda,3,1,118800.00,39600.00,6,3,10,4
2021,Feminino,Preta,1,0,39600.00,0.00,6,3,10,4
2021,Masculino,Branca,9,3,356400.00,132000.00,6,3,10,4
2021,Masculino,Parda,2,1,79200.00,52800.00,6,3,10,4
2021,Feminino,Amarela,15,6,594000.00,264000.00,6,3,10,6
2021,Feminino,Branca,494,231,19615200.00,10388400.00,6,3,10,6
2021,Feminino,Não informado,12,3,475200.00,145200.00,6,3,10,6
2021,Feminino,Parda,34,9,1372800.00,369600.00,6,3,10,6
2021,Feminino,Preta,6,1,237600.00,39600.00,6,3,10,6
2021,Masculino,Amarela,15,9,594000.00,435600.00,6,3,10,6
2021,Masculino,Branca,318,170,12777600.00,7761600.00,6,3,10,6
2021,Masculino,Indígena,1,0,39600.00,0.00,6,3,10,6
2021,Masculino,Não informado,33,16,1386000.00,712800.00,6,3,10,6
2021,Masculino,Parda,39,19,1544400.00,831600.00,6,3,10,6
2021,Masculino,Preta,2,2,79200.00,79200.00,6,3,10,6
2021,Feminino,Amarela,4,2,158400.00,105600.00,6,3,10,7
2021,Feminino,Branca,161,59,6402000.00,2626800.00,6,3,10,7
2021,Feminino,Não informado,2,2,79200.00,92400.00,6,3,10,7
2021,Feminino,Parda,1,0,39600.00,0.00,6,3,10,7
2021,Feminino,Preta,2,0,79200.00,0.00,6,3,10,7
2021,Masculino,Amarela,5,1,198000.00,39600.00,6,3,10,7
2021,Masculino,Branca,118,54,4672800.00,2481600.00,6,3,10,7
2021,Masculino,Indígena,1,1,39600.00,52800.00,6,3,10,7
2021,Masculino,Não informado,7,1,277200.00,39600.00,6,3,10,7
2021,Masculino,Parda,6,2,237600.00,92400.00,6,3,10,7
2021,Feminino,Branca,1,0,56300.00,0.00,6,3,11,6
2021,Feminino,Não informado,1,0,55300.00,0.00,6,3,11,6
2021,Masculino,Preta,1,0,53300.00,0.00,6,3,11,6
2021,Feminino,Branca,3,0,159900.00,0.00,6,3,11,7
2021,Masculino,Branca,1,0,53300.00,0.00,6,3,11,7
2021,Feminino,Branca,6,2,329160.00,110200.00,6,3,12,1
2021,Feminino,Parda,2,1,111000.00,57000.00,6,3,12,1
2021,Masculino,Branca,2,1,108000.00,54000.00,6,3,12,1
2021,Masculino,Parda,1,0,54000.00,0.00,6,3,12,1
2021,Masculino,Preta,2,1,81000.00,54000.00,6,3,12,1
2021,Feminino,Amarela,1,0,54000.00,0.00,6,3,12,3
2021,Feminino,Branca,13,3,702000.00,162000.00,6,3,12,3
2021,Feminino,Não informado,1,1,54000.00,54000.00,6,3,12,3
2021,Feminino,Parda,7,2,370000.00,108000.00,6,3,12,3
2021,Feminino,Preta,1,0,54000.00,0.00,6,3,12,3
2021,Masculino,Branca,4,2,216000.00,108000.00,6,3,12,3
2021,Masculino,Parda,6,5,328100.00,270000.00,6,3,12,3
2021,Masculino,Preta,2,0,113000.00,0.00,6,3,12,3
2021,Feminino,Parda,1,1,54000.00,54000.00,6,3,12,4
2021,Masculino,Branca,1,0,54400.00,0.00,6,3,12,4
2021,Masculino,Parda,1,0,58100.00,0.00,6,3,12,4
2021,Feminino,Amarela,2,1,108000.00,54000.00,6,3,12,6
2021,Feminino,Branca,81,45,4387046.00,2444250.00,6,3,12,6
2021,Feminino,Indígena,1,0,56200.00,0.00,6,3,12,6
2021,Feminino,Não informado,5,4,270500.00,216500.00,6,3,12,6
2021,Feminino,Parda,9,4,491600.00,220100.00,6,3,12,6
2021,Feminino,Preta,4,2,216400.00,108400.00,6,3,12,6
2021,Masculino,Amarela,1,0,54000.00,0.00,6,3,12,6
2021,Masculino,Branca,19,10,1019600.00,521600.00,6,3,12,6
2021,Masculino,Não informado,2,2,118000.00,118000.00,6,3,12,6
2021,Masculino,Parda,7,4,378500.00,216000.00,6,3,12,6
2021,Masculino,Preta,4,3,216000.00,162000.00,6,3,12,6
2021,Feminino,Branca,40,26,2162496.00,1405500.00,6,3,12,7
2021,Feminino,Não informado,2,0,108000.00,0.00,6,3,12,7
2021,Feminino,Parda,3,1,162000.00,54000.00,6,3,12,7
2021,Masculino,Amarela,1,0,54400.00,0.00,6,3,12,7
2021,Masculino,Branca,22,15,1188300.00,810000.00,6,3,12,7
2021,Masculino,Não informado,1,1,56000.00,56000.00,6,3,12,7
2021,Masculino,Parda,3,2,135000.00,81000.00,6,3,12,7
2021,Masculino,Indígena,1,0,43800.00,0.00,6,3,13,1
2021,Feminino,Branca,3,2,175150.00,115950.00,6,3,13,3
2021,Masculino,Branca,1,1,48000.00,48000.00,6,3,13,3
2021,Masculino,Parda,3,1,175300.00,58100.00,6,3,13,3
2021,Feminino,Branca,1,1,57600.00,57600.00,6,3,13,4
2021,Masculino,Branca,1,0,67600.00,0.00,6,3,13,4
2021,Masculino,Não informado,1,0,60400.00,0.00,6,3,13,4
2021,Masculino,Parda,1,1,59520.00,59520.00,6,3,13,4
2021,Feminino,Amarela,2,1,168000.00,57600.00,6,3,13,6
2021,Feminino,Branca,14,8,797750.00,464800.00,6,3,13,6
2021,Feminino,Não informado,2,0,119200.00,0.00,6,3,13,6
2021,Feminino,Parda,3,1,184368.00,63168.00,6,3,13,6
2021,Masculino,Branca,12,4,719700.00,247400.00,6,3,13,6
2021,Masculino,Não informado,1,0,57600.00,0.00,6,3,13,6
2021,Masculino,Preta,1,0,57600.00,0.00,6,3,13,6
2021,Feminino,Branca,6,2,320000.00,89600.00,6,3,13,7
2021,Feminino,Parda,1,0,57600.00,0.00,6,3,13,7
2021,Masculino,Branca,4,1,236400.00,57600.00,6,3,13,7
2021,Masculino,Não informado,1,0,57600.00,0.00,6,3,13,7
2021,Feminino,Amarela,1,0,82500.00,0.00,7,1,7,1
2021,Feminino,Branca,21,6,2610645.30,512107.04,7,1,7,1
2021,Feminino,Não informado,5,1,1827935.92,38390.00,7,1,7,1
2021,Feminino,Parda,3,0,247500.00,0.00,7,1,7,1
2021,Masculino,Branca,36,10,5468787.34,1389158.25,7,1,7,1
2021,Masculino,Não informado,12,2,1791953.74,194312.00,7,1,7,1
2021,Masculino,Parda,12,4,1744417.60,437119.44,7,1,7,1
2021,Masculino,Preta,4,0,879752.00,0.00,7,1,7,1
2021,Feminino,Branca,9,5,1476541.00,556517.96,7,1,7,2
2021,Feminino,Não informado,1,1,64581.52,57587.52,7,1,7,2
2021,Feminino,Parda,2,2,282019.60,151221.04,7,1,7,2
2021,Masculino,Amarela,1,0,150015.92,0.00,7,1,7,2
2021,Masculino,Branca,22,9,3601519.92,882406.08,7,1,7,2
2021,Masculino,Não informado,5,1,811885.04,106567.04,7,1,7,2
2021,Masculino,Parda,1,1,150015.92,82227.92,7,1,7,2
2021,Masculino,Preta,1,0,157129.13,0.00,7,1,7,2
2021,Feminino,Amarela,2,1,364777.00,27800.00,7,1,7,3
2021,Feminino,Branca,62,23,9533417.86,2242425.50,7,1,7,3
2021,Feminino,Não informado,11,6,915270.21,160187.52,7,1,7,3
2021,Feminino,Parda,21,11,3412924.40,1354643.29,7,1,7,3
2021,Feminino,Preta,4,1,435484.72,120533.52,7,1,7,3
2021,Masculino,Amarela,2,1,314800.00,14400.00,7,1,7,3
2021,Masculino,Branca,146,66,24659139.20,6654867.01,7,1,7,3
2021,Masculino,Não informado,42,18,8603421.07,2320363.01,7,1,7,3
2021,Masculino,Parda,80,28,13941453.04,1972135.51,7,1,7,3
2021,Masculino,Preta,8,2,716433.24,112880.16,7,1,7,3
2021,Feminino,Branca,4,0,573663.44,0.00,7,1,7,4
2021,Feminino,Não informado,1,0,105676.00,0.00,7,1,7,4
2021,Feminino,Parda,7,2,709170.00,191490.00,7,1,7,4
2021,Feminino,Preta,1,0,165000.00,0.00,7,1,7,4
2021,Masculino,Branca,15,2,2961277.50,242432.50,7,1,7,4
2021,Masculino,Não informado,7,4,2021270.52,1081171.52,7,1,7,4
2021,Masculino,Parda,24,5,4223064.12,875683.83,7,1,7,4
2021,Masculino,Preta,3,0,418232.60,0.00,7,1,7,4
2021,Feminino,Amarela,9,2,1876506.80,128635.80,7,1,7,6
2021,Feminino,Branca,166,51,23668306.62,5476392.64,7,1,7,6
2021,Feminino,Indígena,1,0,66000.00,0.00,7,1,7,6
2021,Feminino,Não informado,27,14,4698505.74,1252725.06,7,1,7,6
2021,Feminino,Parda,21,9,3241091.66,1307763.92,7,1,7,6
2021,Feminino,Preta,2,1,284900.00,198500.00,7,1,7,6
2021,Masculino,Amarela,11,6,1469980.00,508394.00,7,1,7,6
2021,Masculino,Branca,488,188,88727319.48,23452536.87,7,1,7,6
2021,Masculino,Indígena,4,2,1061743.44,174073.71,7,1,7,6
2021,Masculino,Não informado,107,49,21642935.14,6219707.09,7,1,7,6
2021,Masculino,Parda,82,26,16667871.28,3582812.18,7,1,7,6
2021,Masculino,Preta,9,4,1375915.65,370727.00,7,1,7,6
2021,Feminino,Branca,95,41,14133980.20,5292345.57,7,1,7,7
2021,Feminino,Não informado,9,3,1087607.52,280551.52,7,1,7,7
2021,Feminino,Parda,8,2,1012083.28,88600.00,7,1,7,7
2021,Feminino,Preta,1,1,113866.00,40000.00,7,1,7,7
2021,Masculino,Amarela,5,1,479293.17,64100.00,7,1,7,7
2021,Masculino,Branca,278,119,50987566.71,15443230.20,7,1,7,7
2021,Masculino,Não informado,39,18,7378257.34,2386350.66,7,1,7,7
2021,Masculino,Parda,18,7,2608334.12,831382.84,7,1,7,7
2021,Masculino,Preta,4,1,825441.69,99331.46,7,1,7,7
2021,Masculino,Parda,1,0,13200.00,0.00,7,3,1,6
2021,Masculino,Branca,2,2,28800.00,28800.00,7,3,3,3
2021,Feminino,Branca,1,1,11300.00,11300.00,7,3,3,6
2021,Masculino,Branca,1,1,13200.00,13200.00,7,3,3,6
2021,Masculino,Não informado,2,2,27800.00,27800.00,7,3,3,6
2021,Masculino,Preta,1,0,13200.00,0.00,7,3,3,6
2021,Masculino,Branca,1,1,13200.00,13200.00,7,3,3,7
2021,Feminino,Branca,1,1,27250.00,27250.00,7,3,8,3
2021,Masculino,Branca,1,0,62400.00,0.00,7,3,8,3
2021,Masculino,Não informado,1,0,72400.00,0.00,7,3,8,3
2021,Feminino,Branca,4,1,161000.00,15600.00,7,3,8,6
2021,Masculino,Branca,2,1,124800.00,62400.00,7,3,8,6
2021,Masculino,Parda,1,0,24600.00,0.00,7,3,8,6
2021,Feminino,Amarela,1,1,66000.00,66000.00,7,3,10,1
2021,Feminino,Branca,12,6,475200.00,237600.00,7,3,10,1
2021,Feminino,Parda,4,2,158400.00,79200.00,7,3,10,1
2021,Masculino,Amarela,2,2,79200.00,105600.00,7,3,10,1
2021,Masculino,Branca,21,11,831600.00,435600.00,7,3,10,1
2021,Masculino,Não informado,9,4,356400.00,171600.00,7,3,10,1
2021,Masculino,Parda,16,6,633600.00,264000.00,7,3,10,1
2021,Masculino,Preta,3,1,118800.00,39600.00,7,3,10,1
2021,Feminino,Amarela,2,1,79200.00,39600.00,7,3,10,3
2021,Feminino,Branca,34,14,1346400.00,633600.00,7,3,10,3
2021,Feminino,Não informado,8,5,316800.00,250800.00,7,3,10,3
2021,Feminino,Parda,11,3,435600.00,118800.00,7,3,10,3
2021,Masculino,Amarela,4,2,158400.00,92400.00,7,3,10,3
2021,Masculino,Branca,91,47,3630000.00,2032800.00,7,3,10,3
2021,Masculino,Não informado,29,18,1148400.00,765600.00,7,3,10,3
2021,Masculino,Parda,54,28,2138400.00,1188000.00,7,3,10,3
2021,Masculino,Preta,6,3,237600.00,118800.00,7,3,10,3
2021,Feminino,Branca,3,0,118800.00,0.00,7,3,10,4
2021,Feminino,Parda,3,1,118800.00,39600.00,7,3,10,4
2021,Masculino,Branca,8,2,316800.00,92400.00,7,3,10,4
2021,Masculino,Não informado,4,3,158400.00,118800.00,7,3,10,4
2021,Masculino,Parda,14,5,554400.00,198000.00,7,3,10,4
2021,Masculino,Preta,1,1,39600.00,39600.00,7,3,10,4
2021,Feminino,Amarela,4,2,158400.00,92400.00,7,3,10,6
2021,Feminino,Branca,161,63,6402000.00,2798400.00,7,3,10,6
2021,Feminino,Não informado,35,18,1386000.00,765600.00,7,3,10,6
2021,Feminino,Parda,14,1,554400.00,39600.00,7,3,10,6
2021,Feminino,Preta,6,1,237600.00,39600.00,7,3,10,6
2021,Masculino,Amarela,13,7,514800.00,343200.00,7,3,10,6
2021,Masculino,Branca,500,268,19905600.00,12421200.00,7,3,10,6
2021,Masculino,Indígena,1,1,39600.00,39600.00,7,3,10,6
2021,Masculino,Não informado,113,67,4501200.00,3075600.00,7,3,10,6
2021,Masculino,Parda,72,31,2851200.00,1372800.00,7,3,10,6
2021,Masculino,Preta,14,8,554400.00,330000.00,7,3,10,6
2021,Feminino,Amarela,1,1,39600.00,39600.00,7,3,10,7
2021,Feminino,Branca,72,26,2851200.00,1122000.00,7,3,10,7
2021,Feminino,Não informado,5,3,198000.00,145200.00,7,3,10,7
2021,Feminino,Parda,4,2,158400.00,92400.00,7,3,10,7
2021,Feminino,Preta,1,0,39600.00,0.00,7,3,10,7
2021,Masculino,Amarela,4,1,158400.00,39600.00,7,3,10,7
2021,Masculino,Branca,234,124,9345600.00,5689200.00,7,3,10,7
2021,Masculino,Não informado,37,24,1465200.00,1095600.00,7,3,10,7
2021,Masculino,Parda,13,7,514800.00,303600.00,7,3,10,7
2021,Masculino,Preta,5,0,198000.00,0.00,7,3,10,7
2021,Feminino,Parda,1,0,53300.00,0.00,7,3,11,3
2021,Feminino,Branca,4,4,217200.00,217200.00,7,3,11,6
2021,Masculino,Branca,5,2,266500.00,106600.00,7,3,11,6
2021,Feminino,Branca,2,1,106600.00,53300.00,7,3,11,7
2021,Masculino,Amarela,1,0,55300.00,0.00,7,3,11,7
2021,Masculino,Branca,3,3,163900.00,163900.00,7,3,11,7
2021,Masculino,Não informado,1,1,53300.00,53300.00,7,3,11,7
2021,Feminino,Branca,2,2,108000.00,108000.00,7,3,12,1
2021,Feminino,Não informado,1,1,54000.00,54000.00,7,3,12,1
2021,Feminino,Parda,1,1,54000.00,54000.00,7,3,12,1
2021,Masculino,Branca,1,1,54000.00,54000.00,7,3,12,1
2021,Masculino,Parda,2,1,111000.00,57000.00,7,3,12,1
2021,Feminino,Branca,11,5,595700.00,270000.00,7,3,12,3
2021,Feminino,Não informado,2,2,108000.00,108000.00,7,3,12,3
2021,Feminino,Parda,7,2,380000.00,108000.00,7,3,12,3
2021,Masculino,Branca,10,7,540000.00,378000.00,7,3,12,3
2021,Masculino,Não informado,3,1,166100.00,54000.00,7,3,12,3
2021,Masculino,Parda,17,13,925534.00,709534.00,7,3,12,3
2021,Masculino,Preta,2,1,108000.00,54000.00,7,3,12,3
2021,Feminino,Branca,1,0,54000.00,0.00,7,3,12,4
2021,Masculino,Branca,1,1,54000.00,54000.00,7,3,12,4
2021,Feminino,Amarela,2,1,108000.00,54000.00,7,3,12,6
2021,Feminino,Branca,60,38,3275260.00,2071560.00,7,3,12,6
2021,Feminino,Não informado,6,5,325850.00,271850.00,7,3,12,6
2021,Feminino,Parda,21,16,1137530.00,867350.00,7,3,12,6
2021,Feminino,Preta,3,2,108000.00,118000.00,7,3,12,6
2021,Masculino,Amarela,3,3,162000.00,162000.00,7,3,12,6
2021,Masculino,Branca,59,32,3209161.00,1736420.00,7,3,12,6
2021,Masculino,Indígena,1,1,54000.00,54000.00,7,3,12,6
2021,Masculino,Não informado,11,5,594500.00,270000.00,7,3,12,6
2021,Masculino,Parda,15,11,811250.00,595250.00,7,3,12,6
2021,Masculino,Preta,4,2,225250.00,109250.00,7,3,12,6
2021,Feminino,Branca,33,23,1782300.00,1242300.00,7,3,12,7
2021,Feminino,Não informado,3,3,211200.00,211200.00,7,3,12,7
2021,Feminino,Parda,5,3,271000.00,162000.00,7,3,12,7
2021,Feminino,Preta,1,1,54000.00,54000.00,7,3,12,7
2021,Masculino,Amarela,3,3,162000.00,162000.00,7,3,12,7
2021,Masculino,Branca,40,34,2187200.00,1848500.00,7,3,12,7
2021,Masculino,Não informado,1,0,54000.00,0.00,7,3,12,7
2021,Masculino,Parda,6,5,330900.00,276900.00,7,3,12,7
2021,Feminino,Parda,1,1,57600.00,57600.00,7,3,13,1
2021,Masculino,Branca,1,1,57600.00,57600.00,7,3,13,1
2021,Feminino,Branca,1,0,57600.00,0.00,7,3,13,3
2021,Feminino,Parda,1,1,62000.00,62000.00,7,3,13,3
2021,Masculino,Branca,2,0,115200.00,0.00,7,3,13,3
2021,Masculino,Não informado,2,1,115200.00,57600.00,7,3,13,3
2021,Masculino,Parda,3,3,172800.00,172800.00,7,3,13,3
2021,Feminino,Branca,2,2,116950.00,116950.00,7,3,13,4
2021,Feminino,Amarela,1,1,57600.00,57600.00,7,3,13,6
2021,Feminino,Branca,6,2,338950.00,117700.00,7,3,13,6
2021,Feminino,Não informado,1,0,57600.00,0.00,7,3,13,6
2021,Feminino,Parda,1,0,57600.00,0.00,7,3,13,6
2021,Masculino,Branca,13,5,757150.00,289550.00,7,3,13,6
2021,Masculino,Não informado,1,1,57600.00,57600.00,7,3,13,6
2021,Masculino,Parda,6,1,327900.00,34600.00,7,3,13,6
2021,Feminino,Branca,6,4,353000.00,233400.00,7,3,13,7
2021,Masculino,Branca,9,2,519600.00,115200.00,7,3,13,7
2021,Masculino,Não informado,1,0,57600.00,0.00,7,3,13,7
2021,Masculino,Parda,3,2,162600.00,101000.00,7,3,13,7
2021,Masculino,Preta,1,1,57600.00,57600.00,7,3,13,7
2021,Feminino,Amarela,1,1,49000.00,26700.00,8,1,7,1
2021,Feminino,Branca,7,4,1261431.87,390727.92,8,1,7,1
2021,Feminino,Não informado,3,2,674667.92,129579.92,8,1,7,1
2021,Feminino,Parda,1,1,10000.00,10000.00,8,1,7,1
2021,Masculino,Branca,7,4,751539.92,224600.00,8,1,7,1
2021,Masculino,Parda,2,0,311000.00,0.00,8,1,7,1
2021,Masculino,Preta,4,2,798112.84,54000.00,8,1,7,1
2021,Feminino,Branca,5,1,850976.12,79322.72,8,1,7,2
2021,Feminino,Não informado,1,1,155065.71,84995.86,8,1,7,2
2021,Masculino,Branca,4,3,597890.16,261780.04,8,1,7,2
2021,Masculino,Parda,1,0,275000.00,0.00,8,1,7,2
2021,Feminino,Amarela,1,1,132000.00,22500.00,8,1,7,3
2021,Feminino,Branca,15,8,2420069.70,888675.84,8,1,7,3
2021,Feminino,Não informado,3,1,536895.08,240389.16,8,1,7,3
2021,Feminino,Parda,8,1,1009990.00,12000.00,8,1,7,3
2021,Feminino,Preta,4,1,1893656.79,38400.00,8,1,7,3
2021,Masculino,Branca,13,6,2120112.13,343112.00,8,1,7,3
2021,Masculino,Não informado,2,1,316640.00,16900.00,8,1,7,3
2021,Masculino,Parda,8,4,1045315.28,338927.92,8,1,7,3
2021,Masculino,Preta,3,2,332873.78,49400.00,8,1,7,3
2021,Feminino,Branca,5,4,701282.09,140050.00,8,1,7,4
2021,Feminino,Parda,1,0,237000.00,0.00,8,1,7,4
2021,Masculino,Não informado,1,1,194800.00,116400.00,8,1,7,4
2021,Masculino,Parda,1,1,212459.00,73200.00,8,1,7,4
2021,Feminino,Branca,30,20,4756782.32,1495610.58,8,1,7,6
2021,Feminino,Não informado,12,10,1391865.98,1115886.16,8,1,7,6
2021,Feminino,Parda,5,4,623011.44,294955.92,8,1,7,6
2021,Feminino,Preta,1,0,147237.49,0.00,8,1,7,6
2021,Masculino,Amarela,1,0,126451.52,0.00,8,1,7,6
2021,Masculino,Branca,31,19,7848136.14,1906403.96,8,1,7,6
2021,Masculino,Não informado,3,1,242127.50,36605.52,8,1,7,6
2021,Masculino,Parda,12,5,2596295.89,363962.00,8,1,7,6
2021,Feminino,Amarela,1,0,126451.52,0.00,8,1,7,7
2021,Feminino,Branca,32,18,5244817.69,1491150.40,8,1,7,7
2021,Feminino,Não informado,5,4,2026523.96,966969.76,8,1,7,7
2021,Feminino,Parda,2,2,298600.00,105100.00,8,1,7,7
2021,Masculino,Branca,11,6,1691016.64,546974.72,8,1,7,7
2021,Masculino,Não informado,5,2,791162.48,320974.48,8,1,7,7
2021,Masculino,Parda,3,2,504962.72,114846.56,8,1,7,7
2021,Feminino,Parda,1,0,13200.00,0.00,8,3,3,3
2021,Feminino,Não informado,1,0,18800.00,0.00,8,3,3,4
2021,Feminino,Branca,2,1,22000.00,8800.00,8,3,3,6
2021,Masculino,Não informado,1,1,14200.00,14200.00,8,3,3,6
2021,Masculino,Não informado,1,0,62400.00,0.00,8,3,8,3
2021,Masculino,Parda,1,1,65379.00,65379.00,8,3,8,3
2021,Feminino,Parda,1,1,26800.00,26800.00,8,3,8,7
2021,Feminino,Branca,6,3,237600.00,132000.00,8,3,10,1
2021,Feminino,Não informado,1,0,39600.00,0.00,8,3,10,1
2021,Feminino,Parda,2,1,79200.00,39600.00,8,3,10,1
2021,Feminino,Preta,1,0,39600.00,0.00,8,3,10,1
2021,Masculino,Branca,8,3,316800.00,118800.00,8,3,10,1
2021,Masculino,Não informado,1,0,39600.00,0.00,8,3,10,1
2021,Masculino,Parda,3,1,118800.00,39600.00,8,3,10,1
2021,Masculino,Preta,4,2,158400.00,79200.00,8,3,10,1
2021,Feminino,Amarela,2,1,79200.00,39600.00,8,3,10,3
2021,Feminino,Branca,17,5,673200.00,211200.00,8,3,10,3
2021,Feminino,Não informado,13,6,514800.00,277200.00,8,3,10,3
2021,Feminino,Parda,8,4,316800.00,184800.00,8,3,10,3
2021,Feminino,Preta,6,2,264000.00,79200.00,8,3,10,3
2021,Masculino,Branca,21,6,858000.00,264000.00,8,3,10,3
2021,Masculino,Não informado,7,3,277200.00,158400.00,8,3,10,3
2021,Masculino,Parda,5,1,198000.00,39600.00,8,3,10,3
2021,Masculino,Preta,5,2,198000.00,79200.00,8,3,10,3
2021,Feminino,Branca,5,3,198000.00,132000.00,8,3,10,4
2021,Feminino,Indígena,1,0,39600.00,0.00,8,3,10,4
2021,Feminino,Parda,1,0,39600.00,0.00,8,3,10,4
2021,Feminino,Preta,2,1,79200.00,52800.00,8,3,10,4
2021,Masculino,Amarela,1,0,39600.00,0.00,8,3,10,4
2021,Masculino,Branca,3,1,118800.00,39600.00,8,3,10,4
2021,Masculino,Não informado,4,2,158400.00,92400.00,8,3,10,4
2021,Masculino,Parda,4,2,158400.00,92400.00,8,3,10,4
2021,Feminino,Amarela,3,1,145200.00,66000.00,8,3,10,6
2021,Feminino,Branca,103,52,4078800.00,2442000.00,8,3,10,6
2021,Feminino,Não informado,32,19,1267200.00,831600.00,8,3,10,6
2021,Feminino,Parda,13,5,541200.00,211200.00,8,3,10,6
2021,Feminino,Preta,3,1,118800.00,52800.00,8,3,10,6
2021,Masculino,Branca,64,39,2560800.00,1834800.00,8,3,10,6
2021,Masculino,Não informado,18,7,712800.00,316800.00,8,3,10,6
2021,Masculino,Parda,12,5,475200.00,224400.00,8,3,10,6
2021,Masculino,Preta,4,0,158400.00,0.00,8,3,10,6
2021,Feminino,Branca,45,20,1782000.00,924000.00,8,3,10,7
2021,Feminino,Não informado,6,1,237600.00,52800.00,8,3,10,7
2021,Feminino,Parda,3,2,118800.00,79200.00,8,3,10,7
2021,Masculino,Branca,27,12,1095600.00,528000.00,8,3,10,7
2021,Masculino,Não informado,6,5,237600.00,198000.00,8,3,10,7
2021,Masculino,Parda,3,1,118800.00,39600.00,8,3,10,7
2021,Masculino,Preta,1,1,39600.00,52800.00,8,3,10,7
2021,Masculino,Branca,1,0,54000.00,0.00,8,3,12,3
2021,Masculino,Branca,1,1,54750.00,54750.00,8,3,12,4
2021,Feminino,Amarela,1,1,56150.00,56150.00,8,3,12,6
2021,Feminino,Branca,18,11,951600.00,599600.00,8,3,12,6
2021,Feminino,Indígena,1,1,45000.00,45000.00,8,3,12,6
2021,Feminino,Não informado,7,5,379100.00,270600.00,8,3,12,6
2021,Feminino,Parda,5,2,271000.00,108000.00,8,3,12,6
2021,Feminino,Preta,1,1,54400.00,54400.00,8,3,12,6
2021,Masculino,Branca,14,10,722700.00,515300.00,8,3,12,6
2021,Masculino,Não informado,7,6,378800.00,324800.00,8,3,12,6
2021,Masculino,Parda,4,4,226000.00,226000.00,8,3,12,6
2021,Masculino,Preta,2,0,109500.00,0.00,8,3,12,6
2021,Feminino,Branca,7,7,378500.00,378500.00,8,3,12,7
2021,Feminino,Não informado,2,2,108000.00,108000.00,8,3,12,7
2021,Masculino,Branca,5,3,270000.00,162000.00,8,3,12,7
2021,Feminino,Parda,1,1,57600.00,57600.00,8,3,13,1
2021,Feminino,Branca,6,5,347100.00,289500.00,8,3,13,6
2021,Feminino,Não informado,1,0,57600.00,0.00,8,3,13,6
2021,Feminino,Parda,3,2,172800.00,115200.00,8,3,13,6
2021,Feminino,Preta,1,1,59100.00,59100.00,8,3,13,6
2021,Masculino,Branca,5,3,245100.00,156600.00,8,3,13,6
2021,Masculino,Parda,1,0,57600.00,0.00,8,3,13,6
2021,Masculino,Preta,2,2,119200.00,119200.00,8,3,13,6
2021,Feminino,Branca,2,1,116200.00,58600.00,8,3,13,7
2021,Feminino,Não informado,1,1,37800.00,37800.00,8,3,13,7
2021,Feminino,Branca,7,4,443480.92,104200.00,10,1,7,1
2021,Feminino,Indígena,3,0,375069.19,0.00,10,1,7,1
2021,Feminino,Parda,4,4,109229.00,90729.00,10,1,7,1
2021,Masculino,Branca,9,7,487450.90,184267.00,10,1,7,1
2021,Masculino,Não informado,1,0,150015.92,0.00,10,1,7,1
2021,Masculino,Parda,3,2,242560.00,66600.00,10,1,7,1
2021,Masculino,Preta,1,1,53500.00,42500.00,10,1,7,1
2021,Feminino,Branca,1,1,268462.00,268462.00,10,1,7,2
2021,Feminino,Parda,1,0,150015.92,0.00,10,1,7,2
2021,Masculino,Branca,1,0,152167.92,0.00,10,1,7,2
2021,Feminino,Amarela,1,1,12000.00,12000.00,10,1,7,3
2021,Feminino,Branca,8,4,609318.40,133774.00,10,1,7,3
2021,Feminino,Não informado,3,2,194210.00,40500.00,10,1,7,3
2021,Feminino,Parda,14,11,791451.90,321502.00,10,1,7,3
2021,Feminino,Preta,3,1,91500.00,29000.00,10,1,7,3
2021,Masculino,Branca,14,10,1726744.60,664650.00,10,1,7,3
2021,Masculino,Parda,15,12,1043970.00,478193.00,10,1,7,3
2021,Masculino,Preta,4,3,342300.00,129070.00,10,1,7,3
2021,Feminino,Branca,1,0,79800.00,0.00,10,1,7,4
2021,Feminino,Não informado,4,4,406919.10,285594.10,10,1,7,4
2021,Masculino,Branca,5,4,438878.47,214515.00,10,1,7,4
2021,Masculino,Não informado,1,1,29451.57,23500.00,10,1,7,4
2021,Masculino,Parda,7,6,775534.28,364530.58,10,1,7,4
2021,Feminino,Amarela,1,0,248800.00,0.00,10,1,7,6
2021,Feminino,Branca,27,15,2748879.56,1068331.99,10,1,7,6
2021,Feminino,Não informado,6,5,328324.00,187224.00,10,1,7,6
2021,Feminino,Parda,4,3,177800.00,116800.00,10,1,7,6
2021,Masculino,Branca,34,23,3445240.82,1576636.10,10,1,7,6
2021,Masculino,Não informado,3,2,133783.00,78883.00,10,1,7,6
2021,Masculino,Parda,7,4,721011.49,76810.12,10,1,7,6
2021,Masculino,Preta,1,0,4952.00,0.00,10,1,7,6
2021,Feminino,Branca,23,18,1390770.17,654736.00,10,1,7,7
2021,Feminino,Parda,3,3,53994.00,40100.00,10,1,7,7
2021,Feminino,Preta,1,1,30000.00,16200.00,10,1,7,7
2021,Masculino,Branca,15,9,2403543.12,585968.92,10,1,7,7
2021,Masculino,Não informado,1,0,126500.00,0.00,10,1,7,7
2021,Feminino,Parda,1,0,39600.00,0.00,10,3,10,1
2021,Feminino,Branca,5,2,198000.00,92400.00,10,3,10,3
2021,Feminino,Não informado,2,2,79200.00,79200.00,10,3,10,3
2021,Feminino,Parda,1,0,39600.00,0.00,10,3,10,3
2021,Feminino,Preta,1,0,39600.00,0.00,10,3,10,3
2021,Feminino,Não informado,1,1,39600.00,39600.00,10,3,10,4
2021,Feminino,Branca,4,2,158400.00,79200.00,10,3,10,6
2021,Feminino,Não informado,2,2,79200.00,79200.00,10,3,10,6
2021,Masculino,Branca,2,0,79200.00,0.00,10,3,10,6
2021,Masculino,Não informado,2,1,79200.00,39600.00,10,3,10,6
2021,Masculino,Preta,1,1,39600.00,39600.00,10,3,10,6
2021,Feminino,Branca,2,0,79200.00,0.00,10,3,10,7
2021,Masculino,Branca,4,2,158400.00,79200.00,10,3,10,7
2021,Masculino,Preta,1,1,39600.00,39600.00,10,3,10,7
2021,Feminino,Parda,1,0,31500.00,0.00,10,3,12,3
2021,Masculino,Parda,1,1,54120.00,54120.00,10,3,12,3
2021,Feminino,Branca,1,1,54000.00,54000.00,10,3,12,6
2021,Feminino,Branca,1,0,62000.00,0.00,10,3,13,6
2021,Feminino,Branca,21,4,831600.00,158400.00,11,3,9,1
2021,Feminino,Não informado,2,0,79200.00,0.00,11,3,9,1
2021,Feminino,Parda,7,1,277200.00,39600.00,11,3,9,1
2021,Feminino,Preta,1,0,39600.00,0.00,11,3,9,1
2021,Masculino,Amarela,2,0,79200.00,0.00,11,3,9,1
2021,Masculino,Branca,46,12,1821600.00,475200.00,11,3,9,1
2021,Masculino,Não informado,4,0,158400.00,0.00,11,3,9,1
2021,Masculino,Parda,20,4,792000.00,171600.00,11,3,9,1
2021,Masculino,Preta,5,1,198000.00,39600.00,11,3,9,1
2021,Feminino,Branca,64,14,2534400.00,607200.00,11,3,9,3
2021,Feminino,Não informado,6,3,237600.00,118800.00,11,3,9,3
2021,Feminino,Parda,24,6,950400.00,237600.00,11,3,9,3
2021,Feminino,Preta,6,1,237600.00,39600.00,11,3,9,3
2021,Masculino,Amarela,1,0,39600.00,0.00,11,3,9,3
2021,Masculino,Branca,110,30,4356000.00,1201200.00,11,3,9,3
2021,Masculino,Não informado,16,6,633600.00,250800.00,11,3,9,3
2021,Masculino,Parda,45,11,1782000.00,435600.00,11,3,9,3
2021,Masculino,Preta,14,3,554400.00,132000.00,11,3,9,3
2021,Feminino,Branca,7,1,277200.00,39600.00,11,3,9,4
2021,Feminino,Parda,6,0,237600.00,0.00,11,3,9,4
2021,Masculino,Branca,14,4,554400.00,158400.00,11,3,9,4
2021,Masculino,Não informado,1,1,39600.00,39600.00,11,3,9,4
2021,Masculino,Parda,24,5,950400.00,198000.00,11,3,9,4
2021,Masculino,Preta,2,1,79200.00,39600.00,11,3,9,4
2021,Feminino,Amarela,3,0,118800.00,0.00,11,3,9,6
2021,Feminino,Branca,131,15,5187600.00,620400.00,11,3,9,6
2021,Feminino,Não informado,14,1,554400.00,39600.00,11,3,9,6
2021,Feminino,Parda,18,4,712800.00,158400.00,11,3,9,6
2021,Feminino,Preta,3,1,118800.00,39600.00,11,3,9,6
2021,Masculino,Amarela,11,3,435600.00,118800.00,11,3,9,6
2021,Masculino,Branca,261,61,10335600.00,2534400.00,11,3,9,6
2021,Masculino,Indígena,1,1,39600.00,39600.00,11,3,9,6
2021,Masculino,Não informado,45,15,1782000.00,607200.00,11,3,9,6
2021,Masculino,Parda,40,6,1584000.00,237600.00,11,3,9,6
2021,Masculino,Preta,9,1,356400.00,39600.00,11,3,9,6
2021,Feminino,Amarela,3,1,118800.00,39600.00,11,3,9,7
2021,Feminino,Branca,90,19,3564000.00,792000.00,11,3,9,7
2021,Feminino,Não informado,4,1,158400.00,39600.00,11,3,9,7
2021,Feminino,Parda,9,0,356400.00,0.00,11,3,9,7
2021,Feminino,Preta,2,1,79200.00,39600.00,11,3,9,7
2021,Masculino,Amarela,5,2,198000.00,92400.00,11,3,9,7
2021,Masculino,Branca,180,47,7128000.00,2006400.00,11,3,9,7
2021,Masculino,Não informado,17,8,673200.00,316800.00,11,3,9,7
2021,Masculino,Parda,15,0,594000.00,0.00,11,3,9,7
2021,Masculino,Preta,4,0,158400.00,0.00,11,3,9,7
2022,Feminino,Amarela,4,1,2399567.48,108000.00,1,1,7,1
2022,Feminino,Branca,30,5,28187342.68,1170357.36,1,1,7,1
2022,Feminino,Não informado,4,1,3445978.61,2218944.00,1,1,7,1
2022,Feminino,Parda,3,1,2110782.50,999900.00,1,1,7,1
2022,Feminino,Preta,2,0,2062447.90,0.00,1,1,7,1
2022,Masculino,Branca,40,15,32597442.01,11523213.66,1,1,7,1
2022,Masculino,Indígena,1,1,30000.00,30000.00,1,1,7,1
2022,Masculino,Não informado,6,3,5738404.00,3098200.00,1,1,7,1
2022,Masculino,Parda,11,5,8312472.63,1854980.00,1,1,7,1
2022,Masculino,Não informado,1,0,1474100.00,0.00,1,1,7,2
2022,Feminino,Amarela,3,2,1348609.00,316832.00,1,1,7,3
2022,Feminino,Branca,35,18,22486656.71,9480870.40,1,1,7,3
2022,Feminino,Indígena,1,0,1496779.38,0.00,1,1,7,3
2022,Feminino,Não informado,3,0,1966649.00,0.00,1,1,7,3
2022,Feminino,Parda,19,4,12349468.88,1370820.00,1,1,7,3
2022,Feminino,Preta,3,2,1192579.91,450988.80,1,1,7,3
2022,Masculino,Amarela,3,0,2240094.40,0.00,1,1,7,3
2022,Masculino,Branca,42,11,30364289.29,7428392.40,1,1,7,3
2022,Masculino,Não informado,7,3,2231346.00,292512.00,1,1,7,3
2022,Masculino,Parda,27,13,17486212.93,4481738.40,1,1,7,3
2022,Masculino,Preta,7,2,2723378.00,167000.00,1,1,7,3
2022,Feminino,Branca,6,1,3340996.64,95000.00,1,1,7,4
2022,Feminino,Não informado,1,0,1101700.00,0.00,1,1,7,4
2022,Feminino,Parda,6,3,4512193.08,1666442.38,1,1,7,4
2022,Feminino,Preta,1,1,1224000.00,1122000.00,1,1,7,4
2022,Masculino,Amarela,2,1,967800.00,50400.00,1,1,7,4
2022,Masculino,Branca,17,6,6843877.20,973014.40,1,1,7,4
2022,Masculino,Não informado,5,2,4727740.02,2326944.00,1,1,7,4
2022,Masculino,Parda,9,3,3880094.88,1039694.40,1,1,7,4
2022,Masculino,Preta,2,0,1908894.00,0.00,1,1,7,4
2022,Feminino,Amarela,2,2,1929849.60,1677849.60,1,1,7,6
2022,Feminino,Branca,73,33,65199455.86,18253174.27,1,1,7,6
2022,Feminino,Não informado,7,3,5315874.48,520224.00,1,1,7,6
2022,Feminino,Parda,13,8,7624830.04,1896429.07,1,1,7,6
2022,Feminino,Preta,1,1,409400.00,2218944.00,1,1,7,6
2022,Masculino,Amarela,6,3,3253825.25,1434720.00,1,1,7,6
2022,Masculino,Branca,140,73,114099876.57,37751211.12,1,1,7,6
2022,Masculino,Indígena,2,1,1112980.00,390000.00,1,1,7,6
2022,Masculino,Não informado,23,12,18368249.31,9277952.80,1,1,7,6
2022,Masculino,Parda,30,13,29572123.66,5336836.80,1,1,7,6
2022,Feminino,Branca,65,25,50257953.99,12641331.60,1,1,7,7
2022,Feminino,Não informado,8,2,6180384.93,349824.00,1,1,7,7
2022,Feminino,Parda,3,2,2343342.60,851840.00,1,1,7,7
2022,Feminino,Preta,3,2,1829336.40,582336.00,1,1,7,7
2022,Masculino,Branca,114,51,93940184.80,23957907.79,1,1,7,7
2022,Masculino,Não informado,10,4,8175706.60,3725420.00,1,1,7,7
2022,Masculino,Parda,9,2,6879268.50,1159177.60,1,1,7,7
2022,Feminino,Amarela,3,0,118800.00,0.00,1,3,10,1
2022,Feminino,Branca,33,19,1306800.00,831600.00,1,3,10,1
2022,Feminino,Não informado,4,2,158400.00,79200.00,1,3,10,1
2022,Feminino,Parda,12,6,475200.00,237600.00,1,3,10,1
2022,Feminino,Preta,1,0,39600.00,0.00,1,3,10,1
2022,Masculino,Amarela,2,0,79200.00,0.00,1,3,10,1
2022,Masculino,Branca,61,41,2468400.00,1768800.00,1,3,10,1
2022,Masculino,Não informado,11,6,435600.00,264000.00,1,3,10,1
2022,Masculino,Parda,19,10,752400.00,409200.00,1,3,10,1
2022,Masculino,Preta,1,1,39600.00,52800.00,1,3,10,1
2022,Feminino,Amarela,1,0,39600.00,0.00,1,3,10,3
2022,Feminino,Branca,26,12,1029600.00,554400.00,1,3,10,3
2022,Feminino,Não informado,6,3,237600.00,118800.00,1,3,10,3
2022,Feminino,Parda,14,6,554400.00,290400.00,1,3,10,3
2022,Feminino,Preta,2,1,79200.00,39600.00,1,3,10,3
2022,Masculino,Amarela,1,1,39600.00,39600.00,1,3,10,3
2022,Masculino,Branca,57,38,2257200.00,1742400.00,1,3,10,3
2022,Masculino,Não informado,11,6,435600.00,277200.00,1,3,10,3
2022,Masculino,Parda,40,21,1584000.00,937200.00,1,3,10,3
2022,Masculino,Preta,5,2,198000.00,79200.00,1,3,10,3
2022,Feminino,Branca,4,1,158400.00,52800.00,1,3,10,4
2022,Feminino,Não informado,2,0,79200.00,0.00,1,3,10,4
2022,Feminino,Parda,5,2,198000.00,92400.00,1,3,10,4
2022,Feminino,Preta,1,0,39600.00,0.00,1,3,10,4
2022,Masculino,Amarela,2,0,79200.00,0.00,1,3,10,4
2022,Masculino,Branca,9,8,356400.00,343200.00,1,3,10,4
2022,Masculino,Não informado,4,1,158400.00,39600.00,1,3,10,4
2022,Masculino,Parda,12,6,475200.00,237600.00,1,3,10,4
2022,Feminino,Amarela,8,4,343200.00,158400.00,1,3,10,6
2022,Feminino,Branca,147,82,5821200.00,3590400.00,1,3,10,6
2022,Feminino,Não informado,11,4,435600.00,198000.00,1,3,10,6
2022,Feminino,Parda,10,4,396000.00,158400.00,1,3,10,6
2022,Masculino,Amarela,6,3,237600.00,132000.00,1,3,10,6
2022,Masculino,Branca,212,130,8421600.00,6072000.00,1,3,10,6
2022,Masculino,Não informado,35,20,1412400.00,884400.00,1,3,10,6
2022,Masculino,Parda,26,13,1082400.00,594000.00,1,3,10,6
2022,Masculino,Preta,4,2,158400.00,92400.00,1,3,10,6
2022,Feminino,Amarela,2,2,79200.00,79200.00,1,3,10,7
2022,Feminino,Branca,71,41,2811600.00,1729200.00,1,3,10,7
2022,Feminino,Indígena,1,1,39600.00,39600.00,1,3,10,7
2022,Feminino,Não informado,11,8,435600.00,330000.00,1,3,10,7
2022,Feminino,Parda,1,1,39600.00,39600.00,1,3,10,7
2022,Feminino,Preta,1,1,39600.00,39600.00,1,3,10,7
2022,Masculino,Amarela,3,2,118800.00,92400.00,1,3,10,7
2022,Masculino,Branca,140,98,5596800.00,4501200.00,1,3,10,7
2022,Masculino,Não informado,20,12,818400.00,528000.00,1,3,10,7
2022,Masculino,Parda,8,4,316800.00,171600.00,1,3,10,7
2022,Masculino,Preta,1,0,39600.00,0.00,1,3,10,7
2022,Feminino,Branca,32,9,29043912.14,5887715.85,2,1,7,1
2022,Feminino,Não informado,5,2,5905372.80,1464460.80,2,1,7,1
2022,Feminino,Parda,12,3,11295220.01,3620000.00,2,1,7,1
2022,Masculino,Branca,27,4,20250937.25,423899.85,2,1,7,1
2022,Masculino,Não informado,14,5,18237759.40,3367033.30,2,1,7,1
2022,Masculino,Parda,10,2,11898371.00,48000.00,2,1,7,1
2022,Masculino,Preta,1,0,800000.00,0.00,2,1,7,1
2022,Feminino,Branca,1,0,263800.00,0.00,2,1,7,2
2022,Feminino,Parda,1,1,146731.74,146731.71,2,1,7,2
2022,Masculino,Amarela,1,0,209800.00,0.00,2,1,7,2
2022,Masculino,Branca,4,1,2710880.84,1333169.04,2,1,7,2
2022,Masculino,Parda,1,1,45456.60,45456.60,2,1,7,2
2022,Feminino,Branca,52,10,46560133.58,3009811.94,2,1,7,3
2022,Feminino,Não informado,15,7,9842464.24,3740594.74,2,1,7,3
2022,Feminino,Parda,17,3,11963253.26,741000.00,2,1,7,3
2022,Feminino,Preta,4,0,2142102.91,0.00,2,1,7,3
2022,Masculino,Branca,67,26,48145234.15,13184175.68,2,1,7,3
2022,Masculino,Não informado,18,7,13253856.34,4707377.00,2,1,7,3
2022,Masculino,Parda,34,5,24013603.91,1747984.00,2,1,7,3
2022,Masculino,Preta,6,3,3873986.00,829900.00,2,1,7,3
2022,Feminino,Amarela,1,0,627275.00,0.00,2,1,7,4
2022,Feminino,Branca,15,6,8229199.00,2423218.00,2,1,7,4
2022,Feminino,Não informado,1,0,565376.00,0.00,2,1,7,4
2022,Feminino,Parda,6,3,3656196.00,1693555.20,2,1,7,4
2022,Feminino,Preta,1,0,943528.50,0.00,2,1,7,4
2022,Masculino,Branca,24,10,17273815.64,3435641.60,2,1,7,4
2022,Masculino,Não informado,4,1,2826854.23,36000.00,2,1,7,4
2022,Masculino,Parda,17,4,16897888.56,1387882.40,2,1,7,4
2022,Feminino,Amarela,3,2,2291260.80,665683.20,2,1,7,6
2022,Feminino,Branca,185,91,161092913.58,58055476.10,2,1,7,6
2022,Feminino,Indígena,2,2,1984838.40,1984838.40,2,1,7,6
2022,Feminino,Não informado,41,15,25861710.09,4948456.63,2,1,7,6
2022,Feminino,Parda,17,8,13902933.89,3145370.79,2,1,7,6
2022,Feminino,Preta,8,3,10384350.42,2283054.28,2,1,7,6
2022,Masculino,Amarela,9,2,4704812.80,80400.00,2,1,7,6
2022,Masculino,Branca,225,90,192500622.83,44639586.83,2,1,7,6
2022,Masculino,Não informado,49,32,37214093.67,13896101.55,2,1,7,6
2022,Masculino,Parda,31,16,20369715.29,7422375.20,2,1,7,6
2022,Masculino,Preta,3,0,950228.00,0.00,2,1,7,6
2022,Feminino,Amarela,5,1,3654464.00,72000.00,2,1,7,7
2022,Feminino,Branca,92,28,85927682.99,13254005.88,2,1,7,7
2022,Feminino,Não informado,12,3,11086528.08,4240747.68,2,1,7,7
2022,Feminino,Parda,1,0,447000.00,0.00,2,1,7,7
2022,Feminino,Preta,1,0,406020.00,0.00,2,1,7,7
2022,Masculino,Amarela,3,0,887400.00,0.00,2,1,7,7
2022,Masculino,Branca,117,51,98711212.31,38913900.62,2,1,7,7
2022,Masculino,Não informado,28,13,22562322.68,8643454.02,2,1,7,7
2022,Masculino,Parda,2,1,2452460.80,786777.60,2,1,7,7
2022,Feminino,Branca,19,7,752400.00,290400.00,2,3,10,1
2022,Feminino,Não informado,1,0,39600.00,0.00,2,3,10,1
2022,Feminino,Parda,8,4,316800.00,171600.00,2,3,10,1
2022,Feminino,Preta,1,0,39600.00,0.00,2,3,10,1
2022,Masculino,Amarela,2,1,79200.00,39600.00,2,3,10,1
2022,Masculino,Branca,34,20,1346400.00,884400.00,2,3,10,1
2022,Masculino,Indígena,1,1,39600.00,39600.00,2,3,10,1
2022,Masculino,Não informado,7,4,277200.00,158400.00,2,3,10,1
2022,Masculino,Parda,8,6,316800.00,264000.00,2,3,10,1
2022,Masculino,Preta,2,1,79200.00,39600.00,2,3,10,1
2022,Feminino,Branca,51,35,2019600.00,1557600.00,2,3,10,3
2022,Feminino,Não informado,15,7,594000.00,303600.00,2,3,10,3
2022,Feminino,Parda,23,15,910800.00,620400.00,2,3,10,3
2022,Feminino,Preta,2,0,79200.00,0.00,2,3,10,3
2022,Masculino,Amarela,2,1,79200.00,39600.00,2,3,10,3
2022,Masculino,Branca,65,40,2600400.00,1795200.00,2,3,10,3
2022,Masculino,Não informado,24,12,950400.00,554400.00,2,3,10,3
2022,Masculino,Parda,28,9,1108800.00,356400.00,2,3,10,3
2022,Masculino,Preta,4,2,158400.00,79200.00,2,3,10,3
2022,Feminino,Amarela,1,1,39600.00,39600.00,2,3,10,4
2022,Feminino,Branca,14,6,554400.00,250800.00,2,3,10,4
2022,Feminino,Não informado,5,1,198000.00,39600.00,2,3,10,4
2022,Feminino,Parda,10,4,396000.00,158400.00,2,3,10,4
2022,Feminino,Preta,1,0,39600.00,0.00,2,3,10,4
2022,Masculino,Amarela,1,0,39600.00,0.00,2,3,10,4
2022,Masculino,Branca,21,11,831600.00,488400.00,2,3,10,4
2022,Masculino,Não informado,5,4,198000.00,158400.00,2,3,10,4
2022,Masculino,Parda,20,8,792000.00,369600.00,2,3,10,4
2022,Masculino,Preta,2,2,79200.00,79200.00,2,3,10,4
2022,Feminino,Amarela,8,5,316800.00,211200.00,2,3,10,6
2022,Feminino,Branca,293,167,11655600.00,7352400.00,2,3,10,6
2022,Feminino,Não informado,61,33,2442000.00,1438800.00,2,3,10,6
2022,Feminino,Parda,29,18,1148400.00,778800.00,2,3,10,6
2022,Feminino,Preta,5,3,198000.00,132000.00,2,3,10,6
2022,Masculino,Amarela,12,5,475200.00,224400.00,2,3,10,6
2022,Masculino,Branca,235,147,9358800.00,6692400.00,2,3,10,6
2022,Masculino,Indígena,1,1,39600.00,39600.00,2,3,10,6
2022,Masculino,Não informado,75,47,2996400.00,2151600.00,2,3,10,6
2022,Masculino,Parda,48,35,1927200.00,1584000.00,2,3,10,6
2022,Masculino,Preta,4,2,158400.00,92400.00,2,3,10,6
2022,Feminino,Amarela,1,1,39600.00,52800.00,2,3,10,7
2022,Feminino,Branca,101,58,3999600.00,2574000.00,2,3,10,7
2022,Feminino,Não informado,13,7,514800.00,330000.00,2,3,10,7
2022,Masculino,Amarela,1,1,39600.00,39600.00,2,3,10,7
2022,Masculino,Branca,94,57,3775200.00,2679600.00,2,3,10,7
2022,Masculino,Não informado,23,12,910800.00,567600.00,2,3,10,7
2022,Masculino,Parda,4,3,158400.00,132000.00,2,3,10,7
2022,Feminino,Amarela,1,0,80400.00,0.00,3,1,7,1
2022,Feminino,Branca,13,8,8886753.00,3618816.00,3,1,7,1
2022,Feminino,Não informado,3,1,3940784.13,504000.00,3,1,7,1
2022,Feminino,Parda,5,4,3448339.51,3496768.00,3,1,7,1
2022,Masculino,Amarela,2,0,1545950.00,0.00,3,1,7,1
2022,Masculino,Branca,47,22,32654869.36,9441063.60,3,1,7,1
2022,Masculino,Indígena,1,0,399800.00,0.00,3,1,7,1
2022,Masculino,Não informado,9,4,7155208.00,2398465.00,3,1,7,1
2022,Masculino,Parda,13,2,10576587.14,2063301.36,3,1,7,1
2022,Masculino,Preta,5,2,2084300.00,27000.00,3,1,7,1
2022,Feminino,Não informado,1,0,253000.00,0.00,3,1,7,2
2022,Masculino,Branca,2,1,1095971.58,714000.00,3,1,7,2
2022,Feminino,Amarela,6,3,5728672.01,111000.01,3,1,7,3
2022,Feminino,Branca,56,21,58619742.66,13846809.71,3,1,7,3
2022,Feminino,Indígena,1,1,998000.00,713000.00,3,1,7,3
2022,Feminino,Não informado,7,5,5503708.00,3288144.00,3,1,7,3
2022,Feminino,Parda,17,9,14754669.18,6139674.02,3,1,7,3
2022,Feminino,Preta,4,1,2504018.48,99200.00,3,1,7,3
2022,Masculino,Amarela,2,1,745600.00,35000.00,3,1,7,3
2022,Masculino,Branca,103,50,64746864.99,18771021.95,3,1,7,3
2022,Masculino,Indígena,3,1,3464944.00,1230566.40,3,1,7,3
2022,Masculino,Não informado,28,19,22876574.40,10519734.01,3,1,7,3
2022,Masculino,Parda,59,27,42851283.27,14125871.34,3,1,7,3
2022,Masculino,Preta,5,1,4727850.00,1000000.00,3,1,7,3
2022,Feminino,Branca,5,1,4407844.80,36000.00,3,1,7,4
2022,Feminino,Não informado,1,1,144000.00,36000.00,3,1,7,4
2022,Feminino,Parda,11,5,6946274.31,4776619.00,3,1,7,4
2022,Masculino,Branca,25,13,18651070.06,5048777.40,3,1,7,4
2022,Masculino,Não informado,6,4,4434452.10,2322880.78,3,1,7,4
2022,Masculino,Parda,21,6,24995500.19,2065400.00,3,1,7,4
2022,Masculino,Preta,3,1,732112.00,20000.00,3,1,7,4
2022,Masculino,Parda,1,0,200000.00,0.00,3,1,7,5
2022,Feminino,Amarela,8,5,13812683.68,2344430.20,3,1,7,6
2022,Feminino,Branca,98,54,69049897.82,27780026.98,3,1,7,6
2022,Feminino,Indígena,1,1,498350.90,498350.90,3,1,7,6
2022,Feminino,Não informado,17,12,9432852.39,4569547.93,3,1,7,6
2022,Feminino,Parda,19,8,7871358.53,2189541.54,3,1,7,6
2022,Feminino,Preta,4,1,1846400.00,36000.00,3,1,7,6
2022,Masculino,Amarela,7,4,6157069.20,1605544.40,3,1,7,6
2022,Masculino,Branca,277,158,199041621.36,77457508.05,3,1,7,6
2022,Masculino,Indígena,1,0,192000.00,0.00,3,1,7,6
2022,Masculino,Não informado,108,74,70316886.42,27330780.08,3,1,7,6
2022,Masculino,Parda,44,18,47212784.86,8247592.35,3,1,7,6
2022,Masculino,Preta,9,5,8871437.14,4088764.80,3,1,7,6
2022,Feminino,Branca,45,17,36065360.08,7846455.20,3,1,7,7
2022,Feminino,Não informado,5,3,2788540.00,1044238.00,3,1,7,7
2022,Feminino,Parda,7,2,3039100.00,60400.00,3,1,7,7
2022,Feminino,Preta,2,1,662000.01,0.01,3,1,7,7
2022,Masculino,Branca,123,71,88085223.07,30868675.48,3,1,7,7
2022,Masculino,Não informado,28,13,27091932.50,13382832.55,3,1,7,7
2022,Masculino,Parda,14,6,6836604.25,1832080.60,3,1,7,7
2022,Feminino,Amarela,2,0,79200.00,0.00,3,3,10,1
2022,Feminino,Branca,16,7,633600.00,290400.00,3,3,10,1
2022,Feminino,Não informado,1,0,39600.00,0.00,3,3,10,1
2022,Feminino,Parda,7,4,277200.00,158400.00,3,3,10,1
2022,Masculino,Amarela,2,1,79200.00,39600.00,3,3,10,1
2022,Masculino,Branca,45,30,1782000.00,1320000.00,3,3,10,1
2022,Masculino,Indígena,1,1,39600.00,39600.00,3,3,10,1
2022,Masculino,Não informado,10,6,396000.00,264000.00,3,3,10,1
2022,Masculino,Parda,24,9,950400.00,396000.00,3,3,10,1
2022,Masculino,Preta,4,2,158400.00,92400.00,3,3,10,1
2022,Feminino,Amarela,1,0,39600.00,0.00,3,3,10,3
2022,Feminino,Branca,45,17,1782000.00,752400.00,3,3,10,3
2022,Feminino,Não informado,8,4,316800.00,184800.00,3,3,10,3
2022,Feminino,Parda,21,10,831600.00,422400.00,3,3,10,3
2022,Feminino,Preta,2,1,79200.00,39600.00,3,3,10,3
2022,Masculino,Amarela,5,3,198000.00,118800.00,3,3,10,3
2022,Masculino,Branca,149,73,5953200.00,3300000.00,3,3,10,3
2022,Masculino,Indígena,2,0,79200.00,0.00,3,3,10,3
2022,Masculino,Não informado,57,41,2310000.00,1874400.00,3,3,10,3
2022,Masculino,Parda,82,33,3273600.00,1504800.00,3,3,10,3
2022,Masculino,Preta,18,12,712800.00,501600.00,3,3,10,3
2022,Feminino,Branca,4,3,158400.00,132000.00,3,3,10,4
2022,Feminino,Não informado,3,2,118800.00,92400.00,3,3,10,4
2022,Feminino,Parda,4,0,158400.00,0.00,3,3,10,4
2022,Masculino,Branca,20,12,792000.00,514800.00,3,3,10,4
2022,Masculino,Indígena,1,0,39600.00,0.00,3,3,10,4
2022,Masculino,Não informado,6,3,237600.00,145200.00,3,3,10,4
2022,Masculino,Parda,28,9,1108800.00,382800.00,3,3,10,4
2022,Masculino,Preta,2,0,79200.00,0.00,3,3,10,4
2022,Feminino,Amarela,4,1,158400.00,39600.00,3,3,10,6
2022,Feminino,Branca,159,75,6349200.00,3352800.00,3,3,10,6
2022,Feminino,Não informado,41,15,1623600.00,712800.00,3,3,10,6
2022,Feminino,Parda,18,8,712800.00,343200.00,3,3,10,6
2022,Feminino,Preta,2,1,79200.00,39600.00,3,3,10,6
2022,Masculino,Amarela,19,12,752400.00,501600.00,3,3,10,6
2022,Masculino,Branca,477,246,19100400.00,11497200.00,3,3,10,6
2022,Masculino,Indígena,4,0,158400.00,0.00,3,3,10,6
2022,Masculino,Não informado,195,115,7801200.00,5319600.00,3,3,10,6
2022,Masculino,Parda,102,49,4039200.00,2191200.00,3,3,10,6
2022,Masculino,Preta,18,6,712800.00,277200.00,3,3,10,6
2022,Feminino,Amarela,2,1,79200.00,39600.00,3,3,10,7
2022,Feminino,Branca,75,36,2996400.00,1531200.00,3,3,10,7
2022,Feminino,Não informado,8,5,316800.00,198000.00,3,3,10,7
2022,Feminino,Parda,5,2,198000.00,92400.00,3,3,10,7
2022,Feminino,Preta,1,0,39600.00,0.00,3,3,10,7
2022,Masculino,Amarela,2,0,79200.00,0.00,3,3,10,7
2022,Masculino,Branca,189,107,7537200.00,4897200.00,3,3,10,7
2022,Masculino,Não informado,32,11,1293600.00,501600.00,3,3,10,7
2022,Masculino,Parda,16,5,633600.00,211200.00,3,3,10,7
2022,Masculino,Preta,2,0,79200.00,0.00,3,3,10,7
2022,Feminino,Branca,35,6,8002435.60,1569599.00,4,1,7,1
2022,Feminino,Indígena,2,0,366420.00,0.00,4,1,7,1
2022,Feminino,Não informado,3,1,794277.40,435350.00,4,1,7,1
2022,Feminino,Parda,14,0,4327649.99,0.00,4,1,7,1
2022,Feminino,Preta,5,0,1801184.10,0.00,4,1,7,1
2022,Masculino,Branca,52,9,18474918.21,4400222.40,4,1,7,1
2022,Masculino,Indígena,1,0,149000.00,0.00,4,1,7,1
2022,Masculino,Não informado,14,3,4005336.00,799536.00,4,1,7,1
2022,Masculino,Parda,19,6,6211583.52,1868837.60,4,1,7,1
2022,Masculino,Preta,5,0,1281294.00,0.00,4,1,7,1
2022,Feminino,Branca,1,0,30000.00,0.00,4,1,7,2
2022,Masculino,Parda,1,0,60400.00,0.00,4,1,7,2
2022,Feminino,Amarela,1,1,278664.00,259010.00,4,1,7,3
2022,Feminino,Branca,79,23,29191818.80,5809091.45,4,1,7,3
2022,Feminino,Não informado,10,1,2561155.39,5000.00,4,1,7,3
2022,Feminino,Parda,50,10,11289450.53,1255745.00,4,1,7,3
2022,Feminino,Preta,24,4,6320731.97,467510.70,4,1,7,3
2022,Masculino,Branca,70,20,20515764.74,3632056.00,4,1,7,3
2022,Masculino,Não informado,24,6,9038236.00,1069810.00,4,1,7,3
2022,Masculino,Parda,56,13,13980747.59,2679856.00,4,1,7,3
2022,Masculino,Preta,15,3,3613236.20,497460.80,4,1,7,3
2022,Feminino,Amarela,1,0,374638.40,0.00,4,1,7,4
2022,Feminino,Branca,11,4,3968316.23,1183336.00,4,1,7,4
2022,Feminino,Não informado,1,1,194200.00,74100.00,4,1,7,4
2022,Feminino,Parda,20,5,4526357.50,365540.00,4,1,7,4
2022,Feminino,Preta,6,1,1402706.51,11998.00,4,1,7,4
2022,Masculino,Branca,14,2,2368984.81,125000.00,4,1,7,4
2022,Masculino,Indígena,2,1,596725.64,30000.00,4,1,7,4
2022,Masculino,Não informado,6,3,1669065.59,159671.57,4,1,7,4
2022,Masculino,Parda,19,5,5195884.87,1003600.00,4,1,7,4
2022,Masculino,Preta,11,2,2082511.40,189000.00,4,1,7,4
2022,Feminino,Amarela,4,1,933213.98,36000.00,4,1,7,6
2022,Feminino,Branca,194,69,76932576.79,19732281.20,4,1,7,6
2022,Feminino,Indígena,1,0,149581.81,0.00,4,1,7,6
2022,Feminino,Não informado,33,6,9900793.41,1611264.40,4,1,7,6
2022,Feminino,Parda,38,9,10915439.54,4077001.20,4,1,7,6
2022,Feminino,Preta,11,0,2605167.26,0.00,4,1,7,6
2022,Masculino,Amarela,2,1,897175.00,36000.00,4,1,7,6
2022,Masculino,Branca,161,66,66805087.90,19161842.40,4,1,7,6
2022,Masculino,Indígena,4,2,5143380.00,1993785.60,4,1,7,6
2022,Masculino,Não informado,50,17,21083235.95,6938234.40,4,1,7,6
2022,Masculino,Parda,45,15,38327357.69,5182602.40,4,1,7,6
2022,Masculino,Preta,14,9,8386325.99,3271517.80,4,1,7,6
2022,Feminino,Amarela,1,1,499974.00,297000.00,4,1,7,7
2022,Feminino,Branca,150,25,48785018.23,7299988.80,4,1,7,7
2022,Feminino,Não informado,13,6,4392544.46,1225224.00,4,1,7,7
2022,Feminino,Parda,16,2,4521478.46,156200.00,4,1,7,7
2022,Feminino,Preta,4,0,397910.00,0.00,4,1,7,7
2022,Masculino,Branca,130,40,48173927.01,10470894.20,4,1,7,7
2022,Masculino,Não informado,23,4,4371440.46,586926.40,4,1,7,7
2022,Masculino,Parda,18,4,5216632.02,1137027.20,4,1,7,7
2022,Masculino,Preta,2,0,89280.00,0.00,4,1,7,7
2022,Feminino,Branca,36,19,1452000.00,858000.00,4,3,10,1
2022,Feminino,Não informado,4,3,158400.00,132000.00,4,3,10,1
2022,Feminino,Parda,9,7,356400.00,290400.00,4,3,10,1
2022,Masculino,Amarela,2,1,79200.00,39600.00,4,3,10,1
2022,Masculino,Branca,25,12,1016400.00,488400.00,4,3,10,1
2022,Masculino,Não informado,10,3,396000.00,158400.00,4,3,10,1
2022,Masculino,Parda,7,3,277200.00,132000.00,4,3,10,1
2022,Masculino,Preta,4,0,184800.00,0.00,4,3,10,1
2022,Feminino,Amarela,1,1,39600.00,39600.00,4,3,10,3
2022,Feminino,Branca,57,31,2283600.00,1359600.00,4,3,10,3
2022,Feminino,Indígena,1,1,39600.00,39600.00,4,3,10,3
2022,Feminino,Não informado,12,4,475200.00,158400.00,4,3,10,3
2022,Feminino,Parda,26,10,1029600.00,409200.00,4,3,10,3
2022,Feminino,Preta,9,1,356400.00,39600.00,4,3,10,3
2022,Masculino,Amarela,1,1,39600.00,39600.00,4,3,10,3
2022,Masculino,Branca,49,19,1940400.00,805200.00,4,3,10,3
2022,Masculino,Não informado,21,8,831600.00,343200.00,4,3,10,3
2022,Masculino,Parda,45,17,1808400.00,699600.00,4,3,10,3
2022,Masculino,Preta,9,4,356400.00,171600.00,4,3,10,3
2022,Feminino,Branca,10,2,422400.00,92400.00,4,3,10,4
2022,Feminino,Não informado,2,0,79200.00,0.00,4,3,10,4
2022,Feminino,Parda,12,1,475200.00,39600.00,4,3,10,4
2022,Feminino,Preta,2,0,79200.00,0.00,4,3,10,4
2022,Masculino,Branca,15,4,594000.00,158400.00,4,3,10,4
2022,Masculino,Não informado,7,2,277200.00,92400.00,4,3,10,4
2022,Masculino,Parda,17,4,673200.00,171600.00,4,3,10,4
2022,Masculino,Preta,4,1,158400.00,39600.00,4,3,10,4
2022,Feminino,Amarela,2,1,79200.00,39600.00,4,3,10,6
2022,Feminino,Branca,229,117,9253200.00,5346000.00,4,3,10,6
2022,Feminino,Não informado,53,28,2125200.00,1240800.00,4,3,10,6
2022,Feminino,Parda,30,14,1188000.00,580800.00,4,3,10,6
2022,Feminino,Preta,10,8,396000.00,343200.00,4,3,10,6
2022,Masculino,Amarela,6,6,264000.00,264000.00,4,3,10,6
2022,Masculino,Branca,223,117,9015600.00,5161200.00,4,3,10,6
2022,Masculino,Indígena,2,0,79200.00,0.00,4,3,10,6
2022,Masculino,Não informado,79,45,3181200.00,2046000.00,4,3,10,6
2022,Masculino,Parda,37,13,1518000.00,594000.00,4,3,10,6
2022,Masculino,Preta,15,9,594000.00,396000.00,4,3,10,6
2022,Feminino,Amarela,2,1,79200.00,39600.00,4,3,10,7
2022,Feminino,Branca,156,81,6230400.00,3524400.00,4,3,10,7
2022,Feminino,Não informado,11,5,435600.00,250800.00,4,3,10,7
2022,Feminino,Parda,4,1,158400.00,52800.00,4,3,10,7
2022,Feminino,Preta,2,0,79200.00,0.00,4,3,10,7
2022,Masculino,Amarela,1,0,39600.00,0.00,4,3,10,7
2022,Masculino,Branca,120,54,4778400.00,2283600.00,4,3,10,7
2022,Masculino,Não informado,29,11,1148400.00,462000.00,4,3,10,7
2022,Masculino,Parda,19,6,752400.00,237600.00,4,3,10,7
2022,Masculino,Preta,1,1,39600.00,39600.00,4,3,10,7
2022,Feminino,Amarela,2,0,639350.00,0.00,5,1,7,1
2022,Feminino,Branca,18,3,5467583.96,378572.00,5,1,7,1
2022,Feminino,Não informado,2,1,942172.54,114200.00,5,1,7,1
2022,Feminino,Parda,7,3,3699074.62,2379744.00,5,1,7,1
2022,Feminino,Preta,2,1,297340.00,137532.00,5,1,7,1
2022,Masculino,Amarela,1,1,150000.00,50000.00,5,1,7,1
2022,Masculino,Branca,32,7,10268054.20,3478086.41,5,1,7,1
2022,Masculino,Não informado,7,2,3022207.46,647600.00,5,1,7,1
2022,Masculino,Parda,14,3,5220313.52,491206.40,5,1,7,1
2022,Masculino,Preta,6,1,1161563.42,80000.00,5,1,7,1
2022,Masculino,Branca,1,0,65926.00,0.00,5,1,7,2
2022,Feminino,Amarela,2,0,263200.00,0.00,5,1,7,3
2022,Feminino,Branca,50,9,13315399.68,2021011.00,5,1,7,3
2022,Feminino,Não informado,6,1,1663704.51,452600.00,5,1,7,3
2022,Feminino,Parda,27,4,6956481.52,212200.00,5,1,7,3
2022,Feminino,Preta,6,0,1411501.00,0.00,5,1,7,3
2022,Masculino,Amarela,1,1,360000.00,504000.00,5,1,7,3
2022,Masculino,Branca,44,12,14857640.44,3266267.20,5,1,7,3
2022,Masculino,Indígena,1,0,149705.00,0.00,5,1,7,3
2022,Masculino,Não informado,14,7,4469312.00,3265850.00,5,1,7,3
2022,Masculino,Parda,30,8,9514436.73,4067956.00,5,1,7,3
2022,Masculino,Preta,5,1,2554075.20,393388.80,5,1,7,3
2022,Feminino,Branca,8,1,1443447.14,139578.00,5,1,7,4
2022,Feminino,Não informado,3,0,1098579.85,0.00,5,1,7,4
2022,Feminino,Parda,9,2,733587.00,168300.00,5,1,7,4
2022,Feminino,Preta,2,1,525705.80,468600.00,5,1,7,4
2022,Masculino,Branca,14,8,3358323.60,1648518.80,5,1,7,4
2022,Masculino,Parda,10,2,2244173.80,180000.00,5,1,7,4
2022,Masculino,Preta,2,0,583660.09,0.00,5,1,7,4
2022,Feminino,Amarela,8,5,3326281.54,1195081.74,5,1,7,6
2022,Feminino,Branca,143,51,53385920.53,15463332.60,5,1,7,6
2022,Feminino,Indígena,1,0,144086.00,0.00,5,1,7,6
2022,Feminino,Não informado,32,7,10599458.77,3230848.00,5,1,7,6
2022,Feminino,Parda,14,5,10262193.79,7924312.00,5,1,7,6
2022,Feminino,Preta,8,3,3170170.00,552055.00,5,1,7,6
2022,Masculino,Amarela,6,2,3768461.00,135400.00,5,1,7,6
2022,Masculino,Branca,143,58,47389580.70,9273192.49,5,1,7,6
2022,Masculino,Indígena,1,0,84400.00,0.00,5,1,7,6
2022,Masculino,Não informado,32,12,11016812.82,1728583.31,5,1,7,6
2022,Masculino,Parda,21,3,4089264.73,557573.02,5,1,7,6
2022,Masculino,Preta,6,0,1565120.00,0.00,5,1,7,6
2022,Feminino,Amarela,2,1,406000.00,228000.00,5,1,7,7
2022,Feminino,Branca,107,24,23497758.88,3847036.80,5,1,7,7
2022,Feminino,Não informado,10,3,4278295.89,801512.00,5,1,7,7
2022,Feminino,Parda,6,0,1813844.00,0.00,5,1,7,7
2022,Feminino,Preta,1,0,134800.00,0.00,5,1,7,7
2022,Masculino,Amarela,1,0,83249.00,0.00,5,1,7,7
2022,Masculino,Branca,120,29,27998618.76,4046531.80,5,1,7,7
2022,Masculino,Indígena,1,0,38830.00,0.00,5,1,7,7
2022,Masculino,Não informado,16,4,4204031.80,354800.00,5,1,7,7
2022,Masculino,Parda,11,1,4757849.36,685977.60,5,1,7,7
2022,Masculino,Preta,7,3,3056239.60,430040.00,5,1,7,7
2022,Feminino,Branca,15,3,594000.00,118800.00,5,3,10,1
2022,Feminino,Não informado,1,0,39600.00,0.00,5,3,10,1
2022,Feminino,Parda,1,0,39600.00,0.00,5,3,10,1
2022,Feminino,Preta,1,0,39600.00,0.00,5,3,10,1
2022,Masculino,Amarela,2,2,79200.00,79200.00,5,3,10,1
2022,Masculino,Branca,26,9,1029600.00,369600.00,5,3,10,1
2022,Masculino,Não informado,12,7,501600.00,303600.00,5,3,10,1
2022,Masculino,Parda,9,3,356400.00,118800.00,5,3,10,1
2022,Feminino,Amarela,1,0,39600.00,0.00,5,3,10,3
2022,Feminino,Branca,38,11,1531200.00,475200.00,5,3,10,3
2022,Feminino,Não informado,3,0,118800.00,0.00,5,3,10,3
2022,Feminino,Parda,13,6,514800.00,250800.00,5,3,10,3
2022,Feminino,Preta,3,0,118800.00,0.00,5,3,10,3
2022,Masculino,Amarela,1,0,39600.00,0.00,5,3,10,3
2022,Masculino,Branca,54,16,2217600.00,673200.00,5,3,10,3
2022,Masculino,Indígena,2,0,79200.00,0.00,5,3,10,3
2022,Masculino,Não informado,11,7,435600.00,277200.00,5,3,10,3
2022,Masculino,Parda,24,9,1003200.00,382800.00,5,3,10,3
2022,Masculino,Preta,2,1,79200.00,39600.00,5,3,10,3
2022,Feminino,Branca,4,1,158400.00,39600.00,5,3,10,4
2022,Feminino,Parda,2,0,79200.00,0.00,5,3,10,4
2022,Masculino,Branca,3,2,118800.00,79200.00,5,3,10,4
2022,Masculino,Parda,4,0,158400.00,0.00,5,3,10,4
2022,Masculino,Preta,1,0,39600.00,0.00,5,3,10,4
2022,Feminino,Amarela,4,2,158400.00,79200.00,5,3,10,6
2022,Feminino,Branca,177,78,7088400.00,3300000.00,5,3,10,6
2022,Feminino,Indígena,1,1,39600.00,39600.00,5,3,10,6
2022,Feminino,Não informado,23,8,910800.00,316800.00,5,3,10,6
2022,Feminino,Parda,17,7,673200.00,303600.00,5,3,10,6
2022,Feminino,Preta,5,1,198000.00,39600.00,5,3,10,6
2022,Masculino,Amarela,7,1,277200.00,39600.00,5,3,10,6
2022,Masculino,Branca,231,111,9253200.00,4752000.00,5,3,10,6
2022,Masculino,Não informado,41,18,1623600.00,752400.00,5,3,10,6
2022,Masculino,Parda,31,17,1254000.00,739200.00,5,3,10,6
2022,Masculino,Preta,10,4,396000.00,158400.00,5,3,10,6
2022,Feminino,Amarela,1,0,39600.00,0.00,5,3,10,7
2022,Feminino,Branca,119,43,4791600.00,1834800.00,5,3,10,7
2022,Feminino,Não informado,3,1,145200.00,39600.00,5,3,10,7
2022,Feminino,Parda,4,1,158400.00,39600.00,5,3,10,7
2022,Feminino,Preta,2,2,79200.00,79200.00,5,3,10,7
2022,Masculino,Amarela,1,0,39600.00,0.00,5,3,10,7
2022,Masculino,Branca,135,56,5398800.00,2389200.00,5,3,10,7
2022,Masculino,Não informado,20,10,792000.00,435600.00,5,3,10,7
2022,Masculino,Parda,10,3,396000.00,118800.00,5,3,10,7
2022,Masculino,Preta,3,1,118800.00,52800.00,5,3,10,7
2022,Feminino,Branca,18,5,11926628.30,4111058.40,6,1,7,1
2022,Feminino,Parda,5,1,4580058.00,411831.00,6,1,7,1
2022,Masculino,Amarela,1,1,5000.00,5000.00,6,1,7,1
2022,Masculino,Branca,16,1,9490209.47,50400.00,6,1,7,1
2022,Masculino,Parda,7,2,4009556.00,150000.00,6,1,7,1
2022,Feminino,Branca,3,3,844012.80,470918.40,6,1,7,2
2022,Feminino,Parda,1,0,1317602.65,0.00,6,1,7,2
2022,Feminino,Amarela,3,0,254496.37,0.00,6,1,7,3
2022,Feminino,Branca,49,11,29321144.48,4478279.60,6,1,7,3
2022,Feminino,Não informado,5,1,11926308.01,124512.00,6,1,7,3
2022,Feminino,Parda,17,5,6091834.03,1869900.00,6,1,7,3
2022,Feminino,Preta,4,1,2917310.00,1183200.00,6,1,7,3
2022,Masculino,Branca,37,11,25804878.33,6960176.80,6,1,7,3
2022,Masculino,Não informado,10,3,19280309.15,4364475.30,6,1,7,3
2022,Masculino,Parda,32,8,22418661.24,7903258.30,6,1,7,3
2022,Masculino,Preta,2,1,169392.00,36080.00,6,1,7,3
2022,Feminino,Branca,8,3,8749135.25,900231.00,6,1,7,4
2022,Feminino,Não informado,1,0,1000000.00,0.00,6,1,7,4
2022,Feminino,Parda,8,1,14150601.86,36000.00,6,1,7,4
2022,Feminino,Preta,2,0,704140.00,0.00,6,1,7,4
2022,Masculino,Branca,13,3,6245810.01,2373304.00,6,1,7,4
2022,Masculino,Parda,14,3,5887876.23,913400.00,6,1,7,4
2022,Masculino,Preta,3,2,1968027.62,1462872.00,6,1,7,4
2022,Feminino,Amarela,7,3,9495428.40,517900.80,6,1,7,6
2022,Feminino,Branca,182,67,119294111.22,24384231.47,6,1,7,6
2022,Feminino,Não informado,9,3,5402602.01,1021230.01,6,1,7,6
2022,Feminino,Parda,23,9,11732201.19,3190731.20,6,1,7,6
2022,Feminino,Preta,6,2,1032463.80,244512.00,6,1,7,6
2022,Masculino,Amarela,2,1,256092.00,72000.00,6,1,7,6
2022,Masculino,Branca,147,55,99536692.91,27945225.99,6,1,7,6
2022,Masculino,Indígena,1,0,89885.00,0.00,6,1,7,6
2022,Masculino,Não informado,18,8,13576523.07,4224898.40,6,1,7,6
2022,Masculino,Parda,21,3,11941975.42,907494.40,6,1,7,6
2022,Masculino,Preta,4,0,3640250.19,0.00,6,1,7,6
2022,Feminino,Amarela,1,0,385448.00,0.00,6,1,7,7
2022,Feminino,Branca,72,10,43404333.00,1912179.20,6,1,7,7
2022,Feminino,Não informado,1,0,920132.66,0.00,6,1,7,7
2022,Feminino,Parda,1,0,1983184.00,0.00,6,1,7,7
2022,Masculino,Amarela,2,0,772932.00,0.00,6,1,7,7
2022,Masculino,Branca,74,18,50522437.82,9367889.21,6,1,7,7
2022,Masculino,Não informado,2,1,1201294.40,50400.00,6,1,7,7
2022,Masculino,Parda,2,1,270840.00,78240.00,6,1,7,7
2022,Feminino,Amarela,1,1,39600.00,52800.00,6,3,10,1
2022,Feminino,Branca,21,4,858000.00,171600.00,6,3,10,1
2022,Feminino,Não informado,3,1,118800.00,39600.00,6,3,10,1
2022,Feminino,Parda,4,0,158400.00,0.00,6,3,10,1
2022,Masculino,Branca,22,13,871200.00,554400.00,6,3,10,1
2022,Masculino,Indígena,1,0,39600.00,0.00,6,3,10,1
2022,Masculino,Parda,3,2,118800.00,79200.00,6,3,10,1
2022,Feminino,Branca,69,19,2758800.00,831600.00,6,3,10,3
2022,Feminino,Não informado,4,3,158400.00,145200.00,6,3,10,3
2022,Feminino,Parda,33,13,1306800.00,514800.00,6,3,10,3
2022,Feminino,Preta,1,0,39600.00,0.00,6,3,10,3
2022,Masculino,Amarela,1,0,39600.00,0.00,6,3,10,3
2022,Masculino,Branca,46,21,1821600.00,937200.00,6,3,10,3
2022,Masculino,Não informado,3,2,118800.00,79200.00,6,3,10,3
2022,Masculino,Parda,30,10,1188000.00,448800.00,6,3,10,3
2022,Masculino,Preta,3,1,145200.00,39600.00,6,3,10,3
2022,Feminino,Branca,6,1,237600.00,39600.00,6,3,10,4
2022,Feminino,Parda,4,0,158400.00,0.00,6,3,10,4
2022,Masculino,Branca,14,4,580800.00,184800.00,6,3,10,4
2022,Masculino,Não informado,1,0,39600.00,0.00,6,3,10,4
2022,Masculino,Parda,5,1,198000.00,39600.00,6,3,10,4
2022,Feminino,Amarela,17,7,673200.00,277200.00,6,3,10,6
2022,Feminino,Branca,371,156,14770800.00,6850800.00,6,3,10,6
2022,Feminino,Indígena,2,1,79200.00,52800.00,6,3,10,6
2022,Feminino,Não informado,11,4,435600.00,158400.00,6,3,10,6
2022,Feminino,Parda,28,8,1108800.00,356400.00,6,3,10,6
2022,Feminino,Preta,5,2,198000.00,79200.00,6,3,10,6
2022,Masculino,Amarela,4,2,158400.00,92400.00,6,3,10,6
2022,Masculino,Branca,260,143,10454400.00,6454800.00,6,3,10,6
2022,Masculino,Indígena,1,0,39600.00,0.00,6,3,10,6
2022,Masculino,Não informado,24,12,976800.00,528000.00,6,3,10,6
2022,Masculino,Parda,21,6,831600.00,264000.00,6,3,10,6
2022,Masculino,Preta,4,1,158400.00,52800.00,6,3,10,6
2022,Feminino,Amarela,1,0,39600.00,0.00,6,3,10,7
2022,Feminino,Branca,125,48,4976400.00,2059200.00,6,3,10,7
2022,Feminino,Não informado,2,0,79200.00,0.00,6,3,10,7
2022,Feminino,Parda,1,0,39600.00,0.00,6,3,10,7
2022,Feminino,Preta,1,0,39600.00,0.00,6,3,10,7
2022,Masculino,Amarela,3,1,118800.00,39600.00,6,3,10,7
2022,Masculino,Branca,114,58,4540800.00,2547600.00,6,3,10,7
2022,Masculino,Não informado,7,3,277200.00,132000.00,6,3,10,7
2022,Masculino,Parda,4,0,158400.00,0.00,6,3,10,7
2022,Feminino,Amarela,1,1,953220.00,953220.00,7,1,7,1
2022,Feminino,Branca,10,4,7493121.60,1196200.00,7,1,7,1
2022,Feminino,Não informado,3,2,2194408.80,1165400.00,7,1,7,1
2022,Feminino,Parda,4,2,1573759.08,365931.15,7,1,7,1
2022,Masculino,Branca,38,13,31388019.97,7702011.23,7,1,7,1
2022,Masculino,Não informado,13,5,9156201.10,1904336.58,7,1,7,1
2022,Masculino,Parda,12,5,12365586.63,3350124.80,7,1,7,1
2022,Masculino,Preta,2,1,1922800.00,1000000.00,7,1,7,1
2022,Feminino,Branca,3,2,1497302.48,497302.48,7,1,7,2
2022,Masculino,Branca,1,1,1000000.00,1000000.00,7,1,7,2
2022,Feminino,Amarela,1,0,1182936.10,0.00,7,1,7,3
2022,Feminino,Branca,54,24,54073615.05,18513786.91,7,1,7,3
2022,Feminino,Não informado,12,5,11854199.24,5098768.32,7,1,7,3
2022,Feminino,Parda,19,5,21080692.65,3558103.81,7,1,7,3
2022,Feminino,Preta,1,1,92000.00,92000.00,7,1,7,3
2022,Masculino,Amarela,6,6,6525088.00,3629975.60,7,1,7,3
2022,Masculino,Branca,149,67,130319750.55,41804683.41,7,1,7,3
2022,Masculino,Não informado,32,17,23711669.50,7199418.54,7,1,7,3
2022,Masculino,Parda,66,29,58175873.01,18943006.20,7,1,7,3
2022,Masculino,Preta,5,2,5711410.00,941840.00,7,1,7,3
2022,Feminino,Branca,8,4,6399131.88,4355743.28,7,1,7,4
2022,Feminino,Parda,5,2,2432193.53,445864.00,7,1,7,4
2022,Masculino,Branca,11,1,7949880.54,176600.00,7,1,7,4
2022,Masculino,Indígena,1,0,715700.00,0.00,7,1,7,4
2022,Masculino,Não informado,4,3,1276102.00,1114334.00,7,1,7,4
2022,Masculino,Parda,18,11,13630785.33,4681521.00,7,1,7,4
2022,Masculino,Preta,1,0,750000.00,0.00,7,1,7,4
2022,Feminino,Amarela,9,5,5831310.40,2164806.40,7,1,7,6
2022,Feminino,Branca,98,39,83283347.85,25359765.42,7,1,7,6
2022,Feminino,Indígena,1,0,1094976.92,0.00,7,1,7,6
2022,Feminino,Não informado,20,10,18355576.95,4548147.81,7,1,7,6
2022,Feminino,Parda,18,4,13183203.99,2346306.40,7,1,7,6
2022,Feminino,Preta,4,2,1720086.81,208800.00,7,1,7,6
2022,Masculino,Amarela,4,0,3245200.00,0.00,7,1,7,6
2022,Masculino,Branca,360,187,290922104.11,98044672.61,7,1,7,6
2022,Masculino,Indígena,2,1,854509.00,622480.00,7,1,7,6
2022,Masculino,Não informado,70,36,68659154.98,29643731.68,7,1,7,6
2022,Masculino,Parda,44,22,45953772.35,13766969.60,7,1,7,6
2022,Masculino,Preta,11,4,9678880.63,2351045.60,7,1,7,6
2022,Feminino,Amarela,1,0,1456750.00,0.00,7,1,7,7
2022,Feminino,Branca,58,19,42662021.90,13258731.80,7,1,7,7
2022,Feminino,Não informado,6,2,5016091.98,1866743.05,7,1,7,7
2022,Feminino,Parda,2,0,3193400.00,0.00,7,1,7,7
2022,Feminino,Preta,1,1,763000.00,701000.00,7,1,7,7
2022,Masculino,Amarela,3,1,2513000.00,55000.00,7,1,7,7
2022,Masculino,Branca,189,92,173129782.76,58532083.48,7,1,7,7
2022,Masculino,Indígena,1,0,200000.00,0.00,7,1,7,7
2022,Masculino,Não informado,37,17,38406568.82,13819663.76,7,1,7,7
2022,Masculino,Parda,14,8,9595939.95,3427419.20,7,1,7,7
2022,Masculino,Preta,4,0,2067819.00,0.00,7,1,7,7
2022,Feminino,Branca,7,4,277200.00,171600.00,7,3,10,1
2022,Feminino,Parda,2,0,79200.00,0.00,7,3,10,1
2022,Masculino,Branca,18,9,712800.00,382800.00,7,3,10,1
2022,Masculino,Não informado,8,3,316800.00,145200.00,7,3,10,1
2022,Masculino,Parda,7,3,277200.00,118800.00,7,3,10,1
2022,Feminino,Amarela,1,1,39600.00,39600.00,7,3,10,3
2022,Feminino,Branca,35,12,1412400.00,514800.00,7,3,10,3
2022,Feminino,Não informado,8,3,316800.00,158400.00,7,3,10,3
2022,Feminino,Parda,8,4,316800.00,198000.00,7,3,10,3
2022,Feminino,Preta,3,1,118800.00,39600.00,7,3,10,3
2022,Masculino,Amarela,2,1,79200.00,52800.00,7,3,10,3
2022,Masculino,Branca,76,39,3036000.00,1702800.00,7,3,10,3
2022,Masculino,Não informado,26,17,1029600.00,792000.00,7,3,10,3
2022,Masculino,Parda,41,23,1650000.00,1003200.00,7,3,10,3
2022,Masculino,Preta,7,0,277200.00,0.00,7,3,10,3
2022,Feminino,Branca,3,0,118800.00,0.00,7,3,10,4
2022,Feminino,Não informado,1,1,39600.00,39600.00,7,3,10,4
2022,Feminino,Parda,2,2,79200.00,79200.00,7,3,10,4
2022,Masculino,Branca,8,4,316800.00,158400.00,7,3,10,4
2022,Masculino,Não informado,1,1,39600.00,39600.00,7,3,10,4
2022,Masculino,Parda,13,2,514800.00,92400.00,7,3,10,4
2022,Feminino,Amarela,3,1,118800.00,52800.00,7,3,10,6
2022,Feminino,Branca,135,59,5372400.00,2666400.00,7,3,10,6
2022,Feminino,Não informado,14,5,554400.00,211200.00,7,3,10,6
2022,Feminino,Parda,18,13,739200.00,541200.00,7,3,10,6
2022,Feminino,Preta,3,2,118800.00,79200.00,7,3,10,6
2022,Masculino,Amarela,8,4,316800.00,171600.00,7,3,10,6
2022,Masculino,Branca,379,199,15061200.00,9108000.00,7,3,10,6
2022,Masculino,Indígena,2,1,79200.00,39600.00,7,3,10,6
2022,Masculino,Não informado,92,58,3828000.00,2904000.00,7,3,10,6
2022,Masculino,Parda,63,33,2494800.00,1452000.00,7,3,10,6
2022,Masculino,Preta,8,3,316800.00,145200.00,7,3,10,6
2022,Feminino,Amarela,1,0,39600.00,0.00,7,3,10,7
2022,Feminino,Branca,65,30,2600400.00,1372800.00,7,3,10,7
2022,Feminino,Não informado,6,4,237600.00,184800.00,7,3,10,7
2022,Feminino,Parda,3,2,118800.00,79200.00,7,3,10,7
2022,Feminino,Preta,1,1,39600.00,39600.00,7,3,10,7
2022,Masculino,Amarela,5,2,198000.00,105600.00,7,3,10,7
2022,Masculino,Branca,154,82,6098400.00,3682800.00,7,3,10,7
2022,Masculino,Indígena,2,0,79200.00,0.00,7,3,10,7
2022,Masculino,Não informado,24,13,950400.00,580800.00,7,3,10,7
2022,Masculino,Parda,13,8,514800.00,356400.00,7,3,10,7
2022,Masculino,Preta,6,3,237600.00,118800.00,7,3,10,7
2022,Feminino,Amarela,1,0,242101.00,0.00,8,1,7,1
2022,Feminino,Branca,12,2,4870306.00,589536.00,8,1,7,1
2022,Feminino,Não informado,2,0,196512.00,0.00,8,1,7,1
2022,Feminino,Parda,6,1,1523818.30,30000.00,8,1,7,1
2022,Feminino,Preta,1,0,500000.00,0.00,8,1,7,1
2022,Masculino,Branca,9,3,1349730.28,391865.00,8,1,7,1
2022,Masculino,Parda,4,1,627595.80,10450.00,8,1,7,1
2022,Masculino,Preta,3,1,788130.00,122030.00,8,1,7,1
2022,Feminino,Amarela,1,0,150000.00,0.00,8,1,7,3
2022,Feminino,Branca,13,4,3476192.78,630850.00,8,1,7,3
2022,Feminino,Não informado,6,1,2206537.00,269340.00,8,1,7,3
2022,Feminino,Parda,9,4,2674143.74,1180756.00,8,1,7,3
2022,Feminino,Preta,1,0,126342.00,0.00,8,1,7,3
2022,Masculino,Amarela,2,1,161950.00,12000.00,8,1,7,3
2022,Masculino,Branca,19,2,4445636.28,186400.00,8,1,7,3
2022,Masculino,Não informado,4,0,1094050.00,0.00,8,1,7,3
2022,Masculino,Parda,9,0,2696389.71,0.00,8,1,7,3
2022,Masculino,Preta,2,0,186230.00,0.00,8,1,7,3
2022,Feminino,Branca,4,0,1201960.00,0.00,8,1,7,4
2022,Feminino,Não informado,1,0,33000.00,0.00,8,1,7,4
2022,Feminino,Parda,10,0,1670067.89,0.00,8,1,7,4
2022,Masculino,Branca,8,2,2384191.52,97065.00,8,1,7,4
2022,Masculino,Não informado,4,0,901070.00,0.00,8,1,7,4
2022,Masculino,Parda,2,0,624456.00,0.00,8,1,7,4
2022,Masculino,Preta,1,0,150000.00,0.00,8,1,7,4
2022,Feminino,Amarela,2,0,603582.77,0.00,8,1,7,6
2022,Feminino,Branca,27,10,11033792.80,3080472.00,8,1,7,6
2022,Feminino,Não informado,12,7,14968574.00,1850649.60,8,1,7,6
2022,Feminino,Parda,9,2,1766940.59,256894.40,8,1,7,6
2022,Feminino,Preta,5,2,2077682.30,329894.40,8,1,7,6
2022,Masculino,Branca,36,17,16620496.28,5870566.60,8,1,7,6
2022,Masculino,Não informado,15,6,6752812.80,2682374.40,8,1,7,6
2022,Masculino,Parda,7,3,3454233.40,1465889.60,8,1,7,6
2022,Masculino,Preta,1,0,140000.00,0.00,8,1,7,6
2022,Feminino,Branca,35,11,14311210.78,3193003.20,8,1,7,7
2022,Feminino,Não informado,3,1,683885.09,437892.00,8,1,7,7
2022,Feminino,Parda,1,1,122860.00,60000.00,8,1,7,7
2022,Feminino,Preta,1,0,48000.00,0.00,8,1,7,7
2022,Masculino,Branca,11,4,2583618.40,1062978.00,8,1,7,7
2022,Masculino,Não informado,3,2,1749361.60,517900.80,8,1,7,7
2022,Feminino,Amarela,1,0,39600.00,0.00,8,3,10,1
2022,Feminino,Branca,9,4,356400.00,158400.00,8,3,10,1
2022,Feminino,Não informado,1,0,39600.00,0.00,8,3,10,1
2022,Feminino,Parda,1,1,39600.00,39600.00,8,3,10,1
2022,Feminino,Preta,1,1,39600.00,39600.00,8,3,10,1
2022,Masculino,Branca,6,3,237600.00,118800.00,8,3,10,1
2022,Masculino,Não informado,2,1,79200.00,39600.00,8,3,10,1
2022,Masculino,Parda,1,0,39600.00,0.00,8,3,10,1
2022,Masculino,Preta,1,1,39600.00,39600.00,8,3,10,1
2022,Feminino,Amarela,1,0,39600.00,0.00,8,3,10,3
2022,Feminino,Branca,18,5,712800.00,198000.00,8,3,10,3
2022,Feminino,Não informado,7,3,277200.00,118800.00,8,3,10,3
2022,Feminino,Parda,5,3,198000.00,132000.00,8,3,10,3
2022,Masculino,Branca,21,11,831600.00,448800.00,8,3,10,3
2022,Masculino,Não informado,7,4,277200.00,171600.00,8,3,10,3
2022,Masculino,Parda,5,1,198000.00,39600.00,8,3,10,3
2022,Masculino,Preta,2,0,79200.00,0.00,8,3,10,3
2022,Feminino,Branca,2,1,79200.00,39600.00,8,3,10,4
2022,Feminino,Indígena,1,1,39600.00,39600.00,8,3,10,4
2022,Feminino,Não informado,3,0,118800.00,0.00,8,3,10,4
2022,Feminino,Parda,3,1,118800.00,52800.00,8,3,10,4
2022,Feminino,Preta,1,0,39600.00,0.00,8,3,10,4
2022,Masculino,Branca,4,1,158400.00,39600.00,8,3,10,4
2022,Masculino,Não informado,3,1,118800.00,39600.00,8,3,10,4
2022,Masculino,Parda,3,3,118800.00,118800.00,8,3,10,4
2022,Masculino,Preta,1,0,39600.00,0.00,8,3,10,4
2022,Feminino,Amarela,2,0,79200.00,0.00,8,3,10,6
2022,Feminino,Branca,97,60,3946800.00,2732400.00,8,3,10,6
2022,Feminino,Não informado,26,15,1029600.00,633600.00,8,3,10,6
2022,Feminino,Parda,9,3,356400.00,132000.00,8,3,10,6
2022,Feminino,Preta,4,1,158400.00,52800.00,8,3,10,6
2022,Masculino,Amarela,1,1,39600.00,39600.00,8,3,10,6
2022,Masculino,Branca,65,38,2679600.00,1782000.00,8,3,10,6
2022,Masculino,Não informado,23,13,937200.00,554400.00,8,3,10,6
2022,Masculino,Parda,10,2,396000.00,92400.00,8,3,10,6
2022,Masculino,Preta,3,2,118800.00,92400.00,8,3,10,6
2022,Feminino,Amarela,1,0,39600.00,0.00,8,3,10,7
2022,Feminino,Branca,41,26,1623600.00,1135200.00,8,3,10,7
2022,Feminino,Não informado,6,2,237600.00,92400.00,8,3,10,7
2022,Feminino,Parda,1,0,39600.00,0.00,8,3,10,7
2022,Feminino,Preta,1,1,39600.00,52800.00,8,3,10,7
2022,Masculino,Branca,22,8,871200.00,343200.00,8,3,10,7
2022,Masculino,Não informado,8,5,316800.00,211200.00,8,3,10,7
2022,Masculino,Parda,5,4,198000.00,158400.00,8,3,10,7
2022,Masculino,Preta,1,0,39600.00,0.00,8,3,10,7
2022,Feminino,Branca,1,0,1284096.00,0.00,9,1,7,1
2022,Masculino,Parda,1,1,1605120.00,2218944.00,9,1,7,1
2022,Feminino,Branca,1,1,1605120.00,2218944.00,9,1,7,3
2022,Feminino,Parda,1,1,1605120.00,2218944.00,9,1,7,3
2022,Feminino,Preta,1,1,360000.00,504000.00,9,1,7,3
2022,Masculino,Branca,1,1,609024.00,846988.80,9,1,7,3
2022,Masculino,Parda,1,0,1231584.00,0.00,9,1,7,3
2022,Masculino,Branca,1,1,1605120.00,2218944.00,9,1,7,4
2022,Feminino,Branca,3,3,3819264.00,5284876.80,9,1,7,6
2022,Masculino,Branca,2,2,2391168.00,3308121.60,9,1,7,6
2022,Masculino,Parda,2,1,3210240.00,2218944.00,9,1,7,6
2022,Masculino,Preta,1,1,1605120.00,2218944.00,9,1,7,6
2022,Masculino,Branca,2,2,2338656.00,3408921.60,9,1,7,7
2022,Feminino,Amarela,1,0,100000.00,0.00,10,1,7,1
2022,Feminino,Branca,13,7,6010139.88,2093484.00,10,1,7,1
2022,Feminino,Indígena,3,3,376000.00,325550.00,10,1,7,1
2022,Feminino,Não informado,5,3,1166934.84,229128.00,10,1,7,1
2022,Feminino,Parda,7,4,1424753.86,309753.86,10,1,7,1
2022,Feminino,Preta,3,1,856700.00,75000.00,10,1,7,1
2022,Masculino,Branca,18,13,3357952.08,1439311.08,10,1,7,1
2022,Masculino,Não informado,1,0,798928.00,0.00,10,1,7,1
2022,Masculino,Parda,10,7,2073005.00,1177636.00,10,1,7,1
2022,Masculino,Preta,5,2,2110928.00,245000.00,10,1,7,1
2022,Feminino,Amarela,1,1,30000.00,30000.00,10,1,7,3
2022,Feminino,Branca,30,16,7666251.31,1906656.10,10,1,7,3
2022,Feminino,Não informado,3,1,645911.00,24019.00,10,1,7,3
2022,Feminino,Parda,19,17,1802578.35,1354739.35,10,1,7,3
2022,Feminino,Preta,3,2,137500.00,125500.00,10,1,7,3
2022,Masculino,Amarela,2,2,321140.00,278160.00,10,1,7,3
2022,Masculino,Branca,41,26,8450194.84,3716098.90,10,1,7,3
2022,Masculino,Não informado,9,3,2145543.20,188760.00,10,1,7,3
2022,Masculino,Parda,38,26,7599376.50,2502335.00,10,1,7,3
2022,Masculino,Preta,7,6,1617046.00,996116.00,10,1,7,3
2022,Feminino,Branca,7,4,2484035.00,885195.00,10,1,7,4
2022,Feminino,Não informado,5,5,1184066.00,1154160.00,10,1,7,4
2022,Feminino,Parda,6,3,912550.50,108865.50,10,1,7,4
2022,Feminino,Preta,1,1,29763.73,29763.73,10,1,7,4
2022,Masculino,Branca,16,11,2493950.74,841378.74,10,1,7,4
2022,Masculino,Não informado,1,0,29120.00,0.00,10,1,7,4
2022,Masculino,Parda,15,10,2314361.65,915579.00,10,1,7,4
2022,Feminino,Amarela,1,1,12000.00,12000.00,10,1,7,6
2022,Feminino,Branca,57,38,18753969.60,8985403.57,10,1,7,6
2022,Feminino,Não informado,14,8,3278152.22,810892.00,10,1,7,6
2022,Feminino,Parda,10,8,1892464.00,1093224.00,10,1,7,6
2022,Feminino,Preta,1,1,100000.00,78000.00,10,1,7,6
2022,Masculino,Amarela,1,1,22000.00,22000.00,10,1,7,6
2022,Masculino,Branca,54,29,16396190.18,5901250.00,10,1,7,6
2022,Masculino,Não informado,8,5,3212129.40,1501912.00,10,1,7,6
2022,Masculino,Parda,12,9,895763.63,558705.61,10,1,7,6
2022,Masculino,Preta,4,3,1534750.00,717750.00,10,1,7,6
2022,Feminino,Branca,49,27,10427352.84,4314196.60,10,1,7,7
2022,Feminino,Não informado,1,0,797541.00,0.00,10,1,7,7
2022,Feminino,Parda,4,3,745072.00,90000.00,10,1,7,7
2022,Feminino,Preta,3,2,208650.00,38700.00,10,1,7,7
2022,Masculino,Amarela,2,2,389031.00,363096.00,10,1,7,7
2022,Masculino,Branca,49,25,16641547.94,6019701.00,10,1,7,7
2022,Masculino,Não informado,5,4,1255169.00,686000.00,10,1,7,7
2022,Masculino,Parda,5,3,463789.08,242100.00,10,1,7,7
2022,Feminino,Branca,2,0,79200.00,0.00,10,3,10,1
2022,Masculino,Preta,1,1,39600.00,39600.00,10,3,10,1
2022,Feminino,Branca,1,0,39600.00,0.00,10,3,10,3
2022,Masculino,Parda,2,0,79200.00,0.00,10,3,10,3
2022,Masculino,Preta,1,1,39600.00,52800.00,10,3,10,3
2022,Feminino,Branca,1,1,39600.00,39600.00,10,3,10,4
2022,Feminino,Branca,6,5,237600.00,198000.00,10,3,10,6
2022,Feminino,Parda,2,0,79200.00,0.00,10,3,10,6
2022,Masculino,Branca,6,2,237600.00,79200.00,10,3,10,6
2022,Masculino,Não informado,2,1,79200.00,52800.00,10,3,10,6
2022,Feminino,Branca,3,1,118800.00,39600.00,10,3,10,7
2022,Feminino,Preta,1,1,39600.00,39600.00,10,3,10,7
2022,Masculino,Branca,1,1,39600.00,39600.00,10,3,10,7
2022,Masculino,Não informado,1,1,39600.00,39600.00,10,3,10,7
2022,Feminino,Branca,22,4,871200.00,158400.00,11,3,9,1
2022,Feminino,Indígena,1,0,39600.00,0.00,11,3,9,1
2022,Feminino,Não informado,2,0,79200.00,0.00,11,3,9,1
2022,Feminino,Parda,10,1,396000.00,39600.00,11,3,9,1
2022,Feminino,Preta,1,0,39600.00,0.00,11,3,9,1
2022,Masculino,Amarela,1,1,39600.00,39600.00,11,3,9,1
2022,Masculino,Branca,40,8,1584000.00,330000.00,11,3,9,1
2022,Masculino,Não informado,6,1,237600.00,39600.00,11,3,9,1
2022,Masculino,Parda,12,2,475200.00,79200.00,11,3,9,1
2022,Masculino,Preta,3,2,118800.00,79200.00,11,3,9,1
2022,Feminino,Amarela,1,0,39600.00,0.00,11,3,9,3
2022,Feminino,Branca,32,5,1267200.00,198000.00,11,3,9,3
2022,Feminino,Não informado,6,2,237600.00,79200.00,11,3,9,3
2022,Feminino,Parda,26,4,1029600.00,158400.00,11,3,9,3
2022,Feminino,Preta,7,3,277200.00,118800.00,11,3,9,3
2022,Masculino,Amarela,1,0,39600.00,0.00,11,3,9,3
2022,Masculino,Branca,76,19,3009600.00,778800.00,11,3,9,3
2022,Masculino,Indígena,3,0,118800.00,0.00,11,3,9,3
2022,Masculino,Não informado,19,6,752400.00,264000.00,11,3,9,3
2022,Masculino,Parda,53,6,2098800.00,250800.00,11,3,9,3
2022,Masculino,Preta,15,4,594000.00,184800.00,11,3,9,3
2022,Feminino,Branca,7,2,277200.00,79200.00,11,3,9,4
2022,Feminino,Parda,6,1,237600.00,52800.00,11,3,9,4
2022,Feminino,Preta,1,0,39600.00,0.00,11,3,9,4
2022,Masculino,Branca,10,0,396000.00,0.00,11,3,9,4
2022,Masculino,Indígena,1,1,39600.00,39600.00,11,3,9,4
2022,Masculino,Não informado,5,1,198000.00,39600.00,11,3,9,4
2022,Masculino,Parda,20,4,792000.00,158400.00,11,3,9,4
2022,Masculino,Preta,1,1,39600.00,39600.00,11,3,9,4
2022,Feminino,Amarela,2,1,79200.00,39600.00,11,3,9,6
2022,Feminino,Branca,105,32,4158000.00,1306800.00,11,3,9,6
2022,Feminino,Não informado,14,5,554400.00,198000.00,11,3,9,6
2022,Feminino,Parda,12,3,475200.00,132000.00,11,3,9,6
2022,Feminino,Preta,2,0,79200.00,0.00,11,3,9,6
2022,Masculino,Amarela,8,3,316800.00,132000.00,11,3,9,6
2022,Masculino,Branca,195,49,7722000.00,2006400.00,11,3,9,6
2022,Masculino,Não informado,43,10,1702800.00,422400.00,11,3,9,6
2022,Masculino,Parda,41,7,1623600.00,290400.00,11,3,9,6
2022,Masculino,Preta,7,0,277200.00,0.00,11,3,9,6
2022,Feminino,Amarela,1,1,39600.00,39600.00,11,3,9,7
2022,Feminino,Branca,82,21,3247200.00,844800.00,11,3,9,7
2022,Feminino,Não informado,7,4,277200.00,184800.00,11,3,9,7
2022,Feminino,Parda,4,0,158400.00,0.00,11,3,9,7
2022,Feminino,Preta,1,0,39600.00,0.00,11,3,9,7
2022,Masculino,Branca,137,33,5425200.00,1346400.00,11,3,9,7
2022,Masculino,Não informado,14,7,554400.00,277200.00,11,3,9,7
2022,Masculino,Parda,16,5,633600.00,211200.00,11,3,9,7
2022,Masculino,Preta,4,0,158400.00,0.00,11,3,9,7
2023,Feminino,Amarela,4,2,1183313.73,491678.21,1,1,7,1
2023,Feminino,Branca,76,19,15784312.51,2218754.37,1,1,7,1
2023,Feminino,Indígena,1,1,933480.00,883480.00,1,1,7,1
2023,Feminino,Não informado,7,3,1513078.37,617737.90,1,1,7,1
2023,Feminino,Parda,19,3,5071933.95,444400.77,1,1,7,1
2023,Feminino,Preta,3,1,323226.18,66000.00,1,1,7,1
2023,Masculino,Amarela,1,0,154800.00,0.00,1,1,7,1
2023,Masculino,Branca,107,29,23316723.33,6173629.53,1,1,7,1
2023,Masculino,Não informado,22,8,4410114.59,1460604.36,1,1,7,1
2023,Masculino,Parda,40,11,6831759.41,1128213.44,1,1,7,1
2023,Masculino,Preta,2,0,536923.96,0.00,1,1,7,1
2023,Feminino,Branca,4,1,1049108.58,135664.06,1,1,7,2
2023,Feminino,Parda,1,1,187242.25,157236.25,1,1,7,2
2023,Masculino,Branca,11,3,2689809.92,509884.25,1,1,7,2
2023,Masculino,Não informado,1,0,135664.06,0.00,1,1,7,2
2023,Masculino,Parda,1,0,397894.00,0.00,1,1,7,2
2023,Feminino,Amarela,3,1,423300.00,32500.00,1,1,7,3
2023,Feminino,Branca,71,17,12969202.48,2810208.33,1,1,7,3
2023,Feminino,Não informado,12,4,2374816.76,448958.70,1,1,7,3
2023,Feminino,Parda,48,14,10928484.67,1712308.31,1,1,7,3
2023,Feminino,Preta,11,3,2683210.40,237700.00,1,1,7,3
2023,Masculino,Amarela,4,0,1287702.39,0.00,1,1,7,3
2023,Masculino,Branca,149,44,28874515.21,6640174.28,1,1,7,3
2023,Masculino,Indígena,2,0,233811.76,0.00,1,1,7,3
2023,Masculino,Não informado,26,11,10449976.46,7201988.80,1,1,7,3
2023,Masculino,Parda,89,31,18483602.90,3198259.54,1,1,7,3
2023,Masculino,Preta,7,5,735260.00,445040.60,1,1,7,3
2023,Feminino,Amarela,3,2,685069.19,38624.00,1,1,7,4
2023,Feminino,Branca,27,2,8627017.33,215197.72,1,1,7,4
2023,Feminino,Indígena,1,0,160300.00,0.00,1,1,7,4
2023,Feminino,Não informado,5,3,5248839.59,2434028.10,1,1,7,4
2023,Feminino,Parda,21,3,8043958.55,241520.00,1,1,7,4
2023,Feminino,Preta,5,3,3204961.59,1491470.65,1,1,7,4
2023,Masculino,Amarela,3,0,2927421.00,0.00,1,1,7,4
2023,Masculino,Branca,48,11,9772880.94,2208500.22,1,1,7,4
2023,Masculino,Indígena,1,0,220000.00,0.00,1,1,7,4
2023,Masculino,Não informado,11,3,2118797.37,850588.80,1,1,7,4
2023,Masculino,Parda,37,8,25162898.90,3893087.76,1,1,7,4
2023,Masculino,Preta,3,2,2386020.00,242700.00,1,1,7,4
2023,Feminino,Amarela,8,2,1256720.89,65400.00,1,1,7,6
2023,Feminino,Branca,189,49,53563421.89,19905291.04,1,1,7,6
2023,Feminino,Não informado,14,1,3035613.62,82500.00,1,1,7,6
2023,Feminino,Parda,25,7,4147530.70,1132907.38,1,1,7,6
2023,Feminino,Preta,2,0,1117100.00,0.00,1,1,7,6
2023,Masculino,Amarela,6,1,904393.75,221894.40,1,1,7,6
2023,Masculino,Branca,316,92,77935649.41,14159653.58,1,1,7,6
2023,Masculino,Não informado,39,9,7204170.92,1465724.56,1,1,7,6
2023,Masculino,Parda,59,17,14488906.41,2151115.54,1,1,7,6
2023,Masculino,Preta,6,2,1382043.00,282500.00,1,1,7,6
2023,Feminino,Amarela,1,1,442226.20,392226.20,1,1,7,7
2023,Feminino,Branca,114,28,25812047.10,7405538.49,1,1,7,7
2023,Feminino,Não informado,14,1,5763490.78,162053.45,1,1,7,7
2023,Feminino,Parda,11,2,2853500.98,756259.37,1,1,7,7
2023,Feminino,Preta,5,0,1063467.47,0.00,1,1,7,7
2023,Masculino,Amarela,6,1,968106.80,86000.00,1,1,7,7
2023,Masculino,Branca,198,63,46100380.56,12199439.07,1,1,7,7
2023,Masculino,Indígena,1,0,80949.75,0.00,1,1,7,7
2023,Masculino,Não informado,26,13,7854635.64,4379077.65,1,1,7,7
2023,Masculino,Parda,17,6,6675764.42,642950.00,1,1,7,7
2023,Masculino,Preta,3,0,712870.25,0.00,1,1,7,7
2023,Masculino,Branca,1,0,18600.00,0.00,1,3,1,7
2023,Feminino,Branca,1,1,21700.00,21700.00,1,3,3,1
2023,Masculino,Amarela,1,1,18600.00,18600.00,1,3,3,3
2023,Masculino,Branca,2,0,39200.00,0.00,1,3,3,3
2023,Masculino,Não informado,1,1,19100.00,19100.00,1,3,3,3
2023,Masculino,Parda,1,0,19100.00,0.00,1,3,3,3
2023,Masculino,Branca,1,0,10200.00,0.00,1,3,3,4
2023,Masculino,Branca,1,0,12300.00,0.00,1,3,3,6
2023,Masculino,Parda,4,2,74920.00,43700.00,1,3,3,6
2023,Feminino,Amarela,4,1,158400.00,39600.00,1,3,10,1
2023,Feminino,Branca,37,10,1465200.00,462000.00,1,3,10,1
2023,Feminino,Não informado,2,0,79200.00,0.00,1,3,10,1
2023,Feminino,Parda,15,3,594000.00,132000.00,1,3,10,1
2023,Feminino,Preta,3,0,118800.00,0.00,1,3,10,1
2023,Masculino,Amarela,3,2,118800.00,105600.00,1,3,10,1
2023,Masculino,Branca,68,27,2692800.00,1227600.00,1,3,10,1
2023,Masculino,Não informado,18,9,712800.00,382800.00,1,3,10,1
2023,Masculino,Parda,20,6,792000.00,250800.00,1,3,10,1
2023,Feminino,Amarela,1,0,39600.00,0.00,1,3,10,3
2023,Feminino,Branca,31,4,1227600.00,158400.00,1,3,10,3
2023,Feminino,Não informado,7,5,277200.00,211200.00,1,3,10,3
2023,Feminino,Parda,21,3,831600.00,118800.00,1,3,10,3
2023,Feminino,Preta,1,0,39600.00,0.00,1,3,10,3
2023,Masculino,Amarela,2,2,79200.00,105600.00,1,3,10,3
2023,Masculino,Branca,96,43,3854400.00,1940400.00,1,3,10,3
2023,Masculino,Indígena,1,1,39600.00,39600.00,1,3,10,3
2023,Masculino,Não informado,12,5,475200.00,237600.00,1,3,10,3
2023,Masculino,Parda,45,17,1808400.00,712800.00,1,3,10,3
2023,Masculino,Preta,10,2,396000.00,79200.00,1,3,10,3
2023,Feminino,Amarela,1,0,39600.00,0.00,1,3,10,4
2023,Feminino,Branca,12,4,501600.00,184800.00,1,3,10,4
2023,Feminino,Parda,3,1,118800.00,52800.00,1,3,10,4
2023,Feminino,Preta,1,0,39600.00,0.00,1,3,10,4
2023,Masculino,Amarela,2,1,79200.00,66000.00,1,3,10,4
2023,Masculino,Branca,19,6,752400.00,264000.00,1,3,10,4
2023,Masculino,Não informado,5,0,198000.00,0.00,1,3,10,4
2023,Masculino,Parda,10,2,396000.00,92400.00,1,3,10,4
2023,Masculino,Preta,1,0,39600.00,0.00,1,3,10,4
2023,Feminino,Amarela,1,1,39600.00,39600.00,1,3,10,6
2023,Feminino,Branca,143,37,5715600.00,1702800.00,1,3,10,6
2023,Feminino,Não informado,16,3,633600.00,132000.00,1,3,10,6
2023,Feminino,Parda,17,6,673200.00,277200.00,1,3,10,6
2023,Feminino,Preta,2,0,79200.00,0.00,1,3,10,6
2023,Masculino,Amarela,4,1,158400.00,66000.00,1,3,10,6
2023,Masculino,Branca,229,115,9147600.00,5385600.00,1,3,10,6
2023,Masculino,Não informado,32,16,1293600.00,726000.00,1,3,10,6
2023,Masculino,Parda,34,19,1346400.00,831600.00,1,3,10,6
2023,Masculino,Preta,1,0,39600.00,0.00,1,3,10,6
2023,Feminino,Branca,88,36,3484800.00,1570800.00,1,3,10,7
2023,Feminino,Não informado,7,3,277200.00,118800.00,1,3,10,7
2023,Feminino,Parda,1,0,39600.00,0.00,1,3,10,7
2023,Feminino,Preta,1,0,39600.00,0.00,1,3,10,7
2023,Masculino,Amarela,2,1,79200.00,39600.00,1,3,10,7
2023,Masculino,Branca,164,73,6520800.00,3326400.00,1,3,10,7
2023,Masculino,Indígena,1,0,39600.00,0.00,1,3,10,7
2023,Masculino,Não informado,17,8,673200.00,422400.00,1,3,10,7
2023,Masculino,Parda,10,2,396000.00,79200.00,1,3,10,7
2023,Masculino,Preta,1,1,39600.00,39600.00,1,3,10,7
2023,Feminino,Amarela,3,0,204480.00,0.00,1,3,12,1
2023,Feminino,Branca,23,4,1585680.00,272640.00,1,3,12,1
2023,Feminino,Não informado,2,0,136320.00,0.00,1,3,12,1
2023,Feminino,Parda,10,2,683350.00,136320.00,1,3,12,1
2023,Feminino,Preta,2,0,136320.00,0.00,1,3,12,1
2023,Masculino,Amarela,1,1,68160.00,68160.00,1,3,12,1
2023,Masculino,Branca,7,0,482120.00,0.00,1,3,12,1
2023,Masculino,Parda,5,0,340800.00,0.00,1,3,12,1
2023,Masculino,Preta,2,0,136320.00,0.00,1,3,12,1
2023,Feminino,Amarela,2,0,136320.00,0.00,1,3,12,3
2023,Feminino,Branca,47,6,3224760.00,408960.00,1,3,12,3
2023,Feminino,Não informado,6,1,408960.00,68160.00,1,3,12,3
2023,Feminino,Parda,51,7,3491600.00,477120.00,1,3,12,3
2023,Feminino,Preta,15,4,1028900.00,278640.00,1,3,12,3
2023,Masculino,Branca,32,4,2188620.00,272640.00,1,3,12,3
2023,Masculino,Indígena,1,0,68760.00,0.00,1,3,12,3
2023,Masculino,Não informado,7,0,479040.00,0.00,1,3,12,3
2023,Masculino,Parda,42,11,2980100.00,750260.00,1,3,12,3
2023,Masculino,Preta,8,2,546530.00,136320.00,1,3,12,3
2023,Não informado,Não informado,1,0,70160.00,0.00,1,3,12,3
2023,Feminino,Amarela,2,1,136820.00,68160.00,1,3,12,4
2023,Feminino,Branca,5,1,346800.00,68160.00,1,3,12,4
2023,Feminino,Parda,4,0,287040.00,0.00,1,3,12,4
2023,Feminino,Preta,2,1,141280.00,68560.00,1,3,12,4
2023,Masculino,Branca,3,1,204980.00,68160.00,1,3,12,4
2023,Masculino,Parda,7,0,489320.00,0.00,1,3,12,4
2023,Masculino,Preta,1,0,68160.00,0.00,1,3,12,4
2023,Feminino,Amarela,3,0,206880.00,0.00,1,3,12,6
2023,Feminino,Branca,127,24,8690765.00,1607710.00,1,3,12,6
2023,Feminino,Indígena,1,0,73160.00,0.00,1,3,12,6
2023,Feminino,Não informado,20,3,1381350.00,204480.00,1,3,12,6
2023,Feminino,Parda,65,18,4459350.00,1233880.00,1,3,12,6
2023,Feminino,Preta,15,2,1028500.00,136320.00,1,3,12,6
2023,Masculino,Amarela,1,0,68160.00,0.00,1,3,12,6
2023,Masculino,Branca,76,22,5209350.00,1509720.00,1,3,12,6
2023,Masculino,Não informado,14,2,969440.00,137320.00,1,3,12,6
2023,Masculino,Parda,55,14,3793570.00,949560.00,1,3,12,6
2023,Masculino,Preta,8,0,547920.00,0.00,1,3,12,6
2023,Feminino,Branca,102,20,7005970.00,1363700.00,1,3,12,7
2023,Feminino,Não informado,3,0,209680.00,0.00,1,3,12,7
2023,Feminino,Parda,16,0,1100360.00,0.00,1,3,12,7
2023,Feminino,Preta,3,1,204480.00,68160.00,1,3,12,7
2023,Masculino,Amarela,1,0,68160.00,0.00,1,3,12,7
2023,Masculino,Branca,40,11,2734905.00,749760.00,1,3,12,7
2023,Masculino,Não informado,2,0,139320.00,0.00,1,3,12,7
2023,Masculino,Parda,13,5,899230.00,342800.00,1,3,12,7
2023,Masculino,Preta,8,0,549280.00,0.00,1,3,12,7
2023,Feminino,Branca,11,1,791360.00,71760.00,1,3,13,1
2023,Masculino,Branca,3,1,222280.00,71760.00,1,3,13,1
2023,Masculino,Não informado,1,0,77260.00,0.00,1,3,13,1
2023,Feminino,Branca,13,3,938380.00,215280.00,1,3,13,3
2023,Feminino,Não informado,3,1,215280.00,71760.00,1,3,13,3
2023,Feminino,Parda,18,0,1299160.00,0.00,1,3,13,3
2023,Feminino,Preta,2,0,143520.00,0.00,1,3,13,3
2023,Masculino,Branca,7,1,448520.00,74760.00,1,3,13,3
2023,Masculino,Não informado,3,0,220480.00,0.00,1,3,13,3
2023,Masculino,Parda,4,0,288290.00,0.00,1,3,13,3
2023,Masculino,Preta,2,1,120350.00,71760.00,1,3,13,3
2023,Masculino,Branca,2,1,157055.00,85295.00,1,3,13,4
2023,Masculino,Parda,1,0,35880.00,0.00,1,3,13,4
2023,Feminino,Amarela,1,0,71760.00,0.00,1,3,13,6
2023,Feminino,Branca,35,2,2521600.00,143520.00,1,3,13,6
2023,Feminino,Não informado,2,0,148520.00,0.00,1,3,13,6
2023,Feminino,Parda,11,1,853420.00,79440.00,1,3,13,6
2023,Feminino,Preta,3,0,240980.00,0.00,1,3,13,6
2023,Masculino,Amarela,1,0,71760.00,0.00,1,3,13,6
2023,Masculino,Branca,20,3,1471017.00,226280.00,1,3,13,6
2023,Masculino,Não informado,5,0,359550.00,0.00,1,3,13,6
2023,Masculino,Parda,8,0,585580.00,0.00,1,3,13,6
2023,Masculino,Preta,1,0,81760.00,0.00,1,3,13,6
2023,Feminino,Amarela,1,0,76760.00,0.00,1,3,13,7
2023,Feminino,Branca,13,2,942630.00,143520.00,1,3,13,7
2023,Feminino,Não informado,2,0,149520.00,0.00,1,3,13,7
2023,Feminino,Parda,1,1,71760.00,71760.00,1,3,13,7
2023,Feminino,Preta,1,0,71760.00,0.00,1,3,13,7
2023,Masculino,Branca,11,0,808460.00,0.00,1,3,13,7
2023,Masculino,Não informado,1,0,72760.00,0.00,1,3,13,7
2023,Masculino,Parda,2,0,160270.00,0.00,1,3,13,7
2023,Feminino,Branca,63,16,19913288.25,6090206.22,2,1,7,1
2023,Feminino,Não informado,12,3,2083945.20,277000.00,2,1,7,1
2023,Feminino,Parda,22,1,16424553.20,1020840.00,2,1,7,1
2023,Feminino,Preta,5,2,1887843.65,115500.00,2,1,7,1
2023,Masculino,Amarela,3,0,708680.00,0.00,2,1,7,1
2023,Masculino,Branca,72,12,34445925.62,10397832.02,2,1,7,1
2023,Masculino,Indígena,2,0,440000.00,0.00,2,1,7,1
2023,Masculino,Não informado,20,6,9333707.89,1953532.00,2,1,7,1
2023,Masculino,Parda,26,8,28704558.39,9260855.62,2,1,7,1
2023,Masculino,Preta,7,1,2994094.88,73800.00,2,1,7,1
2023,Feminino,Branca,8,1,1762267.29,315140.54,2,1,7,2
2023,Feminino,Não informado,1,0,72568.49,0.00,2,1,7,2
2023,Feminino,Parda,5,2,1326524.54,428564.37,2,1,7,2
2023,Feminino,Preta,1,1,139409.91,139409.91,2,1,7,2
2023,Masculino,Branca,8,3,1475330.35,268993.78,2,1,7,2
2023,Masculino,Parda,3,2,591686.08,298109.62,2,1,7,2
2023,Feminino,Amarela,1,0,65000.00,0.00,2,1,7,3
2023,Feminino,Branca,155,34,83243813.34,8720754.04,2,1,7,3
2023,Feminino,Não informado,24,6,6650002.30,1690527.04,2,1,7,3
2023,Feminino,Parda,63,19,32522348.62,7979076.44,2,1,7,3
2023,Feminino,Preta,15,5,3347205.86,1148666.23,2,1,7,3
2023,Masculino,Amarela,4,0,4414105.42,0.00,2,1,7,3
2023,Masculino,Branca,150,51,61412080.02,14453591.40,2,1,7,3
2023,Masculino,Não informado,52,16,17274374.37,8523025.98,2,1,7,3
2023,Masculino,Parda,57,16,18761892.47,2874266.30,2,1,7,3
2023,Masculino,Preta,22,6,6496604.35,1120846.74,2,1,7,3
2023,Feminino,Amarela,5,2,4051280.00,3550830.00,2,1,7,4
2023,Feminino,Branca,46,7,28576867.40,2944456.28,2,1,7,4
2023,Feminino,Não informado,7,0,3957993.00,0.00,2,1,7,4
2023,Feminino,Parda,30,11,11920213.90,6592974.88,2,1,7,4
2023,Feminino,Preta,5,1,1204070.90,83280.00,2,1,7,4
2023,Masculino,Amarela,2,1,133640.00,66000.00,2,1,7,4
2023,Masculino,Branca,78,16,88407107.81,10304497.37,2,1,7,4
2023,Masculino,Não informado,20,3,12400394.49,419643.32,2,1,7,4
2023,Masculino,Parda,48,11,28512992.13,3404495.00,2,1,7,4
2023,Masculino,Preta,3,0,892632.00,0.00,2,1,7,4
2023,Feminino,Amarela,19,2,4302733.17,114000.00,2,1,7,6
2023,Feminino,Branca,418,97,233438622.33,45241853.21,2,1,7,6
2023,Feminino,Indígena,1,0,83160.00,0.00,2,1,7,6
2023,Feminino,Não informado,80,17,32847131.67,9362654.84,2,1,7,6
2023,Feminino,Parda,38,4,10529161.03,351263.25,2,1,7,6
2023,Feminino,Preta,10,1,2379421.95,49500.00,2,1,7,6
2023,Masculino,Amarela,20,4,5634050.16,575300.00,2,1,7,6
2023,Masculino,Branca,474,131,250661816.43,71087480.14,2,1,7,6
2023,Masculino,Indígena,1,0,132000.00,0.00,2,1,7,6
2023,Masculino,Não informado,102,30,65978402.55,34358192.60,2,1,7,6
2023,Masculino,Parda,57,20,18513484.26,4772944.44,2,1,7,6
2023,Masculino,Preta,18,5,18488652.57,1593184.80,2,1,7,6
2023,Feminino,Amarela,8,1,4921525.55,82680.00,2,1,7,7
2023,Feminino,Branca,208,52,81411244.96,19498102.31,2,1,7,7
2023,Feminino,Não informado,31,13,14855519.11,2405669.00,2,1,7,7
2023,Feminino,Parda,4,0,1112399.67,0.00,2,1,7,7
2023,Feminino,Preta,2,2,340342.25,318242.25,2,1,7,7
2023,Masculino,Amarela,4,1,3005930.64,1455600.00,2,1,7,7
2023,Masculino,Branca,160,44,78050816.15,15524985.50,2,1,7,7
2023,Masculino,Não informado,48,17,20398131.00,4620232.31,2,1,7,7
2023,Masculino,Parda,14,3,7303009.84,278000.00,2,1,7,7
2023,Masculino,Preta,3,1,1040824.40,246418.40,2,1,7,7
2023,Masculino,Branca,1,0,10500.00,0.00,2,3,3,1
2023,Feminino,Parda,2,2,38772.00,38772.00,2,3,3,3
2023,Masculino,Parda,1,0,20100.00,0.00,2,3,3,3
2023,Masculino,Parda,2,1,30650.00,20600.00,2,3,3,4
2023,Feminino,Amarela,1,0,15950.00,0.00,2,3,3,6
2023,Feminino,Branca,3,2,71900.00,52200.00,2,3,3,6
2023,Masculino,Branca,3,1,58500.00,20100.00,2,3,3,6
2023,Feminino,Amarela,1,0,39600.00,0.00,2,3,10,1
2023,Feminino,Branca,31,11,1227600.00,488400.00,2,3,10,1
2023,Feminino,Não informado,8,4,316800.00,171600.00,2,3,10,1
2023,Feminino,Parda,7,2,277200.00,105600.00,2,3,10,1
2023,Feminino,Preta,3,2,118800.00,79200.00,2,3,10,1
2023,Masculino,Branca,50,16,1980000.00,712800.00,2,3,10,1
2023,Masculino,Não informado,12,6,501600.00,290400.00,2,3,10,1
2023,Masculino,Parda,13,4,514800.00,184800.00,2,3,10,1
2023,Masculino,Preta,3,1,118800.00,39600.00,2,3,10,1
2023,Feminino,Amarela,2,1,79200.00,39600.00,2,3,10,3
2023,Feminino,Branca,56,20,2217600.00,937200.00,2,3,10,3
2023,Feminino,Não informado,12,2,475200.00,79200.00,2,3,10,3
2023,Feminino,Parda,30,11,1188000.00,488400.00,2,3,10,3
2023,Feminino,Preta,4,1,158400.00,39600.00,2,3,10,3
2023,Masculino,Amarela,2,1,79200.00,39600.00,2,3,10,3
2023,Masculino,Branca,76,34,3088800.00,1584000.00,2,3,10,3
2023,Masculino,Indígena,1,0,39600.00,0.00,2,3,10,3
2023,Masculino,Não informado,34,15,1346400.00,686400.00,2,3,10,3
2023,Masculino,Parda,40,11,1584000.00,528000.00,2,3,10,3
2023,Masculino,Preta,7,4,277200.00,198000.00,2,3,10,3
2023,Feminino,Branca,20,8,818400.00,382800.00,2,3,10,4
2023,Feminino,Não informado,6,2,237600.00,79200.00,2,3,10,4
2023,Feminino,Parda,9,3,356400.00,118800.00,2,3,10,4
2023,Feminino,Preta,1,1,39600.00,39600.00,2,3,10,4
2023,Masculino,Amarela,2,1,79200.00,39600.00,2,3,10,4
2023,Masculino,Branca,24,6,950400.00,277200.00,2,3,10,4
2023,Masculino,Não informado,4,2,158400.00,92400.00,2,3,10,4
2023,Masculino,Parda,14,3,554400.00,132000.00,2,3,10,4
2023,Masculino,Preta,1,0,39600.00,0.00,2,3,10,4
2023,Feminino,Amarela,13,6,541200.00,264000.00,2,3,10,6
2023,Feminino,Branca,330,141,13226400.00,6534000.00,2,3,10,6
2023,Feminino,Indígena,3,2,118800.00,92400.00,2,3,10,6
2023,Feminino,Não informado,61,22,2468400.00,1056000.00,2,3,10,6
2023,Feminino,Parda,32,8,1267200.00,369600.00,2,3,10,6
2023,Feminino,Preta,7,4,277200.00,224400.00,2,3,10,6
2023,Masculino,Amarela,7,2,277200.00,79200.00,2,3,10,6
2023,Masculino,Branca,298,154,11985600.00,7273200.00,2,3,10,6
2023,Masculino,Indígena,1,1,39600.00,39600.00,2,3,10,6
2023,Masculino,Não informado,90,30,3590400.00,1359600.00,2,3,10,6
2023,Masculino,Parda,28,6,1108800.00,264000.00,2,3,10,6
2023,Masculino,Preta,9,5,356400.00,237600.00,2,3,10,6
2023,Feminino,Amarela,2,1,79200.00,39600.00,2,3,10,7
2023,Feminino,Branca,152,71,6019200.00,3128400.00,2,3,10,7
2023,Feminino,Não informado,13,6,514800.00,277200.00,2,3,10,7
2023,Feminino,Parda,2,0,79200.00,0.00,2,3,10,7
2023,Masculino,Branca,97,46,3867600.00,2151600.00,2,3,10,7
2023,Masculino,Não informado,19,9,752400.00,382800.00,2,3,10,7
2023,Masculino,Parda,8,1,316800.00,52800.00,2,3,10,7
2023,Feminino,Amarela,1,0,68160.00,0.00,2,3,12,1
2023,Feminino,Branca,36,5,2479060.00,355800.00,2,3,12,1
2023,Feminino,Não informado,6,1,414160.00,68160.00,2,3,12,1
2023,Feminino,Parda,10,0,682600.00,0.00,2,3,12,1
2023,Feminino,Preta,3,0,204480.00,0.00,2,3,12,1
2023,Masculino,Branca,16,3,1101310.00,204480.00,2,3,12,1
2023,Masculino,Não informado,2,0,136320.00,0.00,2,3,12,1
2023,Masculino,Parda,17,5,1163270.00,341300.00,2,3,12,1
2023,Masculino,Preta,3,1,205480.00,69160.00,2,3,12,1
2023,Feminino,Amarela,4,1,272640.00,68160.00,2,3,12,3
2023,Feminino,Branca,66,15,4511310.00,1022900.00,2,3,12,3
2023,Feminino,Não informado,21,3,1431860.00,204480.00,2,3,12,3
2023,Feminino,Parda,61,18,4189260.00,1233080.00,2,3,12,3
2023,Feminino,Preta,12,1,819920.00,70160.00,2,3,12,3
2023,Masculino,Branca,51,9,3514410.00,618440.00,2,3,12,3
2023,Masculino,Não informado,9,3,630616.00,205480.00,2,3,12,3
2023,Masculino,Parda,44,11,3020890.00,750510.00,2,3,12,3
2023,Masculino,Preta,12,2,818320.00,136320.00,2,3,12,3
2023,Feminino,Branca,12,2,825170.00,136320.00,2,3,12,4
2023,Feminino,Não informado,4,1,276640.00,72160.00,2,3,12,4
2023,Feminino,Parda,13,1,897080.00,68160.00,2,3,12,4
2023,Feminino,Preta,4,2,272640.00,136320.00,2,3,12,4
2023,Masculino,Branca,12,3,823720.00,208280.00,2,3,12,4
2023,Masculino,Indígena,1,0,68160.00,0.00,2,3,12,4
2023,Masculino,Não informado,1,0,68160.00,0.00,2,3,12,4
2023,Masculino,Parda,14,2,964340.00,136320.00,2,3,12,4
2023,Masculino,Preta,6,1,414360.00,68160.00,2,3,12,4
2023,Feminino,Amarela,5,2,340828.75,136320.00,2,3,12,6
2023,Feminino,Branca,250,55,17101486.00,3766400.00,2,3,12,6
2023,Feminino,Não informado,33,11,2239054.00,757024.00,2,3,12,6
2023,Feminino,Parda,66,11,4511460.00,755960.00,2,3,12,6
2023,Feminino,Preta,27,4,1862320.00,287640.00,2,3,12,6
2023,Masculino,Amarela,3,1,204480.00,68160.00,2,3,12,6
2023,Masculino,Branca,144,27,9897544.26,1871920.00,2,3,12,6
2023,Masculino,Indígena,1,0,68160.00,0.00,2,3,12,6
2023,Masculino,Não informado,33,6,2240325.00,391920.00,2,3,12,6
2023,Masculino,Parda,57,13,3905070.00,894530.00,2,3,12,6
2023,Masculino,Preta,16,5,1103560.00,340800.00,2,3,12,6
2023,Feminino,Amarela,1,0,68160.00,0.00,2,3,12,7
2023,Feminino,Branca,184,40,12700641.68,2745100.00,2,3,12,7
2023,Feminino,Não informado,9,1,632190.00,86160.00,2,3,12,7
2023,Feminino,Parda,15,4,1028900.00,272640.00,2,3,12,7
2023,Feminino,Preta,3,1,204480.00,68160.00,2,3,12,7
2023,Masculino,Branca,78,16,5341680.00,1091310.00,2,3,12,7
2023,Masculino,Não informado,12,2,871150.00,137070.00,2,3,12,7
2023,Masculino,Parda,15,3,1035200.00,209680.00,2,3,12,7
2023,Feminino,Branca,8,1,575580.00,71760.00,2,3,13,1
2023,Feminino,Parda,2,0,144520.00,0.00,2,3,13,1
2023,Masculino,Branca,3,0,255280.00,0.00,2,3,13,1
2023,Masculino,Não informado,4,0,289040.00,0.00,2,3,13,1
2023,Masculino,Parda,2,1,143520.00,71760.00,2,3,13,1
2023,Feminino,Amarela,1,0,71760.00,0.00,2,3,13,3
2023,Feminino,Branca,17,0,1233820.00,0.00,2,3,13,3
2023,Feminino,Não informado,2,0,147229.07,0.00,2,3,13,3
2023,Feminino,Parda,11,0,797260.00,0.00,2,3,13,3
2023,Feminino,Preta,1,0,71760.00,0.00,2,3,13,3
2023,Masculino,Branca,17,1,1201590.00,71760.00,2,3,13,3
2023,Masculino,Não informado,6,0,431060.00,0.00,2,3,13,3
2023,Masculino,Parda,11,3,875010.00,218280.00,2,3,13,3
2023,Masculino,Preta,3,0,226280.00,0.00,2,3,13,3
2023,Feminino,Branca,3,0,215280.00,0.00,2,3,13,4
2023,Feminino,Não informado,2,1,149020.00,77260.00,2,3,13,4
2023,Feminino,Parda,5,1,368300.00,75760.00,2,3,13,4
2023,Feminino,Preta,2,0,143520.00,0.00,2,3,13,4
2023,Masculino,Branca,3,1,220780.00,71760.00,2,3,13,4
2023,Masculino,Não informado,3,0,216280.00,0.00,2,3,13,4
2023,Masculino,Parda,8,2,604280.00,147920.00,2,3,13,4
2023,Feminino,Amarela,1,0,71760.00,0.00,2,3,13,6
2023,Feminino,Branca,51,8,3671320.08,574830.00,2,3,13,6
2023,Feminino,Não informado,17,2,1241670.00,144770.00,2,3,13,6
2023,Feminino,Parda,7,2,504820.00,145520.00,2,3,13,6
2023,Feminino,Preta,2,0,144270.00,0.00,2,3,13,6
2023,Masculino,Amarela,1,0,71760.00,0.00,2,3,13,6
2023,Masculino,Branca,31,6,2252900.00,430560.00,2,3,13,6
2023,Masculino,Não informado,20,2,1441480.00,145020.00,2,3,13,6
2023,Masculino,Parda,11,6,792360.00,433060.00,2,3,13,6
2023,Masculino,Preta,3,0,218280.00,0.00,2,3,13,6
2023,Feminino,Amarela,2,1,143520.00,71760.00,2,3,13,7
2023,Feminino,Branca,28,2,2020480.00,143520.00,2,3,13,7
2023,Feminino,Não informado,5,0,364800.00,0.00,2,3,13,7
2023,Feminino,Parda,2,0,143520.00,0.00,2,3,13,7
2023,Masculino,Branca,15,1,1085400.00,71760.00,2,3,13,7
2023,Masculino,Não informado,3,0,221280.00,0.00,2,3,13,7
2023,Masculino,Parda,1,0,83760.00,0.00,2,3,13,7
2023,Feminino,Amarela,3,0,554329.00,0.00,3,1,7,1
2023,Feminino,Branca,39,6,11080838.51,2179277.50,3,1,7,1
2023,Feminino,Não informado,7,3,3396485.75,2134832.00,3,1,7,1
2023,Feminino,Parda,21,4,9773729.67,1849868.80,3,1,7,1
2023,Feminino,Preta,7,2,3771896.52,1325240.00,3,1,7,1
2023,Masculino,Amarela,6,2,1192710.87,165995.87,3,1,7,1
2023,Masculino,Branca,102,30,21834796.10,4043286.98,3,1,7,1
2023,Masculino,Indígena,1,0,274240.00,0.00,3,1,7,1
2023,Masculino,Não informado,23,6,4991830.64,963852.07,3,1,7,1
2023,Masculino,Parda,30,8,8212606.13,996520.54,3,1,7,1
2023,Masculino,Preta,4,2,578633.79,220633.79,3,1,7,1
2023,Feminino,Branca,6,0,818414.89,0.00,3,1,7,2
2023,Feminino,Não informado,1,0,306082.52,0.00,3,1,7,2
2023,Feminino,Parda,1,0,135664.06,0.00,3,1,7,2
2023,Feminino,Preta,2,1,274484.50,137242.25,3,1,7,2
2023,Masculino,Branca,9,2,2857534.36,746757.60,3,1,7,2
2023,Masculino,Não informado,3,0,533329.38,0.00,3,1,7,2
2023,Masculino,Parda,5,2,678469.90,296196.89,3,1,7,2
2023,Masculino,Preta,2,0,300875.87,0.00,3,1,7,2
2023,Feminino,Amarela,5,1,1541934.00,208400.00,3,1,7,3
2023,Feminino,Branca,128,39,52061332.22,11542837.25,3,1,7,3
2023,Feminino,Não informado,19,7,4350357.18,1910189.63,3,1,7,3
2023,Feminino,Parda,64,14,19469242.60,1643614.09,3,1,7,3
2023,Feminino,Preta,14,7,2851636.22,822889.34,3,1,7,3
2023,Masculino,Amarela,4,1,808044.31,137833.41,3,1,7,3
2023,Masculino,Branca,204,70,59722349.23,14424033.57,3,1,7,3
2023,Masculino,Indígena,2,0,686334.49,0.00,3,1,7,3
2023,Masculino,Não informado,89,32,23430328.19,5358654.66,3,1,7,3
2023,Masculino,Parda,156,37,41929925.45,8448101.54,3,1,7,3
2023,Masculino,Preta,36,12,6367042.20,1093587.00,3,1,7,3
2023,Feminino,Amarela,1,0,82500.00,0.00,3,1,7,4
2023,Feminino,Branca,34,8,15155258.45,4282688.20,3,1,7,4
2023,Feminino,Não informado,10,1,5310061.60,23420.00,3,1,7,4
2023,Feminino,Parda,24,5,7758248.82,1588795.40,3,1,7,4
2023,Feminino,Preta,4,3,1054520.00,109500.00,3,1,7,4
2023,Masculino,Amarela,1,0,135000.00,0.00,3,1,7,4
2023,Masculino,Branca,53,18,27042067.78,4363736.04,3,1,7,4
2023,Masculino,Indígena,1,0,60000.00,0.00,3,1,7,4
2023,Masculino,Não informado,13,4,6799489.10,700587.70,3,1,7,4
2023,Masculino,Parda,62,16,25682429.55,5919890.13,3,1,7,4
2023,Masculino,Preta,11,4,9100142.32,279000.00,3,1,7,4
2023,Feminino,Amarela,6,0,2954549.99,0.00,3,1,7,6
2023,Feminino,Branca,242,77,83756915.33,28159199.33,3,1,7,6
2023,Feminino,Indígena,1,0,433361.68,0.00,3,1,7,6
2023,Feminino,Não informado,42,17,14685314.31,4745075.25,3,1,7,6
2023,Feminino,Parda,39,10,10589280.38,694709.37,3,1,7,6
2023,Feminino,Preta,13,4,5940383.69,119400.00,3,1,7,6
2023,Masculino,Amarela,11,2,2057765.40,263600.00,3,1,7,6
2023,Masculino,Branca,464,154,175257419.83,50577006.00,3,1,7,6
2023,Masculino,Não informado,165,59,46488157.42,14786469.95,3,1,7,6
2023,Masculino,Parda,89,21,29082134.94,5499903.95,3,1,7,6
2023,Masculino,Preta,24,7,5282425.87,1006087.00,3,1,7,6
2023,Feminino,Amarela,3,0,1391480.00,0.00,3,1,7,7
2023,Feminino,Branca,134,40,43459419.64,10038720.15,3,1,7,7
2023,Feminino,Não informado,19,10,7106623.76,4841828.00,3,1,7,7
2023,Feminino,Parda,12,6,4028011.82,2822621.45,3,1,7,7
2023,Feminino,Preta,5,0,2021488.17,0.00,3,1,7,7
2023,Masculino,Amarela,5,0,943214.10,0.00,3,1,7,7
2023,Masculino,Branca,270,88,86434982.15,20430114.12,3,1,7,7
2023,Masculino,Indígena,1,0,66000.00,0.00,3,1,7,7
2023,Masculino,Não informado,48,14,18037013.27,7725148.50,3,1,7,7
2023,Masculino,Parda,33,7,7509734.07,920945.62,3,1,7,7
2023,Masculino,Preta,4,0,801209.96,0.00,3,1,7,7
2023,Masculino,Branca,2,0,38200.00,0.00,3,3,3,1
2023,Masculino,Branca,1,0,24600.00,0.00,3,3,3,2
2023,Feminino,Preta,1,0,22400.00,0.00,3,3,3,3
2023,Masculino,Branca,3,1,62300.00,21600.00,3,3,3,3
2023,Masculino,Parda,1,0,13300.00,0.00,3,3,3,3
2023,Masculino,Preta,1,0,20600.00,0.00,3,3,3,3
2023,Masculino,Não informado,2,1,27800.00,18500.00,3,3,3,4
2023,Masculino,Parda,1,0,11300.00,0.00,3,3,3,4
2023,Feminino,Branca,1,0,21600.00,0.00,3,3,3,6
2023,Masculino,Branca,5,2,89145.50,26545.50,3,3,3,6
2023,Masculino,Parda,2,2,40200.00,40200.00,3,3,3,6
2023,Feminino,Branca,1,0,21100.00,0.00,3,3,3,7
2023,Feminino,Preta,2,0,31000.00,0.00,3,3,3,7
2023,Masculino,Branca,2,1,39200.00,19600.00,3,3,3,7
2023,Masculino,Não informado,1,0,19600.00,0.00,3,3,3,7
2023,Feminino,Amarela,2,1,79200.00,39600.00,3,3,10,1
2023,Feminino,Branca,19,3,752400.00,132000.00,3,3,10,1
2023,Feminino,Não informado,3,1,118800.00,39600.00,3,3,10,1
2023,Feminino,Parda,5,0,198000.00,0.00,3,3,10,1
2023,Feminino,Preta,1,0,39600.00,0.00,3,3,10,1
2023,Masculino,Amarela,4,3,158400.00,132000.00,3,3,10,1
2023,Masculino,Branca,69,24,2732400.00,1042800.00,3,3,10,1
2023,Masculino,Não informado,19,7,752400.00,316800.00,3,3,10,1
2023,Masculino,Parda,31,10,1254000.00,422400.00,3,3,10,1
2023,Masculino,Preta,4,0,158400.00,0.00,3,3,10,1
2023,Feminino,Amarela,2,0,79200.00,0.00,3,3,10,3
2023,Feminino,Branca,56,18,2217600.00,805200.00,3,3,10,3
2023,Feminino,Não informado,12,5,475200.00,211200.00,3,3,10,3
2023,Feminino,Parda,33,4,1333200.00,184800.00,3,3,10,3
2023,Feminino,Preta,4,1,158400.00,39600.00,3,3,10,3
2023,Masculino,Amarela,3,1,118800.00,39600.00,3,3,10,3
2023,Masculino,Branca,173,53,6877200.00,2336400.00,3,3,10,3
2023,Masculino,Indígena,2,1,79200.00,39600.00,3,3,10,3
2023,Masculino,Não informado,71,36,2864400.00,1663200.00,3,3,10,3
2023,Masculino,Parda,124,36,4963200.00,1623600.00,3,3,10,3
2023,Masculino,Preta,24,6,950400.00,237600.00,3,3,10,3
2023,Feminino,Branca,5,2,198000.00,92400.00,3,3,10,4
2023,Feminino,Não informado,4,1,158400.00,39600.00,3,3,10,4
2023,Feminino,Parda,7,2,277200.00,79200.00,3,3,10,4
2023,Masculino,Branca,25,7,990000.00,290400.00,3,3,10,4
2023,Masculino,Não informado,12,3,475200.00,132000.00,3,3,10,4
2023,Masculino,Parda,40,10,1584000.00,435600.00,3,3,10,4
2023,Masculino,Preta,6,0,237600.00,0.00,3,3,10,4
2023,Feminino,Amarela,9,4,356400.00,158400.00,3,3,10,6
2023,Feminino,Branca,215,79,8540400.00,3669600.00,3,3,10,6
2023,Feminino,Não informado,46,19,1821600.00,831600.00,3,3,10,6
2023,Feminino,Parda,29,13,1148400.00,541200.00,3,3,10,6
2023,Feminino,Preta,6,3,237600.00,132000.00,3,3,10,6
2023,Masculino,Amarela,9,6,382800.00,330000.00,3,3,10,6
2023,Masculino,Branca,574,252,23126400.00,11510400.00,3,3,10,6
2023,Masculino,Indígena,4,2,158400.00,79200.00,3,3,10,6
2023,Masculino,Não informado,206,105,8368800.00,5082000.00,3,3,10,6
2023,Masculino,Parda,100,38,3960000.00,1676400.00,3,3,10,6
2023,Masculino,Preta,20,4,792000.00,171600.00,3,3,10,6
2023,Feminino,Amarela,2,1,79200.00,39600.00,3,3,10,7
2023,Feminino,Branca,89,34,3524400.00,1518000.00,3,3,10,7
2023,Feminino,Não informado,14,5,580800.00,237600.00,3,3,10,7
2023,Feminino,Parda,7,2,277200.00,92400.00,3,3,10,7
2023,Masculino,Amarela,3,2,118800.00,79200.00,3,3,10,7
2023,Masculino,Branca,215,93,8540400.00,4065600.00,3,3,10,7
2023,Masculino,Não informado,45,15,1782000.00,712800.00,3,3,10,7
2023,Masculino,Parda,14,5,554400.00,211200.00,3,3,10,7
2023,Masculino,Preta,4,1,158400.00,39600.00,3,3,10,7
2023,Feminino,Amarela,2,0,136320.00,0.00,3,3,12,1
2023,Feminino,Branca,15,2,1024400.00,136320.00,3,3,12,1
2023,Feminino,Parda,6,0,413960.00,0.00,3,3,12,1
2023,Feminino,Preta,2,0,136320.00,0.00,3,3,12,1
2023,Masculino,Branca,11,3,781210.00,209680.00,3,3,12,1
2023,Masculino,Não informado,5,0,340900.00,0.00,3,3,12,1
2023,Masculino,Parda,13,0,894830.00,0.00,3,3,12,1
2023,Masculino,Preta,4,0,286240.00,0.00,3,3,12,1
2023,Feminino,Amarela,3,0,209680.00,0.00,3,3,12,3
2023,Feminino,Branca,29,6,2049040.00,413960.00,3,3,12,3
2023,Feminino,Não informado,7,3,478870.00,206230.00,3,3,12,3
2023,Feminino,Parda,39,7,2693290.00,487070.00,3,3,12,3
2023,Feminino,Preta,5,1,342800.00,68160.00,3,3,12,3
2023,Masculino,Amarela,2,0,136320.00,0.00,3,3,12,3
2023,Masculino,Branca,36,8,2467090.00,551230.00,3,3,12,3
2023,Masculino,Indígena,1,1,71660.00,71660.00,3,3,12,3
2023,Masculino,Não informado,10,1,687480.00,68910.00,3,3,12,3
2023,Masculino,Parda,45,4,3112400.00,272640.00,3,3,12,3
2023,Masculino,Preta,9,2,613940.00,136820.00,3,3,12,3
2023,Feminino,Branca,3,2,205230.00,136320.00,3,3,12,4
2023,Feminino,Não informado,2,1,136320.00,68160.00,3,3,12,4
2023,Feminino,Parda,2,0,136320.00,0.00,3,3,12,4
2023,Masculino,Branca,3,1,204480.00,68160.00,3,3,12,4
2023,Masculino,Parda,5,2,342800.00,136320.00,3,3,12,4
2023,Feminino,Amarela,3,1,204480.00,68160.00,3,3,12,6
2023,Feminino,Branca,129,29,8896705.84,1988840.00,3,3,12,6
2023,Feminino,Indígena,2,0,144320.00,0.00,3,3,12,6
2023,Feminino,Não informado,14,4,963910.00,276710.00,3,3,12,6
2023,Feminino,Parda,45,7,3116150.00,481120.00,3,3,12,6
2023,Feminino,Preta,10,1,690500.00,68160.00,3,3,12,6
2023,Masculino,Amarela,6,1,418970.00,68170.00,3,3,12,6
2023,Masculino,Branca,142,37,9745550.00,2534800.00,3,3,12,6
2023,Masculino,Indígena,2,2,141520.00,141520.00,3,3,12,6
2023,Masculino,Não informado,34,11,2347290.00,753760.00,3,3,12,6
2023,Masculino,Parda,70,15,4820780.00,1042430.00,3,3,12,6
2023,Masculino,Preta,16,2,1101310.00,137070.00,3,3,12,6
2023,Feminino,Branca,59,10,4060690.00,681600.00,3,3,12,7
2023,Feminino,Não informado,11,2,750160.00,136320.00,3,3,12,7
2023,Feminino,Parda,16,3,1109510.00,207980.00,3,3,12,7
2023,Feminino,Preta,4,1,276140.00,71660.00,3,3,12,7
2023,Masculino,Branca,60,14,4134628.00,956440.00,3,3,12,7
2023,Masculino,Não informado,9,3,599400.00,188440.00,3,3,12,7
2023,Masculino,Parda,14,1,982440.00,80160.00,3,3,12,7
2023,Masculino,Preta,5,1,352800.00,68160.00,3,3,12,7
2023,Feminino,Branca,2,0,143520.00,0.00,3,3,13,1
2023,Feminino,Não informado,1,0,71760.00,0.00,3,3,13,1
2023,Feminino,Parda,2,0,143520.00,0.00,3,3,13,1
2023,Masculino,Branca,9,1,663640.00,72510.00,3,3,13,1
2023,Masculino,Não informado,1,0,71760.00,0.00,3,3,13,1
2023,Masculino,Parda,7,2,532320.00,143520.00,3,3,13,1
2023,Masculino,Preta,2,0,143520.00,0.00,3,3,13,1
2023,Não informado,Não informado,1,0,77360.00,0.00,3,3,13,1
2023,Masculino,Branca,1,0,76760.00,0.00,3,3,13,2
2023,Feminino,Amarela,1,1,71760.00,71760.00,3,3,13,3
2023,Feminino,Branca,6,1,437060.00,72760.00,3,3,13,3
2023,Feminino,Não informado,3,0,218280.00,0.00,3,3,13,3
2023,Feminino,Parda,2,0,150270.00,0.00,3,3,13,3
2023,Masculino,Branca,18,3,1313180.00,219280.00,3,3,13,3
2023,Masculino,Não informado,3,1,217780.00,73760.00,3,3,13,3
2023,Masculino,Parda,14,2,1013590.00,144820.00,3,3,13,3
2023,Masculino,Preta,8,0,586880.00,0.00,3,3,13,3
2023,Não informado,Não informado,1,0,53840.00,0.00,3,3,13,3
2023,Feminino,Branca,4,0,292040.00,0.00,3,3,13,4
2023,Feminino,Parda,1,0,74160.00,0.00,3,3,13,4
2023,Masculino,Parda,5,1,372918.00,81760.00,3,3,13,4
2023,Feminino,Branca,22,5,1578070.00,361800.00,3,3,13,6
2023,Feminino,Não informado,11,1,809660.00,71760.00,3,3,13,6
2023,Feminino,Parda,12,1,887120.00,72260.00,3,3,13,6
2023,Feminino,Preta,4,0,288177.20,0.00,3,3,13,6
2023,Masculino,Amarela,2,0,145520.00,0.00,3,3,13,6
2023,Masculino,Branca,56,8,3972458.00,586080.00,3,3,13,6
2023,Masculino,Não informado,13,2,946880.00,149020.00,3,3,13,6
2023,Masculino,Parda,21,0,1527940.00,0.00,3,3,13,6
2023,Masculino,Preta,7,0,517860.00,0.00,3,3,13,6
2023,Feminino,Branca,10,0,735470.00,0.00,3,3,13,7
2023,Feminino,Não informado,3,0,215280.00,0.00,3,3,13,7
2023,Feminino,Parda,2,0,131580.00,0.00,3,3,13,7
2023,Masculino,Branca,14,1,1014640.00,71760.00,3,3,13,7
2023,Masculino,Não informado,5,0,360800.00,0.00,3,3,13,7
2023,Masculino,Parda,4,0,305540.00,0.00,3,3,13,7
2023,Masculino,Preta,1,0,38880.00,0.00,3,3,13,7
2023,Feminino,Amarela,2,0,415641.29,0.00,4,1,7,1
2023,Feminino,Branca,51,18,13527858.34,2549877.05,4,1,7,1
2023,Feminino,Indígena,3,1,377345.00,112000.00,4,1,7,1
2023,Feminino,Não informado,4,1,995306.14,50000.00,4,1,7,1
2023,Feminino,Parda,34,8,6734668.25,1533702.25,4,1,7,1
2023,Feminino,Preta,3,2,700340.00,318220.00,4,1,7,1
2023,Masculino,Branca,41,19,7567573.16,1841760.20,4,1,7,1
2023,Masculino,Indígena,1,1,137744.28,137744.28,4,1,7,1
2023,Masculino,Não informado,10,7,1736236.64,640972.63,4,1,7,1
2023,Masculino,Parda,24,11,6108208.41,1408522.21,4,1,7,1
2023,Masculino,Preta,12,4,2043153.81,406734.00,4,1,7,1
2023,Feminino,Branca,9,3,1132169.25,396416.17,4,1,7,2
2023,Feminino,Não informado,1,0,335663.32,0.00,4,1,7,2
2023,Feminino,Parda,4,0,492648.56,0.00,4,1,7,2
2023,Masculino,Não informado,2,1,538811.26,71734.00,4,1,7,2
2023,Masculino,Parda,3,2,997863.28,436178.78,4,1,7,2
2023,Masculino,Preta,4,3,619610.91,420869.66,4,1,7,2
2023,Feminino,Amarela,2,1,687330.40,347430.40,4,1,7,3
2023,Feminino,Branca,97,34,21561152.63,4659829.54,4,1,7,3
2023,Feminino,Indígena,2,0,408313.14,0.00,4,1,7,3
2023,Feminino,Não informado,15,5,2454904.31,546809.00,4,1,7,3
2023,Feminino,Parda,70,27,15217120.27,2539667.38,4,1,7,3
2023,Feminino,Preta,25,15,6283868.80,1340596.07,4,1,7,3
2023,Masculino,Branca,97,35,23589178.36,4793584.13,4,1,7,3
2023,Masculino,Não informado,33,11,5645250.19,647498.25,4,1,7,3
2023,Masculino,Parda,95,37,17240538.30,3496415.67,4,1,7,3
2023,Masculino,Preta,29,12,5033614.52,1324278.43,4,1,7,3
2023,Feminino,Amarela,1,0,103374.75,0.00,4,1,7,4
2023,Feminino,Branca,24,9,13167360.44,2261495.40,4,1,7,4
2023,Feminino,Não informado,7,4,1212659.70,627802.25,4,1,7,4
2023,Feminino,Parda,26,9,23981747.90,11317483.45,4,1,7,4
2023,Feminino,Preta,8,4,1627623.08,506790.00,4,1,7,4
2023,Masculino,Amarela,2,1,4617410.00,50000.00,4,1,7,4
2023,Masculino,Branca,24,7,6485965.59,797874.40,4,1,7,4
2023,Masculino,Não informado,17,6,5304376.26,1265700.55,4,1,7,4
2023,Masculino,Parda,34,5,10501821.69,303251.70,4,1,7,4
2023,Masculino,Preta,10,5,3796715.71,617170.03,4,1,7,4
2023,Feminino,Amarela,2,1,395440.00,65240.00,4,1,7,6
2023,Feminino,Branca,252,110,57011401.00,18924008.87,4,1,7,6
2023,Feminino,Indígena,1,0,99541.81,0.00,4,1,7,6
2023,Feminino,Não informado,36,18,14463113.93,8863369.76,4,1,7,6
2023,Feminino,Parda,45,16,9964637.97,2134765.05,4,1,7,6
2023,Feminino,Preta,14,6,3033209.80,1315275.63,4,1,7,6
2023,Masculino,Amarela,1,0,113500.00,0.00,4,1,7,6
2023,Masculino,Branca,228,84,45691182.98,10423205.17,4,1,7,6
2023,Masculino,Indígena,3,1,504660.00,21600.00,4,1,7,6
2023,Masculino,Não informado,57,27,17852952.43,8541877.14,4,1,7,6
2023,Masculino,Parda,49,18,13364014.82,5342242.82,4,1,7,6
2023,Masculino,Preta,15,6,2909242.33,865508.47,4,1,7,6
2023,Feminino,Branca,190,62,40756451.02,5850379.92,4,1,7,7
2023,Feminino,Não informado,13,8,2769950.71,1301178.31,4,1,7,7
2023,Feminino,Parda,15,8,2333690.67,696944.00,4,1,7,7
2023,Feminino,Preta,4,1,853995.10,65000.00,4,1,7,7
2023,Masculino,Branca,134,58,29616441.04,9661947.52,4,1,7,7
2023,Masculino,Indígena,4,2,870018.56,85500.00,4,1,7,7
2023,Masculino,Não informado,25,11,5997521.13,1335182.68,4,1,7,7
2023,Masculino,Parda,19,4,4814417.13,254280.00,4,1,7,7
2023,Masculino,Preta,3,0,606326.27,0.00,4,1,7,7
2023,Masculino,Não informado,1,1,18600.00,18600.00,4,3,1,6
2023,Feminino,Parda,1,0,21700.00,0.00,4,3,3,1
2023,Feminino,Branca,1,0,22600.00,0.00,4,3,3,3
2023,Masculino,Não informado,1,0,18600.00,0.00,4,3,3,3
2023,Feminino,Branca,3,2,50800.00,31000.00,4,3,3,6
2023,Feminino,Parda,1,0,20000.00,0.00,4,3,3,6
2023,Masculino,Branca,3,1,61700.00,18500.00,4,3,3,6
2023,Feminino,Branca,4,0,78400.00,0.00,4,3,3,7
2023,Feminino,Amarela,1,0,39600.00,0.00,4,3,10,1
2023,Feminino,Branca,52,16,2059200.00,673200.00,4,3,10,1
2023,Feminino,Indígena,2,0,79200.00,0.00,4,3,10,1
2023,Feminino,Não informado,4,1,158400.00,39600.00,4,3,10,1
2023,Feminino,Parda,19,4,752400.00,158400.00,4,3,10,1
2023,Feminino,Preta,4,0,158400.00,0.00,4,3,10,1
2023,Masculino,Amarela,1,1,39600.00,39600.00,4,3,10,1
2023,Masculino,Branca,58,16,2296800.00,699600.00,4,3,10,1
2023,Masculino,Não informado,19,5,752400.00,198000.00,4,3,10,1
2023,Masculino,Parda,20,2,792000.00,79200.00,4,3,10,1
2023,Masculino,Preta,7,0,277200.00,0.00,4,3,10,1
2023,Feminino,Amarela,1,0,39600.00,0.00,4,3,10,3
2023,Feminino,Branca,78,23,3088800.00,976800.00,4,3,10,3
2023,Feminino,Não informado,8,2,369600.00,92400.00,4,3,10,3
2023,Feminino,Parda,48,8,1927200.00,343200.00,4,3,10,3
2023,Feminino,Preta,14,3,554400.00,132000.00,4,3,10,3
2023,Masculino,Branca,89,18,3550800.00,818400.00,4,3,10,3
2023,Masculino,Não informado,34,6,1372800.00,264000.00,4,3,10,3
2023,Masculino,Parda,67,13,2653200.00,607200.00,4,3,10,3
2023,Masculino,Preta,18,5,712800.00,237600.00,4,3,10,3
2023,Feminino,Branca,25,7,990000.00,303600.00,4,3,10,4
2023,Feminino,Não informado,3,0,118800.00,0.00,4,3,10,4
2023,Feminino,Parda,10,2,396000.00,79200.00,4,3,10,4
2023,Feminino,Preta,3,1,118800.00,52800.00,4,3,10,4
2023,Masculino,Branca,21,1,831600.00,52800.00,4,3,10,4
2023,Masculino,Não informado,6,3,237600.00,132000.00,4,3,10,4
2023,Masculino,Parda,20,4,792000.00,198000.00,4,3,10,4
2023,Masculino,Preta,5,0,198000.00,0.00,4,3,10,4
2023,Feminino,Amarela,7,2,277200.00,92400.00,4,3,10,6
2023,Feminino,Branca,290,79,11668800.00,3616800.00,4,3,10,6
2023,Feminino,Não informado,51,20,2072400.00,897600.00,4,3,10,6
2023,Feminino,Parda,48,10,1927200.00,435600.00,4,3,10,6
2023,Feminino,Preta,13,3,514800.00,132000.00,4,3,10,6
2023,Masculino,Amarela,1,0,39600.00,0.00,4,3,10,6
2023,Masculino,Branca,306,114,12276000.00,5451600.00,4,3,10,6
2023,Masculino,Indígena,3,2,118800.00,79200.00,4,3,10,6
2023,Masculino,Não informado,90,29,3564000.00,1293600.00,4,3,10,6
2023,Masculino,Parda,56,8,2244000.00,356400.00,4,3,10,6
2023,Masculino,Preta,11,3,462000.00,118800.00,4,3,10,6
2023,Feminino,Branca,203,62,8091600.00,2772000.00,4,3,10,7
2023,Feminino,Não informado,23,9,937200.00,409200.00,4,3,10,7
2023,Feminino,Parda,16,6,633600.00,277200.00,4,3,10,7
2023,Feminino,Preta,4,0,158400.00,0.00,4,3,10,7
2023,Masculino,Amarela,1,0,39600.00,0.00,4,3,10,7
2023,Masculino,Branca,160,35,6388800.00,1597200.00,4,3,10,7
2023,Masculino,Indígena,2,1,79200.00,52800.00,4,3,10,7
2023,Masculino,Não informado,33,9,1306800.00,422400.00,4,3,10,7
2023,Masculino,Parda,19,6,752400.00,277200.00,4,3,10,7
2023,Masculino,Preta,7,1,277200.00,39600.00,4,3,10,7
2023,Feminino,Branca,10,6,713600.00,410960.00,4,3,12,1
2023,Feminino,Não informado,2,0,156320.00,0.00,4,3,12,1
2023,Feminino,Parda,3,1,204480.00,68160.00,4,3,12,1
2023,Feminino,Preta,1,1,81160.00,81160.00,4,3,12,1
2023,Masculino,Branca,6,0,423860.00,0.00,4,3,12,1
2023,Masculino,Não informado,3,0,235880.00,0.00,4,3,12,1
2023,Masculino,Parda,4,1,272840.00,68360.00,4,3,12,1
2023,Masculino,Preta,2,0,142320.00,0.00,4,3,12,1
2023,Feminino,Amarela,1,0,74160.00,0.00,4,3,12,3
2023,Feminino,Branca,21,2,1473680.00,146320.00,4,3,12,3
2023,Feminino,Não informado,5,0,349000.00,0.00,4,3,12,3
2023,Feminino,Parda,20,1,1405250.00,68160.00,4,3,12,3
2023,Feminino,Preta,2,0,136320.00,0.00,4,3,12,3
2023,Masculino,Branca,10,1,689020.00,68160.00,4,3,12,3
2023,Masculino,Não informado,2,1,142800.00,68160.00,4,3,12,3
2023,Masculino,Parda,6,0,428960.00,0.00,4,3,12,3
2023,Masculino,Preta,8,2,547880.00,136320.00,4,3,12,3
2023,Feminino,Branca,2,0,138820.00,0.00,4,3,12,4
2023,Feminino,Parda,3,1,206830.00,70510.00,4,3,12,4
2023,Masculino,Branca,3,1,215770.00,69450.00,4,3,12,4
2023,Masculino,Não informado,1,0,73160.00,0.00,4,3,12,4
2023,Masculino,Parda,4,1,273890.00,68160.00,4,3,12,4
2023,Feminino,Amarela,1,0,68160.00,0.00,4,3,12,6
2023,Feminino,Branca,93,15,6388750.00,1034400.00,4,3,12,6
2023,Feminino,Não informado,24,8,1697940.00,555280.00,4,3,12,6
2023,Feminino,Parda,25,7,1666786.00,461080.00,4,3,12,6
2023,Feminino,Preta,5,2,340800.00,136320.00,4,3,12,6
2023,Masculino,Amarela,3,0,204480.00,0.00,4,3,12,6
2023,Masculino,Branca,71,13,4914114.00,911434.00,4,3,12,6
2023,Masculino,Indígena,1,0,68660.00,0.00,4,3,12,6
2023,Masculino,Não informado,27,2,1847920.03,136320.00,4,3,12,6
2023,Masculino,Parda,30,5,2084058.25,342550.00,4,3,12,6
2023,Masculino,Preta,15,2,1051270.00,137320.00,4,3,12,6
2023,Feminino,Amarela,1,0,68160.00,0.00,4,3,12,7
2023,Feminino,Branca,74,17,5121460.00,1169770.00,4,3,12,7
2023,Feminino,Não informado,8,2,558176.00,138320.00,4,3,12,7
2023,Feminino,Parda,9,2,616540.00,136320.00,4,3,12,7
2023,Masculino,Branca,53,9,3642210.00,618840.00,4,3,12,7
2023,Masculino,Não informado,6,1,418760.00,72960.00,4,3,12,7
2023,Masculino,Parda,6,3,415910.00,210680.00,4,3,12,7
2023,Masculino,Preta,2,1,137520.00,69360.00,4,3,12,7
2023,Feminino,Branca,12,0,785530.00,0.00,4,3,13,1
2023,Feminino,Não informado,1,0,71760.00,0.00,4,3,13,1
2023,Feminino,Parda,7,1,517070.00,72760.00,4,3,13,1
2023,Masculino,Branca,12,2,893420.00,151520.00,4,3,13,1
2023,Masculino,Não informado,4,1,304040.00,83760.00,4,3,13,1
2023,Masculino,Parda,3,1,225880.00,72360.00,4,3,13,1
2023,Masculino,Preta,1,0,71760.00,0.00,4,3,13,1
2023,Feminino,Branca,1,0,121760.00,0.00,4,3,13,2
2023,Feminino,Não informado,1,0,37880.00,0.00,4,3,13,2
2023,Feminino,Preta,1,0,77760.00,0.00,4,3,13,2
2023,Masculino,Não informado,1,0,77260.00,0.00,4,3,13,2
2023,Feminino,Branca,18,2,1332540.00,172320.00,4,3,13,3
2023,Feminino,Indígena,1,0,71760.00,0.00,4,3,13,3
2023,Feminino,Não informado,4,1,297540.00,74760.00,4,3,13,3
2023,Feminino,Parda,11,0,836575.00,0.00,4,3,13,3
2023,Feminino,Preta,4,0,289040.00,0.00,4,3,13,3
2023,Masculino,Branca,16,1,1175680.00,71760.00,4,3,13,3
2023,Masculino,Indígena,1,0,41860.00,0.00,4,3,13,3
2023,Masculino,Não informado,5,0,360300.00,0.00,4,3,13,3
2023,Masculino,Parda,18,3,1312940.00,208340.00,4,3,13,3
2023,Masculino,Preta,6,1,478610.00,71760.00,4,3,13,3
2023,Feminino,Branca,1,0,81760.00,0.00,4,3,13,4
2023,Feminino,Não informado,3,1,215780.00,71760.00,4,3,13,4
2023,Feminino,Parda,2,1,153320.00,78460.00,4,3,13,4
2023,Masculino,Branca,6,0,444100.00,0.00,4,3,13,4
2023,Masculino,Parda,3,1,218280.00,71760.00,4,3,13,4
2023,Feminino,Amarela,1,0,86760.00,0.00,4,3,13,6
2023,Feminino,Branca,64,8,4614640.00,543100.00,4,3,13,6
2023,Feminino,Não informado,16,0,1177160.00,0.00,4,3,13,6
2023,Feminino,Parda,18,3,1299830.00,216030.00,4,3,13,6
2023,Feminino,Preta,6,0,401598.00,0.00,4,3,13,6
2023,Masculino,Branca,47,6,3365820.00,460060.00,4,3,13,6
2023,Masculino,Indígena,1,1,83760.00,83760.00,4,3,13,6
2023,Masculino,Não informado,20,2,1463400.00,146120.00,4,3,13,6
2023,Masculino,Parda,23,2,1700960.00,126580.00,4,3,13,6
2023,Masculino,Preta,6,1,501560.00,71760.00,4,3,13,6
2023,Feminino,Branca,40,5,2857227.04,359400.00,4,3,13,7
2023,Feminino,Não informado,3,1,218740.00,72720.00,4,3,13,7
2023,Feminino,Parda,2,0,108640.00,0.00,4,3,13,7
2023,Feminino,Preta,1,0,76760.00,0.00,4,3,13,7
2023,Masculino,Branca,21,2,1506960.00,148520.00,4,3,13,7
2023,Masculino,Não informado,4,1,255980.00,71760.00,4,3,13,7
2023,Masculino,Parda,13,1,955630.00,71760.00,4,3,13,7
2023,Masculino,Preta,5,0,377250.00,0.00,4,3,13,7
2023,Feminino,Amarela,1,1,127920.00,127920.00,5,1,7,1
2023,Feminino,Branca,33,19,5745228.04,1858024.46,5,1,7,1
2023,Feminino,Não informado,2,1,253484.28,50000.00,5,1,7,1
2023,Feminino,Parda,9,1,3976120.35,63160.00,5,1,7,1
2023,Feminino,Preta,1,1,200000.00,21000.00,5,1,7,1
2023,Masculino,Amarela,1,0,137500.00,0.00,5,1,7,1
2023,Masculino,Branca,45,23,9596726.45,1710324.01,5,1,7,1
2023,Masculino,Não informado,6,2,1100272.37,178220.03,5,1,7,1
2023,Masculino,Parda,13,5,2088164.70,325486.13,5,1,7,1
2023,Masculino,Preta,6,5,871542.25,383750.85,5,1,7,1
2023,Feminino,Branca,4,0,984550.95,0.00,5,1,7,2
2023,Feminino,Não informado,1,1,137242.25,137242.25,5,1,7,2
2023,Masculino,Branca,4,1,466499.27,170637.34,5,1,7,2
2023,Masculino,Não informado,1,1,135995.87,135995.87,5,1,7,2
2023,Masculino,Parda,3,1,442507.89,135664.06,5,1,7,2
2023,Masculino,Preta,1,0,3338981.76,0.00,5,1,7,2
2023,Feminino,Amarela,1,0,143100.00,0.00,5,1,7,3
2023,Feminino,Branca,52,28,9822064.30,2219863.01,5,1,7,3
2023,Feminino,Indígena,1,1,182361.83,130361.83,5,1,7,3
2023,Feminino,Não informado,16,7,3133498.91,511262.89,5,1,7,3
2023,Feminino,Parda,34,11,4758437.08,394456.64,5,1,7,3
2023,Feminino,Preta,10,5,1802609.42,504834.17,5,1,7,3
2023,Masculino,Branca,88,42,14118984.62,2835091.60,5,1,7,3
2023,Masculino,Indígena,2,0,595760.00,0.00,5,1,7,3
2023,Masculino,Não informado,16,8,2429275.49,444080.00,5,1,7,3
2023,Masculino,Parda,47,19,7513988.23,1107137.83,5,1,7,3
2023,Masculino,Preta,4,1,2327986.69,20000.00,5,1,7,3
2023,Feminino,Branca,10,2,2347501.00,44702.00,5,1,7,4
2023,Feminino,Não informado,3,1,676993.95,40000.00,5,1,7,4
2023,Feminino,Parda,7,3,905639.10,121548.00,5,1,7,4
2023,Feminino,Preta,2,1,1337702.95,16000.00,5,1,7,4
2023,Masculino,Branca,14,7,1882286.81,522114.07,5,1,7,4
2023,Masculino,Não informado,1,1,447173.36,387173.80,5,1,7,4
2023,Masculino,Parda,13,3,3750480.50,170000.00,5,1,7,4
2023,Masculino,Preta,5,2,754870.00,158320.00,5,1,7,4
2023,Feminino,Amarela,5,5,827505.10,706247.50,5,1,7,6
2023,Feminino,Branca,159,78,26492522.12,4529058.23,5,1,7,6
2023,Feminino,Indígena,2,1,327406.45,30000.00,5,1,7,6
2023,Feminino,Não informado,19,7,3323383.41,470440.25,5,1,7,6
2023,Feminino,Parda,24,16,4284646.80,1311553.89,5,1,7,6
2023,Feminino,Preta,5,2,1252911.42,402169.65,5,1,7,6
2023,Masculino,Amarela,5,3,612167.44,151400.00,5,1,7,6
2023,Masculino,Branca,195,94,37906573.91,7874791.57,5,1,7,6
2023,Masculino,Indígena,1,0,180000.00,0.00,5,1,7,6
2023,Masculino,Não informado,32,12,5355875.77,609894.40,5,1,7,6
2023,Masculino,Parda,30,16,6231872.27,1460666.88,5,1,7,6
2023,Masculino,Preta,5,4,1788398.39,1384270.39,5,1,7,6
2023,Feminino,Amarela,1,1,70000.00,44800.00,5,1,7,7
2023,Feminino,Branca,128,63,22269499.49,4670922.86,5,1,7,7
2023,Feminino,Não informado,8,0,1420795.10,0.00,5,1,7,7
2023,Feminino,Parda,7,5,1668969.97,286450.75,5,1,7,7
2023,Feminino,Preta,3,3,251221.65,159568.49,5,1,7,7
2023,Masculino,Amarela,4,2,744148.97,33000.00,5,1,7,7
2023,Masculino,Branca,156,72,36589584.17,13896145.42,5,1,7,7
2023,Masculino,Não informado,10,3,1565147.09,540630.08,5,1,7,7
2023,Masculino,Parda,8,6,1037509.25,133950.00,5,1,7,7
2023,Masculino,Preta,3,0,620004.17,0.00,5,1,7,7
2023,Masculino,Branca,1,1,9300.00,9300.00,5,3,1,7
2023,Feminino,Branca,1,1,22100.00,22100.00,5,3,3,3
2023,Masculino,Parda,1,0,18600.00,0.00,5,3,3,3
2023,Feminino,Branca,1,0,19100.00,0.00,5,3,3,6
2023,Masculino,Branca,1,1,19100.00,19100.00,5,3,3,6
2023,Masculino,Não informado,1,1,21600.00,21600.00,5,3,3,6
2023,Masculino,Branca,2,0,29900.00,0.00,5,3,3,7
2023,Masculino,Não informado,1,0,19500.00,0.00,5,3,3,7
2023,Feminino,Branca,25,10,1016400.00,448800.00,5,3,10,1
2023,Feminino,Não informado,2,0,79200.00,0.00,5,3,10,1
2023,Feminino,Parda,5,0,198000.00,0.00,5,3,10,1
2023,Feminino,Preta,2,0,79200.00,0.00,5,3,10,1
2023,Masculino,Amarela,1,0,39600.00,0.00,5,3,10,1
2023,Masculino,Branca,47,11,1914000.00,554400.00,5,3,10,1
2023,Masculino,Indígena,1,0,39600.00,0.00,5,3,10,1
2023,Masculino,Não informado,6,2,237600.00,79200.00,5,3,10,1
2023,Masculino,Parda,13,0,514800.00,0.00,5,3,10,1
2023,Masculino,Preta,2,0,79200.00,0.00,5,3,10,1
2023,Feminino,Amarela,2,0,79200.00,0.00,5,3,10,3
2023,Feminino,Branca,60,11,2376000.00,462000.00,5,3,10,3
2023,Feminino,Indígena,1,0,39600.00,0.00,5,3,10,3
2023,Feminino,Não informado,19,5,752400.00,237600.00,5,3,10,3
2023,Feminino,Parda,21,4,831600.00,158400.00,5,3,10,3
2023,Feminino,Preta,8,1,316800.00,39600.00,5,3,10,3
2023,Masculino,Branca,77,16,3075600.00,739200.00,5,3,10,3
2023,Masculino,Indígena,3,1,118800.00,39600.00,5,3,10,3
2023,Masculino,Não informado,17,4,673200.00,171600.00,5,3,10,3
2023,Masculino,Parda,37,8,1465200.00,330000.00,5,3,10,3
2023,Masculino,Preta,8,0,343200.00,0.00,5,3,10,3
2023,Feminino,Branca,5,2,198000.00,92400.00,5,3,10,4
2023,Feminino,Não informado,2,0,79200.00,0.00,5,3,10,4
2023,Feminino,Parda,10,1,396000.00,39600.00,5,3,10,4
2023,Feminino,Preta,2,1,79200.00,39600.00,5,3,10,4
2023,Masculino,Branca,12,2,475200.00,79200.00,5,3,10,4
2023,Masculino,Não informado,2,1,79200.00,39600.00,5,3,10,4
2023,Masculino,Parda,14,2,554400.00,79200.00,5,3,10,4
2023,Feminino,Amarela,5,2,224400.00,105600.00,5,3,10,6
2023,Feminino,Branca,210,55,8368800.00,2415600.00,5,3,10,6
2023,Feminino,Não informado,26,9,1029600.00,422400.00,5,3,10,6
2023,Feminino,Parda,24,6,950400.00,250800.00,5,3,10,6
2023,Feminino,Preta,6,1,237600.00,39600.00,5,3,10,6
2023,Masculino,Amarela,7,3,277200.00,145200.00,5,3,10,6
2023,Masculino,Branca,259,55,10309200.00,2455200.00,5,3,10,6
2023,Masculino,Indígena,1,0,39600.00,0.00,5,3,10,6
2023,Masculino,Não informado,52,11,2085600.00,488400.00,5,3,10,6
2023,Masculino,Parda,33,6,1333200.00,237600.00,5,3,10,6
2023,Masculino,Preta,10,1,396000.00,39600.00,5,3,10,6
2023,Feminino,Amarela,2,0,79200.00,0.00,5,3,10,7
2023,Feminino,Branca,138,36,5491200.00,1478400.00,5,3,10,7
2023,Feminino,Não informado,11,1,435600.00,39600.00,5,3,10,7
2023,Feminino,Parda,7,1,277200.00,39600.00,5,3,10,7
2023,Feminino,Preta,3,0,118800.00,0.00,5,3,10,7
2023,Masculino,Amarela,1,0,39600.00,0.00,5,3,10,7
2023,Masculino,Branca,154,37,6098400.00,1623600.00,5,3,10,7
2023,Masculino,Não informado,16,3,633600.00,145200.00,5,3,10,7
2023,Masculino,Parda,15,2,594000.00,92400.00,5,3,10,7
2023,Masculino,Preta,3,1,118800.00,39600.00,5,3,10,7
2023,Feminino,Branca,4,1,278640.00,68160.00,5,3,12,1
2023,Feminino,Parda,2,0,142320.00,0.00,5,3,12,1
2023,Masculino,Branca,4,0,273640.00,0.00,5,3,12,1
2023,Masculino,Não informado,1,0,68160.00,0.00,5,3,12,1
2023,Masculino,Parda,1,0,68160.00,0.00,5,3,12,1
2023,Feminino,Branca,11,2,758260.00,141320.00,5,3,12,3
2023,Feminino,Não informado,2,0,142320.00,0.00,5,3,12,3
2023,Feminino,Parda,6,0,482760.00,0.00,5,3,12,3
2023,Feminino,Preta,2,0,144020.00,0.00,5,3,12,3
2023,Masculino,Branca,5,1,343800.00,68160.00,5,3,12,3
2023,Masculino,Não informado,3,0,204480.00,0.00,5,3,12,3
2023,Masculino,Parda,8,2,551300.00,141840.00,5,3,12,3
2023,Masculino,Preta,1,0,70160.00,0.00,5,3,12,3
2023,Feminino,Branca,2,0,141520.00,0.00,5,3,12,4
2023,Feminino,Não informado,1,0,68160.00,0.00,5,3,12,4
2023,Feminino,Parda,1,0,68160.00,0.00,5,3,12,4
2023,Masculino,Branca,1,0,68160.00,0.00,5,3,12,4
2023,Masculino,Parda,1,1,68160.00,68160.00,5,3,12,4
2023,Feminino,Branca,42,10,2897000.00,692100.00,5,3,12,6
2023,Feminino,Não informado,7,1,477960.00,68160.00,5,3,12,6
2023,Feminino,Parda,8,1,550370.00,68910.00,5,3,12,6
2023,Feminino,Preta,6,1,483160.00,74160.00,5,3,12,6
2023,Masculino,Amarela,1,1,68160.00,68160.00,5,3,12,6
2023,Masculino,Branca,45,11,3176687.20,757460.00,5,3,12,6
2023,Masculino,Não informado,5,3,358800.00,207480.00,5,3,12,6
2023,Masculino,Parda,15,3,1038302.40,206480.00,5,3,12,6
2023,Masculino,Preta,3,0,206238.00,0.00,5,3,12,6
2023,Feminino,Amarela,2,1,139320.00,68160.00,5,3,12,7
2023,Feminino,Branca,31,6,2168060.00,408960.00,5,3,12,7
2023,Feminino,Não informado,2,0,142320.00,0.00,5,3,12,7
2023,Feminino,Parda,3,0,199100.00,0.00,5,3,12,7
2023,Feminino,Preta,2,0,137320.00,0.00,5,3,12,7
2023,Masculino,Branca,20,2,1398650.00,137520.00,5,3,12,7
2023,Masculino,Não informado,2,0,136320.00,0.00,5,3,12,7
2023,Masculino,Parda,1,0,68160.00,0.00,5,3,12,7
2023,Masculino,Preta,4,0,272640.00,0.00,5,3,12,7
2023,Feminino,Amarela,1,0,73260.00,0.00,5,3,13,1
2023,Feminino,Branca,5,1,371700.00,72160.00,5,3,13,1
2023,Feminino,Não informado,2,0,110640.00,0.00,5,3,13,1
2023,Feminino,Parda,3,0,220780.00,0.00,5,3,13,1
2023,Masculino,Branca,2,0,143720.00,0.00,5,3,13,1
2023,Masculino,Preta,1,0,77260.00,0.00,5,3,13,1
2023,Feminino,Branca,7,1,521820.00,72760.00,5,3,13,3
2023,Feminino,Não informado,1,0,72760.00,0.00,5,3,13,3
2023,Feminino,Parda,7,0,498767.00,0.00,5,3,13,3
2023,Feminino,Preta,1,0,74760.00,0.00,5,3,13,3
2023,Masculino,Amarela,1,1,71760.00,71760.00,5,3,13,3
2023,Masculino,Branca,9,0,669040.00,0.00,5,3,13,3
2023,Masculino,Não informado,1,0,71760.00,0.00,5,3,13,3
2023,Masculino,Parda,7,0,526280.00,0.00,5,3,13,3
2023,Masculino,Preta,2,0,156520.00,0.00,5,3,13,3
2023,Feminino,Branca,1,0,71760.00,0.00,5,3,13,4
2023,Masculino,Branca,3,1,238280.00,71760.00,5,3,13,4
2023,Feminino,Amarela,1,0,71760.00,0.00,5,3,13,6
2023,Feminino,Branca,27,7,1950286.00,494966.00,5,3,13,6
2023,Feminino,Indígena,1,0,81760.00,0.00,5,3,13,6
2023,Feminino,Não informado,6,1,387720.00,71760.00,5,3,13,6
2023,Feminino,Parda,5,1,369450.00,72510.00,5,3,13,6
2023,Feminino,Preta,3,0,137080.00,0.00,5,3,13,6
2023,Masculino,Branca,23,1,1619130.00,77260.00,5,3,13,6
2023,Masculino,Não informado,6,1,443260.00,77760.00,5,3,13,6
2023,Masculino,Parda,8,1,631080.00,85760.00,5,3,13,6
2023,Feminino,Branca,17,0,1179180.00,0.00,5,3,13,7
2023,Feminino,Parda,1,0,81760.00,0.00,5,3,13,7
2023,Feminino,Preta,2,0,166520.00,0.00,5,3,13,7
2023,Masculino,Branca,13,0,923980.00,0.00,5,3,13,7
2023,Masculino,Não informado,1,0,71760.00,0.00,5,3,13,7
2023,Masculino,Parda,4,1,284850.00,72510.00,5,3,13,7
2023,Feminino,Amarela,3,0,710060.00,0.00,6,1,7,1
2023,Feminino,Branca,104,31,51429809.38,16543208.47,6,1,7,1
2023,Feminino,Não informado,4,1,1765053.13,132834.47,6,1,7,1
2023,Feminino,Parda,34,8,9846099.74,2106376.81,6,1,7,1
2023,Feminino,Preta,2,1,730190.00,510310.00,6,1,7,1
2023,Masculino,Amarela,2,0,609300.00,0.00,6,1,7,1
2023,Masculino,Branca,59,16,23987723.22,9317075.82,6,1,7,1
2023,Masculino,Indígena,1,0,148500.00,0.00,6,1,7,1
2023,Masculino,Não informado,8,3,2140541.99,943074.57,6,1,7,1
2023,Masculino,Parda,30,8,11538203.40,1774748.04,6,1,7,1
2023,Masculino,Preta,6,0,1780630.00,0.00,6,1,7,1
2023,Feminino,Branca,14,5,2644622.42,723319.20,6,1,7,2
2023,Feminino,Não informado,1,1,136458.70,136458.70,6,1,7,2
2023,Feminino,Parda,2,0,257580.26,0.00,6,1,7,2
2023,Masculino,Branca,7,1,2690712.21,1499895.80,6,1,7,2
2023,Masculino,Não informado,1,0,155428.10,0.00,6,1,7,2
2023,Masculino,Parda,3,1,1766149.22,1257800.00,6,1,7,2
2023,Feminino,Amarela,4,1,1827310.00,1497060.00,6,1,7,3
2023,Feminino,Branca,280,83,96603215.33,28841305.05,6,1,7,3
2023,Feminino,Indígena,1,0,137242.25,0.00,6,1,7,3
2023,Feminino,Não informado,18,6,6205333.78,1047625.33,6,1,7,3
2023,Feminino,Parda,143,36,40678002.08,7847970.26,6,1,7,3
2023,Feminino,Preta,30,4,12668448.51,948042.06,6,1,7,3
2023,Masculino,Amarela,4,1,865435.00,137500.00,6,1,7,3
2023,Masculino,Branca,201,65,84859059.77,11245969.54,6,1,7,3
2023,Masculino,Indígena,2,0,1566670.00,0.00,6,1,7,3
2023,Masculino,Não informado,26,5,10089059.45,527322.38,6,1,7,3
2023,Masculino,Parda,134,33,49505453.72,8415351.24,6,1,7,3
2023,Masculino,Preta,14,7,6169127.23,1289514.80,6,1,7,3
2023,Feminino,Amarela,4,1,496337.64,49000.00,6,1,7,4
2023,Feminino,Branca,26,6,15602893.05,2693868.00,6,1,7,4
2023,Feminino,Não informado,1,0,42630.00,0.00,6,1,7,4
2023,Feminino,Parda,37,6,22056209.26,3076541.98,6,1,7,4
2023,Feminino,Preta,1,1,20000.00,20000.00,6,1,7,4
2023,Masculino,Amarela,1,0,274580.00,0.00,6,1,7,4
2023,Masculino,Branca,47,10,18541569.66,3375859.70,6,1,7,4
2023,Masculino,Não informado,3,1,1353186.80,958580.00,6,1,7,4
2023,Masculino,Parda,34,6,20291910.24,4094318.50,6,1,7,4
2023,Masculino,Preta,10,2,10243300.38,715220.00,6,1,7,4
2023,Feminino,Amarela,31,14,9118302.09,6953642.62,6,1,7,6
2023,Feminino,Branca,694,200,324805320.55,86499179.23,6,1,7,6
2023,Feminino,Indígena,2,0,336420.00,0.00,6,1,7,6
2023,Feminino,Não informado,36,10,17503186.12,1354503.92,6,1,7,6
2023,Feminino,Parda,74,25,20227600.12,4437236.27,6,1,7,6
2023,Feminino,Preta,19,3,6846165.40,752572.60,6,1,7,6
2023,Masculino,Amarela,9,2,3120702.09,998457.09,6,1,7,6
2023,Masculino,Branca,467,116,260226662.44,54991070.08,6,1,7,6
2023,Masculino,Não informado,49,9,55187529.89,29895921.32,6,1,7,6
2023,Masculino,Parda,71,16,29737054.84,4833711.75,6,1,7,6
2023,Masculino,Preta,11,1,3833803.94,91400.00,6,1,7,6
2023,Feminino,Amarela,3,0,1622357.65,0.00,6,1,7,7
2023,Feminino,Branca,321,84,111940937.05,15075132.08,6,1,7,7
2023,Feminino,Não informado,6,1,1791728.71,110041.74,6,1,7,7
2023,Feminino,Parda,6,1,1505773.76,20000.00,6,1,7,7
2023,Feminino,Preta,3,0,737198.50,0.00,6,1,7,7
2023,Masculino,Amarela,2,0,1648310.00,0.00,6,1,7,7
2023,Masculino,Branca,212,64,100703626.17,25401200.63,6,1,7,7
2023,Masculino,Não informado,13,3,6207458.36,368860.00,6,1,7,7
2023,Masculino,Parda,19,4,4869692.17,553790.64,6,1,7,7
2023,Masculino,Preta,5,1,618626.13,45000.00,6,1,7,7
2023,Feminino,Parda,1,0,21600.00,0.00,6,3,3,2
2023,Feminino,Branca,1,0,15500.00,0.00,6,3,3,3
2023,Feminino,Preta,1,1,20100.00,20100.00,6,3,3,3
2023,Masculino,Branca,1,1,24600.00,24600.00,6,3,3,3
2023,Masculino,Parda,2,1,39700.00,18600.00,6,3,3,3
2023,Feminino,Branca,2,0,46200.00,0.00,6,3,3,6
2023,Masculino,Branca,1,0,20100.00,0.00,6,3,3,6
2023,Masculino,Parda,1,1,22200.00,22200.00,6,3,3,6
2023,Feminino,Amarela,1,1,39600.00,39600.00,6,3,10,1
2023,Feminino,Branca,39,8,1544400.00,356400.00,6,3,10,1
2023,Feminino,Não informado,4,2,158400.00,79200.00,6,3,10,1
2023,Feminino,Parda,8,1,316800.00,39600.00,6,3,10,1
2023,Masculino,Amarela,1,0,39600.00,0.00,6,3,10,1
2023,Masculino,Branca,22,3,871200.00,132000.00,6,3,10,1
2023,Masculino,Indígena,1,0,39600.00,0.00,6,3,10,1
2023,Masculino,Não informado,1,0,39600.00,0.00,6,3,10,1
2023,Masculino,Parda,7,0,277200.00,0.00,6,3,10,1
2023,Masculino,Preta,2,0,79200.00,0.00,6,3,10,1
2023,Feminino,Amarela,3,0,118800.00,0.00,6,3,10,3
2023,Feminino,Branca,105,18,4184400.00,792000.00,6,3,10,3
2023,Feminino,Não informado,8,2,316800.00,105600.00,6,3,10,3
2023,Feminino,Parda,43,6,1702800.00,277200.00,6,3,10,3
2023,Feminino,Preta,5,0,198000.00,0.00,6,3,10,3
2023,Masculino,Amarela,3,0,118800.00,0.00,6,3,10,3
2023,Masculino,Branca,78,14,3115200.00,660000.00,6,3,10,3
2023,Masculino,Não informado,7,2,277200.00,92400.00,6,3,10,3
2023,Masculino,Parda,38,8,1504800.00,356400.00,6,3,10,3
2023,Masculino,Preta,6,0,237600.00,0.00,6,3,10,3
2023,Feminino,Branca,6,0,237600.00,0.00,6,3,10,4
2023,Feminino,Não informado,1,0,39600.00,0.00,6,3,10,4
2023,Feminino,Parda,9,1,356400.00,39600.00,6,3,10,4
2023,Masculino,Branca,16,1,633600.00,52800.00,6,3,10,4
2023,Masculino,Não informado,1,0,39600.00,0.00,6,3,10,4
2023,Masculino,Parda,4,0,158400.00,0.00,6,3,10,4
2023,Masculino,Preta,1,1,39600.00,52800.00,6,3,10,4
2023,Feminino,Amarela,17,3,673200.00,132000.00,6,3,10,6
2023,Feminino,Branca,398,94,15945600.00,4633200.00,6,3,10,6
2023,Feminino,Não informado,22,4,871200.00,211200.00,6,3,10,6
2023,Feminino,Parda,35,6,1386000.00,303600.00,6,3,10,6
2023,Feminino,Preta,8,0,316800.00,0.00,6,3,10,6
2023,Masculino,Amarela,7,0,277200.00,0.00,6,3,10,6
2023,Masculino,Branca,289,79,11655600.00,4012800.00,6,3,10,6
2023,Masculino,Indígena,1,1,39600.00,52800.00,6,3,10,6
2023,Masculino,Não informado,30,14,1188000.00,699600.00,6,3,10,6
2023,Masculino,Parda,33,3,1306800.00,132000.00,6,3,10,6
2023,Masculino,Preta,3,1,118800.00,39600.00,6,3,10,6
2023,Feminino,Amarela,2,1,79200.00,52800.00,6,3,10,7
2023,Feminino,Branca,154,29,6124800.00,1399200.00,6,3,10,7
2023,Feminino,Não informado,2,0,79200.00,0.00,6,3,10,7
2023,Feminino,Parda,3,0,118800.00,0.00,6,3,10,7
2023,Masculino,Amarela,3,1,118800.00,66000.00,6,3,10,7
2023,Masculino,Branca,97,19,3841200.00,910800.00,6,3,10,7
2023,Masculino,Não informado,9,0,356400.00,0.00,6,3,10,7
2023,Masculino,Parda,10,4,396000.00,198000.00,6,3,10,7
2023,Feminino,Branca,7,2,477320.00,136320.00,6,3,12,1
2023,Feminino,Parda,6,1,408960.00,68160.00,6,3,12,1
2023,Masculino,Branca,6,1,419960.00,68160.00,6,3,12,1
2023,Masculino,Não informado,1,0,68160.00,0.00,6,3,12,1
2023,Masculino,Parda,5,0,346050.00,0.00,6,3,12,1
2023,Masculino,Preta,1,0,68160.00,0.00,6,3,12,1
2023,Feminino,Amarela,1,0,68160.00,0.00,6,3,12,3
2023,Feminino,Branca,26,3,1778810.00,204480.00,6,3,12,3
2023,Feminino,Não informado,5,2,346800.00,136320.00,6,3,12,3
2023,Feminino,Parda,25,3,1737287.07,204480.00,6,3,12,3
2023,Feminino,Preta,1,0,68160.00,0.00,6,3,12,3
2023,Masculino,Branca,7,2,482620.00,136820.00,6,3,12,3
2023,Masculino,Indígena,1,1,68160.00,68160.00,6,3,12,3
2023,Masculino,Parda,13,3,906480.00,209480.00,6,3,12,3
2023,Masculino,Preta,5,1,340800.00,68160.00,6,3,12,3
2023,Feminino,Branca,4,0,340040.00,0.00,6,3,12,4
2023,Feminino,Parda,4,0,282640.00,0.00,6,3,12,4
2023,Feminino,Preta,1,0,68160.00,0.00,6,3,12,4
2023,Masculino,Branca,3,1,209480.00,68160.00,6,3,12,4
2023,Masculino,Parda,1,1,68160.00,68160.00,6,3,12,4
2023,Masculino,Preta,1,0,72660.00,0.00,6,3,12,4
2023,Feminino,Amarela,2,0,136380.00,0.00,6,3,12,6
2023,Feminino,Branca,129,29,8892530.00,1995640.00,6,3,12,6
2023,Feminino,Não informado,5,0,341800.00,0.00,6,3,12,6
2023,Feminino,Parda,29,8,1986440.00,545280.00,6,3,12,6
2023,Feminino,Preta,6,1,423960.00,68160.00,6,3,12,6
2023,Masculino,Amarela,3,0,204480.00,0.00,6,3,12,6
2023,Masculino,Branca,45,10,3094400.00,687600.00,6,3,12,6
2023,Masculino,Indígena,1,0,68160.00,0.00,6,3,12,6
2023,Masculino,Não informado,1,0,68160.00,0.00,6,3,12,6
2023,Masculino,Parda,15,2,1032928.00,143820.00,6,3,12,6
2023,Masculino,Preta,6,4,415760.00,275340.00,6,3,12,6
2023,Feminino,Amarela,1,1,73660.00,73660.00,6,3,12,7
2023,Feminino,Branca,77,14,5332906.00,955740.00,6,3,12,7
2023,Feminino,Não informado,2,0,142616.00,0.00,6,3,12,7
2023,Feminino,Parda,9,1,615090.00,68160.00,6,3,12,7
2023,Feminino,Preta,2,0,136320.00,0.00,6,3,12,7
2023,Masculino,Amarela,1,0,73160.00,0.00,6,3,12,7
2023,Masculino,Branca,35,13,2368820.00,860300.00,6,3,12,7
2023,Masculino,Não informado,2,1,136320.00,68160.00,6,3,12,7
2023,Masculino,Parda,2,2,136320.00,136320.00,6,3,12,7
2023,Feminino,Amarela,1,0,71760.00,0.00,6,3,13,1
2023,Feminino,Branca,1,0,71760.00,0.00,6,3,13,1
2023,Feminino,Parda,2,0,145520.00,0.00,6,3,13,1
2023,Feminino,Preta,1,0,72510.00,0.00,6,3,13,1
2023,Masculino,Branca,2,0,148520.00,0.00,6,3,13,1
2023,Masculino,Indígena,1,0,71760.00,0.00,6,3,13,1
2023,Masculino,Parda,1,0,71760.00,0.00,6,3,13,1
2023,Feminino,Branca,17,2,1293290.00,203630.00,6,3,13,3
2023,Feminino,Não informado,2,0,114620.00,0.00,6,3,13,3
2023,Feminino,Parda,7,0,526360.00,0.00,6,3,13,3
2023,Feminino,Preta,4,1,288640.00,71760.00,6,3,13,3
2023,Masculino,Branca,4,0,298540.00,0.00,6,3,13,3
2023,Masculino,Parda,2,0,163520.00,0.00,6,3,13,3
2023,Masculino,Preta,4,3,302040.00,215280.00,6,3,13,3
2023,Feminino,Branca,2,0,143520.00,0.00,6,3,13,4
2023,Feminino,Indígena,1,0,35880.00,0.00,6,3,13,4
2023,Feminino,Parda,2,0,144270.00,0.00,6,3,13,4
2023,Feminino,Preta,2,0,151520.00,0.00,6,3,13,4
2023,Masculino,Branca,1,1,71760.00,71760.00,6,3,13,4
2023,Feminino,Branca,59,8,4213390.00,557700.00,6,3,13,6
2023,Feminino,Não informado,2,0,143570.00,0.00,6,3,13,6
2023,Feminino,Parda,5,0,324720.00,0.00,6,3,13,6
2023,Feminino,Preta,3,0,221630.00,0.00,6,3,13,6
2023,Masculino,Amarela,1,0,71760.00,0.00,6,3,13,6
2023,Masculino,Branca,27,6,1970760.00,439560.00,6,3,13,6
2023,Masculino,Não informado,5,0,389600.00,0.00,6,3,13,6
2023,Masculino,Parda,12,1,904970.00,72510.00,6,3,13,6
2023,Masculino,Preta,1,0,77760.00,0.00,6,3,13,6
2023,Feminino,Branca,27,7,1994720.00,504820.00,6,3,13,7
2023,Feminino,Não informado,1,0,71760.00,0.00,6,3,13,7
2023,Feminino,Parda,1,0,71760.00,0.00,6,3,13,7
2023,Masculino,Branca,13,2,949730.00,146520.00,6,3,13,7
2023,Masculino,Parda,1,1,59800.00,59800.00,6,3,13,7
2023,Feminino,Branca,29,10,7813947.25,2970820.00,7,1,7,1
2023,Feminino,Não informado,3,1,869355.00,132000.00,7,1,7,1
2023,Feminino,Parda,7,2,2223065.00,66200.00,7,1,7,1
2023,Feminino,Preta,1,0,49500.00,0.00,7,1,7,1
2023,Masculino,Amarela,1,1,447577.82,494539.06,7,1,7,1
2023,Masculino,Branca,37,14,7657316.03,1958497.53,7,1,7,1
2023,Masculino,Não informado,9,1,1633366.05,54072.90,7,1,7,1
2023,Masculino,Parda,9,4,1757153.42,582705.37,7,1,7,1
2023,Masculino,Preta,6,0,1498000.16,0.00,7,1,7,1
2023,Feminino,Branca,7,4,1466836.01,499536.50,7,1,7,2
2023,Feminino,Parda,1,1,135664.06,135664.06,7,1,7,2
2023,Masculino,Branca,10,6,1806436.35,1023622.90,7,1,7,2
2023,Masculino,Parda,2,0,210736.65,0.00,7,1,7,2
2023,Masculino,Preta,1,1,137242.25,137242.25,7,1,7,2
2023,Feminino,Amarela,2,1,412500.00,112000.00,7,1,7,3
2023,Feminino,Branca,113,36,36330687.70,5951437.83,7,1,7,3
2023,Feminino,Não informado,20,8,5382999.87,2046706.30,7,1,7,3
2023,Feminino,Parda,38,14,13367329.20,2937398.37,7,1,7,3
2023,Feminino,Preta,9,4,2351969.39,828972.25,7,1,7,3
2023,Masculino,Amarela,7,4,1714457.13,1324186.13,7,1,7,3
2023,Masculino,Branca,182,57,55019440.45,13866029.40,7,1,7,3
2023,Masculino,Não informado,50,18,14449861.71,3146777.53,7,1,7,3
2023,Masculino,Parda,108,44,34967126.38,7737399.00,7,1,7,3
2023,Masculino,Preta,21,1,7768659.56,20000.00,7,1,7,3
2023,Feminino,Branca,10,4,4766718.13,1168175.27,7,1,7,4
2023,Feminino,Não informado,4,0,6696324.06,0.00,7,1,7,4
2023,Feminino,Parda,7,2,3105049.42,997770.00,7,1,7,4
2023,Feminino,Preta,2,1,762880.00,597880.00,7,1,7,4
2023,Masculino,Amarela,1,0,313744.15,0.00,7,1,7,4
2023,Masculino,Branca,20,4,4041155.18,305120.00,7,1,7,4
2023,Masculino,Indígena,1,0,335400.00,0.00,7,1,7,4
2023,Masculino,Não informado,5,1,1374303.80,115500.00,7,1,7,4
2023,Masculino,Parda,25,6,9976493.74,2450056.80,7,1,7,4
2023,Masculino,Preta,7,2,1612152.00,307510.00,7,1,7,4
2023,Feminino,Amarela,2,2,331852.83,216031.03,7,1,7,6
2023,Feminino,Branca,196,71,67117656.48,16228021.42,7,1,7,6
2023,Feminino,Indígena,2,1,1171840.00,1081520.00,7,1,7,6
2023,Feminino,Não informado,25,8,7249390.65,2325070.43,7,1,7,6
2023,Feminino,Parda,39,19,11985523.20,4799581.43,7,1,7,6
2023,Feminino,Preta,5,1,1071555.31,18706.25,7,1,7,6
2023,Masculino,Amarela,10,1,2718182.22,60000.00,7,1,7,6
2023,Masculino,Branca,479,168,113788404.89,26402503.25,7,1,7,6
2023,Masculino,Indígena,1,1,256200.00,160200.00,7,1,7,6
2023,Masculino,Não informado,83,32,21378069.03,3179388.29,7,1,7,6
2023,Masculino,Parda,80,29,23349792.82,3252722.74,7,1,7,6
2023,Masculino,Preta,19,7,5175349.69,1909658.96,7,1,7,6
2023,Feminino,Amarela,3,2,1127620.00,928670.00,7,1,7,7
2023,Feminino,Branca,77,32,22312903.68,6347329.86,7,1,7,7
2023,Feminino,Indígena,1,0,90000.00,0.00,7,1,7,7
2023,Feminino,Não informado,14,6,5087026.30,2077682.72,7,1,7,7
2023,Feminino,Parda,4,3,1977779.03,1642779.03,7,1,7,7
2023,Feminino,Preta,1,1,1312480.00,1312480.00,7,1,7,7
2023,Masculino,Amarela,2,1,412031.30,274789.00,7,1,7,7
2023,Masculino,Branca,251,100,88556136.46,23652343.35,7,1,7,7
2023,Masculino,Indígena,2,0,246500.00,0.00,7,1,7,7
2023,Masculino,Não informado,36,16,9619193.17,2642910.08,7,1,7,7
2023,Masculino,Parda,16,4,2702910.31,189328.71,7,1,7,7
2023,Masculino,Preta,5,2,1244076.14,437021.86,7,1,7,7
2023,Feminino,Branca,1,1,22600.00,22600.00,7,3,1,6
2023,Masculino,Branca,1,0,23800.00,0.00,7,3,1,6
2023,Feminino,Branca,1,1,21600.00,21600.00,7,3,3,3
2023,Feminino,Parda,1,0,21600.00,0.00,7,3,3,3
2023,Feminino,Branca,2,1,40300.00,21700.00,7,3,3,6
2023,Masculino,Branca,1,0,18600.00,0.00,7,3,3,6
2023,Masculino,Não informado,1,1,21600.00,21600.00,7,3,3,6
2023,Feminino,Branca,8,2,316800.00,92400.00,7,3,10,1
2023,Feminino,Não informado,1,0,39600.00,0.00,7,3,10,1
2023,Feminino,Parda,2,0,79200.00,0.00,7,3,10,1
2023,Masculino,Branca,31,9,1227600.00,409200.00,7,3,10,1
2023,Masculino,Não informado,8,6,316800.00,250800.00,7,3,10,1
2023,Masculino,Parda,6,3,237600.00,145200.00,7,3,10,1
2023,Masculino,Preta,1,0,39600.00,0.00,7,3,10,1
2023,Feminino,Branca,52,13,2085600.00,541200.00,7,3,10,3
2023,Feminino,Não informado,5,1,198000.00,39600.00,7,3,10,3
2023,Feminino,Parda,11,2,435600.00,79200.00,7,3,10,3
2023,Feminino,Preta,3,1,118800.00,39600.00,7,3,10,3
2023,Masculino,Amarela,4,1,158400.00,52800.00,7,3,10,3
2023,Masculino,Branca,92,35,3722400.00,1518000.00,7,3,10,3
2023,Masculino,Indígena,1,1,39600.00,52800.00,7,3,10,3
2023,Masculino,Não informado,23,8,910800.00,356400.00,7,3,10,3
2023,Masculino,Parda,55,17,2178000.00,765600.00,7,3,10,3
2023,Masculino,Preta,9,2,356400.00,92400.00,7,3,10,3
2023,Feminino,Branca,3,0,118800.00,0.00,7,3,10,4
2023,Feminino,Não informado,2,0,79200.00,0.00,7,3,10,4
2023,Feminino,Parda,2,0,79200.00,0.00,7,3,10,4
2023,Feminino,Preta,1,0,39600.00,0.00,7,3,10,4
2023,Masculino,Amarela,1,0,39600.00,0.00,7,3,10,4
2023,Masculino,Branca,10,3,396000.00,158400.00,7,3,10,4
2023,Masculino,Não informado,2,0,79200.00,0.00,7,3,10,4
2023,Masculino,Parda,21,2,831600.00,92400.00,7,3,10,4
2023,Masculino,Preta,3,0,118800.00,0.00,7,3,10,4
2023,Feminino,Amarela,3,2,118800.00,79200.00,7,3,10,6
2023,Feminino,Branca,173,55,6850800.00,2481600.00,7,3,10,6
2023,Feminino,Indígena,1,0,39600.00,0.00,7,3,10,6
2023,Feminino,Não informado,25,11,990000.00,488400.00,7,3,10,6
2023,Feminino,Parda,23,6,910800.00,250800.00,7,3,10,6
2023,Feminino,Preta,8,0,316800.00,0.00,7,3,10,6
2023,Masculino,Amarela,10,5,422400.00,237600.00,7,3,10,6
2023,Masculino,Branca,451,203,18070800.00,9556800.00,7,3,10,6
2023,Masculino,Indígena,2,1,79200.00,52800.00,7,3,10,6
2023,Masculino,Não informado,102,49,4065600.00,2323200.00,7,3,10,6
2023,Masculino,Parda,69,22,2758800.00,976800.00,7,3,10,6
2023,Masculino,Preta,16,5,633600.00,224400.00,7,3,10,6
2023,Feminino,Amarela,3,1,118800.00,52800.00,7,3,10,7
2023,Feminino,Branca,57,15,2283600.00,686400.00,7,3,10,7
2023,Feminino,Não informado,6,3,237600.00,132000.00,7,3,10,7
2023,Feminino,Parda,3,0,118800.00,0.00,7,3,10,7
2023,Masculino,Amarela,5,2,198000.00,79200.00,7,3,10,7
2023,Masculino,Branca,213,82,8487600.00,3696000.00,7,3,10,7
2023,Masculino,Indígena,1,0,39600.00,0.00,7,3,10,7
2023,Masculino,Não informado,19,10,778800.00,488400.00,7,3,10,7
2023,Masculino,Parda,8,2,316800.00,92400.00,7,3,10,7
2023,Masculino,Preta,1,0,39600.00,0.00,7,3,10,7
2023,Feminino,Branca,2,0,102240.00,0.00,7,3,12,1
2023,Feminino,Parda,2,0,139820.00,0.00,7,3,12,1
2023,Masculino,Parda,4,0,272640.00,0.00,7,3,12,1
2023,Feminino,Branca,31,4,2129728.40,273640.00,7,3,12,3
2023,Feminino,Não informado,1,0,68160.00,0.00,7,3,12,3
2023,Feminino,Parda,16,4,1096260.00,278340.00,7,3,12,3
2023,Feminino,Preta,3,1,204480.00,68160.00,7,3,12,3
2023,Masculino,Amarela,1,0,68160.00,0.00,7,3,12,3
2023,Masculino,Branca,24,2,1660529.00,136320.00,7,3,12,3
2023,Masculino,Não informado,3,0,204480.00,0.00,7,3,12,3
2023,Masculino,Parda,21,3,1450060.00,204480.00,7,3,12,3
2023,Masculino,Preta,4,1,284640.00,68160.00,7,3,12,3
2023,Feminino,Amarela,1,0,68160.00,0.00,7,3,12,4
2023,Feminino,Parda,1,0,68160.00,0.00,7,3,12,4
2023,Feminino,Preta,1,0,73160.00,0.00,7,3,12,4
2023,Masculino,Parda,3,1,204480.00,68160.00,7,3,12,4
2023,Feminino,Amarela,4,1,273160.00,68160.00,7,3,12,6
2023,Feminino,Branca,87,22,5961820.00,1516020.00,7,3,12,6
2023,Feminino,Indígena,3,1,207480.00,68160.00,7,3,12,6
2023,Feminino,Não informado,7,0,492820.00,0.00,7,3,12,6
2023,Feminino,Parda,19,6,1304240.00,409460.00,7,3,12,6
2023,Feminino,Preta,7,0,477120.00,0.00,7,3,12,6
2023,Masculino,Amarela,2,0,136320.00,0.00,7,3,12,6
2023,Masculino,Branca,105,17,7234458.40,1164168.00,7,3,12,6
2023,Masculino,Indígena,2,1,139920.00,68160.00,7,3,12,6
2023,Masculino,Não informado,15,3,1027400.00,204480.00,7,3,12,6
2023,Masculino,Parda,29,5,2005363.12,346800.00,7,3,12,6
2023,Masculino,Preta,7,0,485120.00,0.00,7,3,12,6
2023,Feminino,Amarela,1,0,68160.00,0.00,7,3,12,7
2023,Feminino,Branca,53,10,3625280.00,681600.00,7,3,12,7
2023,Feminino,Não informado,5,0,355800.00,0.00,7,3,12,7
2023,Feminino,Parda,6,3,419460.00,204980.00,7,3,12,7
2023,Feminino,Preta,1,0,68160.00,0.00,7,3,12,7
2023,Masculino,Amarela,2,1,136320.00,68160.00,7,3,12,7
2023,Masculino,Branca,50,17,3415568.80,1158720.00,7,3,12,7
2023,Masculino,Indígena,1,0,68160.00,0.00,7,3,12,7
2023,Masculino,Não informado,12,4,842920.00,277640.00,7,3,12,7
2023,Masculino,Parda,11,2,760760.00,136320.00,7,3,12,7
2023,Masculino,Preta,3,2,206371.00,138211.00,7,3,12,7
2023,Feminino,Amarela,1,0,71760.00,0.00,7,3,13,1
2023,Feminino,Branca,1,0,72760.00,0.00,7,3,13,1
2023,Feminino,Parda,1,0,71760.00,0.00,7,3,13,1
2023,Masculino,Branca,3,2,224920.00,150520.00,7,3,13,1
2023,Masculino,Parda,3,1,215780.00,72260.00,7,3,13,1
2023,Masculino,Branca,1,0,81760.00,0.00,7,3,13,2
2023,Feminino,Amarela,1,0,71760.00,0.00,7,3,13,3
2023,Feminino,Branca,8,1,581180.00,71760.00,7,3,13,3
2023,Feminino,Não informado,2,1,143520.00,71760.00,7,3,13,3
2023,Feminino,Parda,2,0,144020.00,0.00,7,3,13,3
2023,Masculino,Branca,15,1,1101150.04,71760.00,7,3,13,3
2023,Masculino,Indígena,1,0,73110.00,0.00,7,3,13,3
2023,Masculino,Não informado,3,0,215280.00,0.00,7,3,13,3
2023,Masculino,Parda,10,2,738676.00,143520.00,7,3,13,3
2023,Masculino,Preta,2,1,144520.00,72760.00,7,3,13,3
2023,Feminino,Branca,1,0,137760.00,0.00,7,3,13,4
2023,Masculino,Branca,1,0,74760.00,0.00,7,3,13,4
2023,Masculino,Parda,1,0,71760.00,0.00,7,3,13,4
2023,Feminino,Branca,27,6,1879400.00,396180.00,7,3,13,6
2023,Feminino,Não informado,4,1,291790.00,71760.00,7,3,13,6
2023,Feminino,Parda,10,3,718480.00,215280.00,7,3,13,6
2023,Feminino,Preta,1,0,71760.00,0.00,7,3,13,6
2023,Masculino,Amarela,1,0,71760.00,0.00,7,3,13,6
2023,Masculino,Branca,38,3,2729360.00,216280.00,7,3,13,6
2023,Masculino,Indígena,2,1,143520.00,71760.00,7,3,13,6
2023,Masculino,Não informado,10,1,687720.00,71760.00,7,3,13,6
2023,Masculino,Parda,13,1,943888.00,73260.00,7,3,13,6
2023,Masculino,Preta,2,0,150520.00,0.00,7,3,13,6
2023,Feminino,Branca,19,2,1371640.00,143520.00,7,3,13,7
2023,Feminino,Não informado,2,0,143520.00,0.00,7,3,13,7
2023,Feminino,Parda,1,0,71760.00,0.00,7,3,13,7
2023,Masculino,Amarela,1,0,71760.00,0.00,7,3,13,7
2023,Masculino,Branca,17,2,1213010.00,144020.00,7,3,13,7
2023,Masculino,Indígena,1,1,71760.00,71760.00,7,3,13,7
2023,Masculino,Não informado,3,0,215780.00,0.00,7,3,13,7
2023,Masculino,Parda,3,1,217180.00,71760.00,7,3,13,7
2023,Masculino,Preta,1,0,71760.00,0.00,7,3,13,7
2023,Feminino,Branca,17,5,3235928.61,250986.00,8,1,7,1
2023,Feminino,Não informado,4,2,2475766.62,154100.00,8,1,7,1
2023,Feminino,Parda,3,0,396410.50,0.00,8,1,7,1
2023,Feminino,Preta,1,1,199920.00,39240.00,8,1,7,1
2023,Masculino,Branca,13,2,2381847.93,54500.00,8,1,7,1
2023,Masculino,Não informado,3,2,445613.61,137703.61,8,1,7,1
2023,Masculino,Parda,1,0,155020.00,0.00,8,1,7,1
2023,Masculino,Preta,2,0,427720.00,0.00,8,1,7,1
2023,Feminino,Branca,2,0,204897.55,0.00,8,1,7,2
2023,Feminino,Parda,1,0,161557.19,0.00,8,1,7,2
2023,Masculino,Branca,1,1,137242.25,137242.25,8,1,7,2
2023,Masculino,Não informado,2,1,233512.65,160944.16,8,1,7,2
2023,Feminino,Branca,20,10,4263005.74,1839400.09,8,1,7,3
2023,Feminino,Não informado,7,4,1175622.00,156262.00,8,1,7,3
2023,Feminino,Parda,10,5,1822065.08,435564.50,8,1,7,3
2023,Feminino,Preta,3,2,581504.00,207040.00,8,1,7,3
2023,Masculino,Branca,18,7,3529062.31,237400.39,8,1,7,3
2023,Masculino,Não informado,4,1,494714.52,82500.00,8,1,7,3
2023,Masculino,Parda,12,3,2048851.11,319234.06,8,1,7,3
2023,Masculino,Preta,4,1,572658.52,137242.25,8,1,7,3
2023,Feminino,Branca,13,5,6411980.10,320911.50,8,1,7,4
2023,Feminino,Não informado,2,0,89300.00,0.00,8,1,7,4
2023,Feminino,Parda,15,6,4353046.93,643004.06,8,1,7,4
2023,Masculino,Branca,3,1,1007993.10,215020.00,8,1,7,4
2023,Masculino,Não informado,4,1,629961.00,20000.00,8,1,7,4
2023,Masculino,Parda,1,1,200000.00,32500.00,8,1,7,4
2023,Masculino,Preta,2,1,327000.00,25000.00,8,1,7,4
2023,Feminino,Amarela,2,2,587347.80,504188.80,8,1,7,6
2023,Feminino,Branca,32,10,5867237.17,647459.50,8,1,7,6
2023,Feminino,Não informado,5,5,954736.48,550565.63,8,1,7,6
2023,Feminino,Parda,3,2,302122.25,66860.00,8,1,7,6
2023,Feminino,Preta,4,3,829475.66,411384.66,8,1,7,6
2023,Masculino,Amarela,1,0,441017.98,0.00,8,1,7,6
2023,Masculino,Branca,22,12,4637878.37,1330572.63,8,1,7,6
2023,Masculino,Não informado,8,5,1552057.12,515978.26,8,1,7,6
2023,Masculino,Parda,8,5,1549159.55,320233.45,8,1,7,6
2023,Feminino,Branca,44,21,6977180.64,1697444.60,8,1,7,7
2023,Feminino,Não informado,4,2,632918.91,40000.00,8,1,7,7
2023,Masculino,Branca,8,2,1104543.41,85440.00,8,1,7,7
2023,Masculino,Não informado,2,2,401860.00,30000.00,8,1,7,7
2023,Masculino,Parda,1,0,100820.00,0.00,8,1,7,7
2023,Feminino,Branca,2,0,28700.00,0.00,8,3,3,3
2023,Feminino,Não informado,1,1,22600.00,22600.00,8,3,3,3
2023,Feminino,Preta,1,1,42600.00,42600.00,8,3,3,3
2023,Masculino,Branca,1,0,21700.00,0.00,8,3,3,3
2023,Feminino,Branca,1,1,15400.00,15400.00,8,3,3,6
2023,Feminino,Não informado,1,0,30600.00,0.00,8,3,3,6
2023,Feminino,Branca,1,0,15400.00,0.00,8,3,3,7
2023,Masculino,Branca,1,0,19600.00,0.00,8,3,3,7
2023,Feminino,Amarela,2,1,79200.00,39600.00,8,3,10,1
2023,Feminino,Branca,18,2,712800.00,92400.00,8,3,10,1
2023,Feminino,Não informado,5,2,198000.00,79200.00,8,3,10,1
2023,Feminino,Parda,2,1,79200.00,52800.00,8,3,10,1
2023,Feminino,Preta,1,1,39600.00,39600.00,8,3,10,1
2023,Masculino,Branca,16,3,633600.00,118800.00,8,3,10,1
2023,Masculino,Não informado,2,0,79200.00,0.00,8,3,10,1
2023,Masculino,Parda,7,0,277200.00,0.00,8,3,10,1
2023,Masculino,Preta,1,0,39600.00,0.00,8,3,10,1
2023,Feminino,Amarela,1,0,39600.00,0.00,8,3,10,3
2023,Feminino,Branca,32,9,1267200.00,382800.00,8,3,10,3
2023,Feminino,Não informado,12,2,475200.00,79200.00,8,3,10,3
2023,Feminino,Parda,13,4,541200.00,184800.00,8,3,10,3
2023,Feminino,Preta,3,0,118800.00,0.00,8,3,10,3
2023,Masculino,Amarela,1,0,39600.00,0.00,8,3,10,3
2023,Masculino,Branca,27,6,1069200.00,250800.00,8,3,10,3
2023,Masculino,Não informado,9,0,356400.00,0.00,8,3,10,3
2023,Masculino,Parda,14,2,554400.00,92400.00,8,3,10,3
2023,Masculino,Preta,8,0,316800.00,0.00,8,3,10,3
2023,Feminino,Branca,7,2,277200.00,79200.00,8,3,10,4
2023,Feminino,Não informado,4,1,158400.00,39600.00,8,3,10,4
2023,Feminino,Parda,7,3,277200.00,118800.00,8,3,10,4
2023,Feminino,Preta,3,0,118800.00,0.00,8,3,10,4
2023,Masculino,Amarela,1,0,39600.00,0.00,8,3,10,4
2023,Masculino,Branca,9,2,356400.00,79200.00,8,3,10,4
2023,Masculino,Não informado,5,3,198000.00,158400.00,8,3,10,4
2023,Masculino,Parda,5,0,198000.00,0.00,8,3,10,4
2023,Masculino,Preta,2,0,79200.00,0.00,8,3,10,4
2023,Feminino,Amarela,3,0,118800.00,0.00,8,3,10,6
2023,Feminino,Branca,106,39,4197600.00,1848000.00,8,3,10,6
2023,Feminino,Não informado,28,8,1108800.00,356400.00,8,3,10,6
2023,Feminino,Parda,16,1,633600.00,39600.00,8,3,10,6
2023,Feminino,Preta,5,1,198000.00,39600.00,8,3,10,6
2023,Masculino,Amarela,2,1,79200.00,39600.00,8,3,10,6
2023,Masculino,Branca,73,26,2917200.00,1240800.00,8,3,10,6
2023,Masculino,Não informado,28,13,1135200.00,594000.00,8,3,10,6
2023,Masculino,Parda,16,4,633600.00,171600.00,8,3,10,6
2023,Masculino,Preta,2,0,79200.00,0.00,8,3,10,6
2023,Feminino,Branca,51,11,2019600.00,475200.00,8,3,10,7
2023,Feminino,Indígena,1,0,39600.00,0.00,8,3,10,7
2023,Feminino,Não informado,5,1,198000.00,52800.00,8,3,10,7
2023,Feminino,Parda,4,1,158400.00,52800.00,8,3,10,7
2023,Masculino,Branca,33,10,1306800.00,462000.00,8,3,10,7
2023,Masculino,Não informado,3,1,118800.00,39600.00,8,3,10,7
2023,Masculino,Parda,3,2,118800.00,92400.00,8,3,10,7
2023,Feminino,Branca,5,1,340800.00,68160.00,8,3,12,1
2023,Feminino,Não informado,1,0,74160.00,0.00,8,3,12,1
2023,Feminino,Preta,1,0,68160.00,0.00,8,3,12,1
2023,Masculino,Parda,1,0,38380.00,0.00,8,3,12,1
2023,Feminino,Branca,9,3,614940.00,204480.00,8,3,12,3
2023,Feminino,Não informado,2,0,137320.00,0.00,8,3,12,3
2023,Feminino,Parda,4,0,339040.00,0.00,8,3,12,3
2023,Masculino,Branca,5,1,342800.00,70160.00,8,3,12,3
2023,Masculino,Não informado,1,0,69660.00,0.00,8,3,12,3
2023,Masculino,Parda,3,0,204480.00,0.00,8,3,12,3
2023,Masculino,Preta,3,1,205480.00,68160.00,8,3,12,3
2023,Feminino,Branca,2,0,142920.00,0.00,8,3,12,4
2023,Feminino,Parda,1,0,73160.00,0.00,8,3,12,4
2023,Feminino,Preta,1,0,73160.00,0.00,8,3,12,4
2023,Feminino,Amarela,1,0,71840.00,0.00,8,3,12,6
2023,Feminino,Branca,32,8,2219970.00,545280.00,8,3,12,6
2023,Feminino,Não informado,13,5,899330.00,350800.00,8,3,12,6
2023,Feminino,Parda,11,1,723890.00,68160.00,8,3,12,6
2023,Feminino,Preta,2,1,136820.00,68660.00,8,3,12,6
2023,Masculino,Branca,44,10,3062305.00,708210.00,8,3,12,6
2023,Masculino,Não informado,10,2,687000.00,141720.00,8,3,12,6
2023,Masculino,Parda,8,1,557480.00,68160.00,8,3,12,6
2023,Masculino,Preta,1,0,68160.00,0.00,8,3,12,6
2023,Feminino,Branca,11,2,750410.00,136320.00,8,3,12,7
2023,Feminino,Não informado,3,1,206370.00,68760.00,8,3,12,7
2023,Feminino,Parda,3,0,212480.00,0.00,8,3,12,7
2023,Masculino,Branca,15,1,1034800.00,73360.00,8,3,12,7
2023,Masculino,Não informado,4,1,274940.00,68460.00,8,3,12,7
2023,Masculino,Preta,1,0,78560.00,0.00,8,3,12,7
2023,Feminino,Branca,4,0,287040.00,0.00,8,3,13,1
2023,Feminino,Parda,2,0,154520.00,0.00,8,3,13,1
2023,Masculino,Branca,2,1,143520.00,71760.00,8,3,13,1
2023,Masculino,Não informado,1,0,71760.00,0.00,8,3,13,1
2023,Feminino,Branca,1,0,71760.00,0.00,8,3,13,2
2023,Feminino,Branca,7,2,484650.00,120350.00,8,3,13,3
2023,Feminino,Não informado,1,1,71760.00,71760.00,8,3,13,3
2023,Feminino,Parda,5,1,348860.00,71760.00,8,3,13,3
2023,Feminino,Preta,2,0,143520.00,0.00,8,3,13,3
2023,Masculino,Branca,11,0,796220.00,0.00,8,3,13,3
2023,Masculino,Parda,2,0,143520.00,0.00,8,3,13,3
2023,Masculino,Preta,1,0,72760.00,0.00,8,3,13,3
2023,Feminino,Branca,2,1,163520.00,91760.00,8,3,13,4
2023,Feminino,Parda,2,0,145520.00,0.00,8,3,13,4
2023,Masculino,Branca,2,0,149020.00,0.00,8,3,13,4
2023,Masculino,Preta,1,0,73260.00,0.00,8,3,13,4
2023,Feminino,Branca,23,1,1582700.00,75760.00,8,3,13,6
2023,Feminino,Não informado,8,0,598813.70,0.00,8,3,13,6
2023,Feminino,Parda,7,1,505820.00,71760.00,8,3,13,6
2023,Feminino,Preta,1,0,71760.00,0.00,8,3,13,6
2023,Masculino,Branca,26,3,1892340.00,222480.00,8,3,13,6
2023,Masculino,Indígena,1,0,71760.00,0.00,8,3,13,6
2023,Masculino,Não informado,5,2,360500.00,144020.00,8,3,13,6
2023,Masculino,Parda,8,0,599330.00,0.00,8,3,13,6
2023,Masculino,Preta,3,0,219400.00,0.00,8,3,13,6
2023,Feminino,Branca,15,2,1085060.00,136560.00,8,3,13,7
2023,Feminino,Não informado,1,0,38880.00,0.00,8,3,13,7
2023,Feminino,Parda,1,0,72510.00,0.00,8,3,13,7
2023,Masculino,Branca,5,1,368300.00,73260.00,8,3,13,7
2023,Masculino,Parda,2,0,146120.00,0.00,8,3,13,7
2023,Masculino,Preta,1,0,71760.00,0.00,8,3,13,7
2023,Feminino,Branca,34,11,6678208.20,740215.95,10,1,7,1
2023,Feminino,Indígena,5,3,1094107.87,369000.00,10,1,7,1
2023,Feminino,Não informado,4,2,400060.00,201200.00,10,1,7,1
2023,Feminino,Parda,13,6,5650210.00,4230198.00,10,1,7,1
2023,Feminino,Preta,3,0,589170.00,0.00,10,1,7,1
2023,Masculino,Amarela,1,1,52907.20,34907.00,10,1,7,1
2023,Masculino,Branca,16,10,10135865.49,8869461.59,10,1,7,1
2023,Masculino,Parda,12,4,2511214.74,274200.00,10,1,7,1
2023,Masculino,Preta,5,2,965682.41,338222.41,10,1,7,1
2023,Feminino,Parda,1,0,432326.68,0.00,10,1,7,2
2023,Masculino,Amarela,1,1,182816.99,182816.99,10,1,7,2
2023,Masculino,Branca,1,0,136458.70,0.00,10,1,7,2
2023,Feminino,Amarela,3,2,697600.00,89000.00,10,1,7,3
2023,Feminino,Branca,60,33,20598074.47,12057395.16,10,1,7,3
2023,Feminino,Não informado,11,7,1832259.80,297614.80,10,1,7,3
2023,Feminino,Parda,65,35,18243053.17,5068966.95,10,1,7,3
2023,Feminino,Preta,16,10,5608803.22,2984215.37,10,1,7,3
2023,Masculino,Amarela,3,2,353330.00,120480.00,10,1,7,3
2023,Masculino,Branca,53,24,8860249.11,3652114.10,10,1,7,3
2023,Masculino,Não informado,16,9,2305321.40,784640.00,10,1,7,3
2023,Masculino,Parda,52,25,10163307.92,4475703.60,10,1,7,3
2023,Masculino,Preta,13,6,1684902.50,405310.00,10,1,7,3
2023,Feminino,Branca,15,6,2824854.90,410000.00,10,1,7,4
2023,Feminino,Não informado,5,2,979340.00,191000.00,10,1,7,4
2023,Feminino,Parda,18,8,4496424.04,2626385.98,10,1,7,4
2023,Feminino,Preta,4,2,1954120.00,161000.00,10,1,7,4
2023,Masculino,Branca,13,9,1653319.80,983595.00,10,1,7,4
2023,Masculino,Parda,25,8,6487780.09,520684.65,10,1,7,4
2023,Masculino,Preta,4,3,598660.00,90620.00,10,1,7,4
2023,Feminino,Amarela,2,1,389880.00,14000.00,10,1,7,6
2023,Feminino,Branca,85,37,35444811.68,15264211.00,10,1,7,6
2023,Feminino,Não informado,13,4,4346801.78,423000.00,10,1,7,6
2023,Feminino,Parda,37,12,9383720.33,1533746.74,10,1,7,6
2023,Feminino,Preta,4,4,1070064.00,1060064.00,10,1,7,6
2023,Masculino,Amarela,3,3,98375.00,96375.00,10,1,7,6
2023,Masculino,Branca,55,20,12511642.71,4339855.50,10,1,7,6
2023,Masculino,Não informado,9,6,1049700.00,554530.00,10,1,7,6
2023,Masculino,Parda,14,7,1116770.95,463254.06,10,1,7,6
2023,Masculino,Preta,6,2,979516.07,193781.30,10,1,7,6
2023,Feminino,Amarela,2,2,100000.00,88500.00,10,1,7,7
2023,Feminino,Branca,86,39,28278693.10,14288231.79,10,1,7,7
2023,Feminino,Não informado,4,1,230000.00,32000.00,10,1,7,7
2023,Feminino,Parda,15,8,4025726.60,2391126.40,10,1,7,7
2023,Feminino,Preta,3,3,152290.00,126700.00,10,1,7,7
2023,Masculino,Amarela,1,1,1926355.20,1361472.00,10,1,7,7
2023,Masculino,Branca,37,19,15098996.06,12189031.00,10,1,7,7
2023,Masculino,Não informado,6,1,1517694.12,90720.00,10,1,7,7
2023,Masculino,Parda,4,0,566507.47,0.00,10,1,7,7
2023,Feminino,Branca,3,0,118800.00,0.00,10,3,10,1
2023,Feminino,Branca,3,0,118800.00,0.00,10,3,10,3
2023,Feminino,Parda,1,0,39600.00,0.00,10,3,10,3
2023,Masculino,Amarela,1,0,39600.00,0.00,10,3,10,3
2023,Masculino,Branca,3,0,118800.00,0.00,10,3,10,3
2023,Masculino,Parda,2,1,79200.00,39600.00,10,3,10,3
2023,Feminino,Branca,1,1,39600.00,39600.00,10,3,10,4
2023,Masculino,Parda,1,0,39600.00,0.00,10,3,10,4
2023,Feminino,Amarela,1,0,39600.00,0.00,10,3,10,6
2023,Feminino,Branca,5,2,198000.00,79200.00,10,3,10,6
2023,Feminino,Não informado,2,1,79200.00,39600.00,10,3,10,6
2023,Feminino,Parda,1,0,39600.00,0.00,10,3,10,6
2023,Feminino,Preta,1,0,39600.00,0.00,10,3,10,6
2023,Masculino,Branca,7,1,277200.00,39600.00,10,3,10,6
2023,Feminino,Amarela,1,0,39600.00,0.00,10,3,10,7
2023,Feminino,Branca,3,1,118800.00,39600.00,10,3,10,7
2023,Masculino,Branca,4,1,158400.00,52800.00,10,3,10,7
2023,Masculino,Preta,1,0,39600.00,0.00,10,3,10,7
2023,Masculino,Branca,1,0,68160.00,0.00,10,3,12,3
2023,Feminino,Branca,1,1,68160.00,68160.00,10,3,12,6
2023,Feminino,Não informado,1,1,68160.00,68160.00,10,3,12,6
2023,Feminino,Parda,1,1,69660.00,69660.00,10,3,12,6
2023,Masculino,Parda,1,0,68160.00,0.00,10,3,12,7
2023,Feminino,Branca,1,0,77260.00,0.00,10,3,13,1
2023,Feminino,Parda,2,0,145520.00,0.00,10,3,13,3
2023,Masculino,Branca,1,0,72260.00,0.00,10,3,13,3
2023,Masculino,Não informado,1,0,71760.00,0.00,10,3,13,3
2023,Feminino,Preta,1,0,35913.00,0.00,10,3,13,7
2023,Feminino,Amarela,3,0,118800.00,0.00,11,3,9,1
2023,Feminino,Branca,42,6,1663200.00,250800.00,11,3,9,1
2023,Feminino,Indígena,1,0,39600.00,0.00,11,3,9,1
2023,Feminino,Não informado,5,0,198000.00,0.00,11,3,9,1
2023,Feminino,Parda,12,1,475200.00,39600.00,11,3,9,1
2023,Feminino,Preta,4,0,158400.00,0.00,11,3,9,1
2023,Masculino,Amarela,2,0,79200.00,0.00,11,3,9,1
2023,Masculino,Branca,60,11,2376000.00,462000.00,11,3,9,1
2023,Masculino,Não informado,14,4,554400.00,158400.00,11,3,9,1
2023,Masculino,Parda,11,3,435600.00,118800.00,11,3,9,1
2023,Masculino,Preta,3,1,118800.00,39600.00,11,3,9,1
2023,Feminino,Amarela,1,0,39600.00,0.00,11,3,9,3
2023,Feminino,Branca,66,12,2613600.00,514800.00,11,3,9,3
2023,Feminino,Não informado,6,1,237600.00,52800.00,11,3,9,3
2023,Feminino,Parda,46,9,1821600.00,356400.00,11,3,9,3
2023,Feminino,Preta,8,1,316800.00,39600.00,11,3,9,3
2023,Masculino,Amarela,2,0,79200.00,0.00,11,3,9,3
2023,Masculino,Branca,116,21,4593600.00,858000.00,11,3,9,3
2023,Masculino,Indígena,3,1,118800.00,39600.00,11,3,9,3
2023,Masculino,Não informado,28,10,1108800.00,409200.00,11,3,9,3
2023,Masculino,Parda,85,13,3366000.00,514800.00,11,3,9,3
2023,Masculino,Preta,19,3,752400.00,118800.00,11,3,9,3
2023,Feminino,Amarela,2,1,79200.00,39600.00,11,3,9,4
2023,Feminino,Branca,7,2,277200.00,79200.00,11,3,9,4
2023,Feminino,Indígena,1,0,39600.00,0.00,11,3,9,4
2023,Feminino,Não informado,1,0,39600.00,0.00,11,3,9,4
2023,Feminino,Parda,12,1,475200.00,39600.00,11,3,9,4
2023,Masculino,Branca,15,2,594000.00,92400.00,11,3,9,4
2023,Masculino,Não informado,4,1,158400.00,39600.00,11,3,9,4
2023,Masculino,Parda,24,6,950400.00,250800.00,11,3,9,4
2023,Masculino,Preta,3,0,118800.00,0.00,11,3,9,4
2023,Feminino,Amarela,3,2,118800.00,79200.00,11,3,9,6
2023,Feminino,Branca,148,29,5860800.00,1188000.00,11,3,9,6
2023,Feminino,Não informado,18,2,712800.00,79200.00,11,3,9,6
2023,Feminino,Parda,16,1,633600.00,39600.00,11,3,9,6
2023,Feminino,Preta,6,0,237600.00,0.00,11,3,9,6
2023,Masculino,Amarela,8,2,316800.00,79200.00,11,3,9,6
2023,Masculino,Branca,266,47,10533600.00,1874400.00,11,3,9,6
2023,Masculino,Indígena,2,1,79200.00,66000.00,11,3,9,6
2023,Masculino,Não informado,44,7,1742400.00,290400.00,11,3,9,6
2023,Masculino,Parda,51,5,2019600.00,198000.00,11,3,9,6
2023,Masculino,Preta,9,4,356400.00,158400.00,11,3,9,6
2023,Feminino,Branca,134,23,5306400.00,937200.00,11,3,9,7
2023,Feminino,Não informado,4,1,158400.00,39600.00,11,3,9,7
2023,Feminino,Parda,4,0,158400.00,0.00,11,3,9,7
2023,Feminino,Preta,2,0,79200.00,0.00,11,3,9,7
2023,Masculino,Amarela,3,0,118800.00,0.00,11,3,9,7
2023,Masculino,Branca,209,49,8276400.00,2032800.00,11,3,9,7
2023,Masculino,Não informado,24,8,950400.00,330000.00,11,3,9,7
2023,Masculino,Parda,19,5,752400.00,211200.00,11,3,9,7
2023,Masculino,Preta,5,1,198000.00,39600.00,11,3,9,7
2024,Feminino,Amarela,5,2,1399450.00,470500.00,1,1,7,1
2024,Feminino,Branca,84,17,37057604.60,3342637.05,1,1,7,1
2024,Feminino,Não informado,14,4,11581967.50,2980243.04,1,1,7,1
2024,Feminino,Parda,23,5,15528076.93,1999359.84,1,1,7,1
2024,Feminino,Preta,3,1,1341716.63,195240.00,1,1,7,1
2024,Masculino,Amarela,4,2,775034.95,214976.84,1,1,7,1
2024,Masculino,Branca,138,30,46833278.47,5340622.99,1,1,7,1
2024,Masculino,Não informado,27,6,8715676.39,1010450.00,1,1,7,1
2024,Masculino,Parda,55,19,25167566.70,14005261.92,1,1,7,1
2024,Masculino,Preta,4,1,868939.08,139695.00,1,1,7,1
2024,Feminino,Branca,13,10,3724098.34,965677.15,1,1,7,2
2024,Feminino,Parda,6,5,743740.25,611044.29,1,1,7,2
2024,Feminino,Preta,1,0,94483.07,0.00,1,1,7,2
2024,Masculino,Branca,8,2,1223507.75,232211.64,1,1,7,2
2024,Masculino,Não informado,1,0,203500.00,0.00,1,1,7,2
2024,Masculino,Parda,4,3,597868.68,433287.90,1,1,7,2
2024,Masculino,Preta,1,0,168999.10,0.00,1,1,7,2
2024,Feminino,Amarela,1,0,294281.00,0.00,1,1,7,3
2024,Feminino,Branca,90,26,33765793.58,7035158.05,1,1,7,3
2024,Feminino,Indígena,2,0,2087540.00,0.00,1,1,7,3
2024,Feminino,Não informado,10,1,2295122.56,134800.00,1,1,7,3
2024,Feminino,Parda,64,23,24547211.23,7541964.74,1,1,7,3
2024,Feminino,Preta,11,5,3224486.89,421090.63,1,1,7,3
2024,Masculino,Amarela,7,4,1956028.43,1064130.05,1,1,7,3
2024,Masculino,Branca,167,55,64554914.79,25414605.16,1,1,7,3
2024,Masculino,Não informado,28,12,6205120.14,1739781.95,1,1,7,3
2024,Masculino,Parda,98,25,29181666.47,4436974.23,1,1,7,3
2024,Masculino,Preta,19,4,6280278.56,602533.00,1,1,7,3
2024,Feminino,Amarela,1,0,199998.80,0.00,1,1,7,4
2024,Feminino,Branca,26,11,26972184.82,9569874.27,1,1,7,4
2024,Feminino,Indígena,2,1,19146537.00,2813932.80,1,1,7,4
2024,Feminino,Não informado,3,1,1429769.76,1068499.84,1,1,7,4
2024,Feminino,Parda,39,9,34010945.08,6374489.55,1,1,7,4
2024,Feminino,Preta,18,7,36595032.68,1795008.99,1,1,7,4
2024,Masculino,Amarela,5,1,27303638.65,11232477.00,1,1,7,4
2024,Masculino,Branca,69,15,74235755.60,29472523.43,1,1,7,4
2024,Masculino,Indígena,1,1,265000.00,265000.00,1,1,7,4
2024,Masculino,Não informado,18,7,38931718.94,1069677.40,1,1,7,4
2024,Masculino,Parda,39,7,42213180.01,4777997.14,1,1,7,4
2024,Masculino,Preta,4,0,5938758.88,0.00,1,1,7,4
2024,Feminino,Amarela,10,2,3185687.92,332158.45,1,1,7,6
2024,Feminino,Branca,273,83,94597538.37,23539654.93,1,1,7,6
2024,Feminino,Não informado,29,7,9767729.62,3890276.57,1,1,7,6
2024,Feminino,Parda,39,14,15545229.26,5152186.45,1,1,7,6
2024,Feminino,Preta,4,1,1762782.07,144000.00,1,1,7,6
2024,Masculino,Amarela,12,5,3913934.17,1474790.13,1,1,7,6
2024,Masculino,Branca,417,139,127673345.28,36556486.54,1,1,7,6
2024,Masculino,Indígena,1,0,199840.00,0.00,1,1,7,6
2024,Masculino,Não informado,63,20,22004015.96,7794495.76,1,1,7,6
2024,Masculino,Parda,104,36,39490834.83,10622538.19,1,1,7,6
2024,Masculino,Preta,14,4,6407721.80,885214.69,1,1,7,6
2024,Feminino,Amarela,4,2,675089.43,141464.77,1,1,7,7
2024,Feminino,Branca,166,54,48842553.50,12817193.53,1,1,7,7
2024,Feminino,Indígena,2,1,748890.00,289650.00,1,1,7,7
2024,Feminino,Não informado,15,5,4280477.58,1056434.51,1,1,7,7
2024,Feminino,Parda,6,0,2218310.40,0.00,1,1,7,7
2024,Feminino,Preta,2,0,400000.00,0.00,1,1,7,7
2024,Masculino,Amarela,5,2,1860344.80,340800.00,1,1,7,7
2024,Masculino,Branca,250,78,89869873.63,24001872.31,1,1,7,7
2024,Masculino,Indígena,1,0,140280.00,0.00,1,1,7,7
2024,Masculino,Não informado,33,13,13197049.15,5664820.30,1,1,7,7
2024,Masculino,Parda,16,5,4466190.67,946317.73,1,1,7,7
2024,Masculino,Preta,3,1,792574.00,205800.00,1,1,7,7
2024,Feminino,Branca,1,0,21436.80,0.00,1,3,1,6
2024,Feminino,Branca,1,1,25036.80,25036.80,1,3,1,7
2024,Masculino,Branca,1,0,21436.80,0.00,1,3,1,7
2024,Masculino,Não informado,1,0,26036.80,0.00,1,3,3,1
2024,Masculino,Branca,2,0,52373.60,0.00,1,3,3,3
2024,Masculino,Branca,2,2,53573.60,53573.60,1,3,3,4
2024,Feminino,Branca,2,1,53573.60,26036.80,1,3,3,6
2024,Feminino,Não informado,2,0,43855.20,0.00,1,3,3,6
2024,Masculino,Branca,1,1,21436.80,21436.80,1,3,3,6
2024,Masculino,Não informado,1,1,28536.80,28536.80,1,3,3,6
2024,Masculino,Não informado,1,1,16318.40,16318.40,1,3,3,7
2024,Feminino,Amarela,2,0,151200.00,0.00,1,3,6,1
2024,Feminino,Branca,36,17,2721600.00,1360800.00,1,3,6,1
2024,Feminino,Não informado,6,2,453600.00,151200.00,1,3,6,1
2024,Feminino,Parda,13,3,982800.00,226800.00,1,3,6,1
2024,Feminino,Preta,2,1,151200.00,75600.00,1,3,6,1
2024,Masculino,Amarela,3,2,226800.00,151200.00,1,3,6,1
2024,Masculino,Branca,80,38,6048000.00,3074400.00,1,3,6,1
2024,Masculino,Não informado,10,4,756000.00,302400.00,1,3,6,1
2024,Masculino,Parda,25,10,1890000.00,831600.00,1,3,6,1
2024,Masculino,Preta,1,0,75600.00,0.00,1,3,6,1
2024,Feminino,Amarela,1,0,75600.00,0.00,1,3,6,3
2024,Feminino,Branca,40,17,3024000.00,1310400.00,1,3,6,3
2024,Feminino,Não informado,3,1,226800.00,75600.00,1,3,6,3
2024,Feminino,Parda,27,15,2041200.00,1209600.00,1,3,6,3
2024,Feminino,Preta,3,1,226800.00,75600.00,1,3,6,3
2024,Masculino,Amarela,2,1,151200.00,100800.00,1,3,6,3
2024,Masculino,Branca,82,48,6199200.00,4057200.00,1,3,6,3
2024,Masculino,Não informado,15,7,1134000.00,630000.00,1,3,6,3
2024,Masculino,Parda,61,33,4611600.00,2721600.00,1,3,6,3
2024,Masculino,Preta,9,3,680400.00,226800.00,1,3,6,3
2024,Feminino,Amarela,1,1,75600.00,75600.00,1,3,6,4
2024,Feminino,Branca,12,5,907200.00,428400.00,1,3,6,4
2024,Feminino,Indígena,1,1,75600.00,75600.00,1,3,6,4
2024,Feminino,Não informado,1,0,75600.00,0.00,1,3,6,4
2024,Feminino,Parda,14,4,1058400.00,302400.00,1,3,6,4
2024,Feminino,Preta,3,2,226800.00,151200.00,1,3,6,4
2024,Masculino,Amarela,3,1,226800.00,75600.00,1,3,6,4
2024,Masculino,Branca,27,9,2041200.00,730800.00,1,3,6,4
2024,Masculino,Não informado,4,4,302400.00,302400.00,1,3,6,4
2024,Masculino,Parda,16,5,1209600.00,378000.00,1,3,6,4
2024,Masculino,Preta,2,0,151200.00,0.00,1,3,6,4
2024,Feminino,Amarela,4,2,302400.00,151200.00,1,3,6,6
2024,Feminino,Branca,168,71,12700800.00,6073200.00,1,3,6,6
2024,Feminino,Não informado,14,5,1058400.00,403200.00,1,3,6,6
2024,Feminino,Parda,19,9,1436400.00,730800.00,1,3,6,6
2024,Feminino,Preta,2,1,151200.00,100800.00,1,3,6,6
2024,Masculino,Amarela,10,7,756000.00,655200.00,1,3,6,6
2024,Masculino,Branca,266,158,20109600.00,13356000.00,1,3,6,6
2024,Masculino,Não informado,34,17,2570400.00,1386000.00,1,3,6,6
2024,Masculino,Parda,45,25,3402000.00,2116800.00,1,3,6,6
2024,Masculino,Preta,2,1,151200.00,75600.00,1,3,6,6
2024,Feminino,Amarela,3,2,226800.00,151200.00,1,3,6,7
2024,Feminino,Branca,89,45,6728400.00,3628800.00,1,3,6,7
2024,Feminino,Não informado,6,5,453600.00,428400.00,1,3,6,7
2024,Feminino,Parda,1,0,75600.00,0.00,1,3,6,7
2024,Feminino,Preta,2,2,151200.00,151200.00,1,3,6,7
2024,Masculino,Amarela,4,3,302400.00,277200.00,1,3,6,7
2024,Masculino,Branca,147,75,11113200.00,6325200.00,1,3,6,7
2024,Masculino,Não informado,14,7,1058400.00,655200.00,1,3,6,7
2024,Masculino,Parda,14,8,1058400.00,680400.00,1,3,6,7
2024,Feminino,Amarela,1,0,28000.00,0.00,1,3,7,1
2024,Masculino,Amarela,1,1,42000.00,42000.00,1,3,7,1
2024,Masculino,Branca,2,1,252000.00,56000.00,1,3,7,3
2024,Masculino,Não informado,1,0,84000.00,0.00,1,3,7,3
2024,Masculino,Parda,1,0,126000.00,0.00,1,3,7,3
2024,Feminino,Branca,4,1,420000.00,56000.00,1,3,7,6
2024,Feminino,Parda,1,0,42000.00,0.00,1,3,7,6
2024,Masculino,Branca,8,3,728000.00,196000.00,1,3,7,6
2024,Masculino,Não informado,1,0,84000.00,0.00,1,3,7,6
2024,Masculino,Parda,2,0,210000.00,0.00,1,3,7,6
2024,Feminino,Indígena,1,0,126000.00,0.00,1,3,7,7
2024,Masculino,Branca,2,0,210000.00,0.00,1,3,7,7
2024,Feminino,Amarela,1,0,85500.00,0.00,1,3,8,1
2024,Feminino,Branca,1,0,78000.00,0.00,1,3,8,1
2024,Feminino,Não informado,1,0,78000.00,0.00,1,3,8,1
2024,Masculino,Branca,4,1,312000.00,78000.00,1,3,8,1
2024,Masculino,Parda,1,1,78000.00,78000.00,1,3,8,1
2024,Feminino,Branca,3,0,235500.00,0.00,1,3,8,3
2024,Feminino,Não informado,1,0,78000.00,0.00,1,3,8,3
2024,Feminino,Parda,2,2,156000.00,156000.00,1,3,8,3
2024,Masculino,Branca,9,0,702000.00,0.00,1,3,8,3
2024,Masculino,Não informado,1,0,78000.00,0.00,1,3,8,3
2024,Masculino,Parda,5,1,390000.00,78000.00,1,3,8,3
2024,Masculino,Preta,3,0,234000.00,0.00,1,3,8,3
2024,Feminino,Branca,1,0,81200.00,0.00,1,3,8,4
2024,Feminino,Preta,1,0,85250.00,0.00,1,3,8,4
2024,Masculino,Parda,2,0,182000.00,0.00,1,3,8,4
2024,Feminino,Amarela,1,0,78000.00,0.00,1,3,8,6
2024,Feminino,Branca,10,1,780000.00,78000.00,1,3,8,6
2024,Feminino,Parda,3,0,241500.00,0.00,1,3,8,6
2024,Masculino,Amarela,2,0,156000.00,0.00,1,3,8,6
2024,Masculino,Branca,12,3,917000.00,215000.00,1,3,8,6
2024,Masculino,Não informado,6,1,496500.00,87000.00,1,3,8,6
2024,Masculino,Parda,5,0,410500.00,0.00,1,3,8,6
2024,Feminino,Branca,3,0,183500.00,0.00,1,3,8,7
2024,Feminino,Não informado,1,0,95540.00,0.00,1,3,8,7
2024,Masculino,Amarela,1,0,78000.00,0.00,1,3,8,7
2024,Masculino,Branca,9,3,702000.00,234000.00,1,3,8,7
2024,Feminino,Branca,4,1,249600.00,62400.00,1,3,11,1
2024,Masculino,Branca,1,0,67600.00,0.00,1,3,11,1
2024,Masculino,Parda,2,0,124800.00,0.00,1,3,11,1
2024,Feminino,Branca,2,0,130000.00,0.00,1,3,11,3
2024,Feminino,Não informado,1,0,62400.00,0.00,1,3,11,3
2024,Feminino,Parda,2,1,124800.00,62400.00,1,3,11,3
2024,Masculino,Branca,2,0,135200.00,0.00,1,3,11,3
2024,Masculino,Parda,2,1,124800.00,62400.00,1,3,11,3
2024,Feminino,Branca,1,0,62400.00,0.00,1,3,11,4
2024,Feminino,Branca,6,3,383600.00,196400.00,1,3,11,6
2024,Feminino,Não informado,1,0,62400.00,0.00,1,3,11,6
2024,Feminino,Parda,2,0,124800.00,0.00,1,3,11,6
2024,Masculino,Branca,8,2,504900.00,124800.00,1,3,11,6
2024,Masculino,Não informado,1,0,62400.00,0.00,1,3,11,6
2024,Masculino,Parda,1,0,62400.00,0.00,1,3,11,6
2024,Feminino,Branca,11,1,701600.00,62400.00,1,3,11,7
2024,Feminino,Parda,1,0,62400.00,0.00,1,3,11,7
2024,Masculino,Branca,3,0,187200.00,0.00,1,3,11,7
2024,Masculino,Não informado,1,1,62400.00,62400.00,1,3,11,7
2024,Feminino,Amarela,1,0,68160.00,0.00,1,3,12,1
2024,Feminino,Branca,27,4,1857970.00,272640.00,1,3,12,1
2024,Feminino,Não informado,2,0,136320.00,0.00,1,3,12,1
2024,Feminino,Parda,18,3,1232080.00,204480.00,1,3,12,1
2024,Feminino,Preta,2,0,136320.00,0.00,1,3,12,1
2024,Masculino,Branca,7,3,477120.00,204480.00,1,3,12,1
2024,Masculino,Não informado,3,0,204480.00,0.00,1,3,12,1
2024,Masculino,Parda,13,0,886080.00,0.00,1,3,12,1
2024,Masculino,Preta,2,0,136320.00,0.00,1,3,12,1
2024,Feminino,Amarela,2,1,136320.00,68160.00,1,3,12,3
2024,Feminino,Branca,47,9,3215920.00,619140.00,1,3,12,3
2024,Feminino,Indígena,1,1,68160.00,68160.00,1,3,12,3
2024,Feminino,Não informado,9,1,620140.00,74860.00,1,3,12,3
2024,Feminino,Parda,72,8,4948420.00,545280.00,1,3,12,3
2024,Feminino,Preta,18,1,1232080.00,68160.00,1,3,12,3
2024,Masculino,Branca,39,8,2689940.00,545280.00,1,3,12,3
2024,Masculino,Indígena,1,0,68160.00,0.00,1,3,12,3
2024,Masculino,Não informado,3,0,204480.00,0.00,1,3,12,3
2024,Masculino,Parda,58,15,3978080.00,1027600.00,1,3,12,3
2024,Masculino,Preta,12,1,783840.00,68160.00,1,3,12,3
2024,Feminino,Branca,6,2,414910.00,136320.00,1,3,12,4
2024,Feminino,Não informado,1,0,68160.00,0.00,1,3,12,4
2024,Feminino,Parda,4,0,272640.00,0.00,1,3,12,4
2024,Feminino,Preta,1,0,68160.00,0.00,1,3,12,4
2024,Masculino,Amarela,1,0,68160.00,0.00,1,3,12,4
2024,Masculino,Branca,7,1,448720.00,68160.00,1,3,12,4
2024,Masculino,Parda,9,2,631540.00,136320.00,1,3,12,4
2024,Masculino,Preta,1,1,68160.00,68160.00,1,3,12,4
2024,Feminino,Amarela,5,0,357150.00,0.00,1,3,12,6
2024,Feminino,Branca,130,25,8887900.00,1704000.00,1,3,12,6
2024,Feminino,Não informado,12,2,817920.00,136320.00,1,3,12,6
2024,Feminino,Parda,74,10,5049790.00,681600.00,1,3,12,6
2024,Feminino,Preta,21,5,1436560.00,340800.00,1,3,12,6
2024,Masculino,Amarela,1,0,68160.00,0.00,1,3,12,6
2024,Masculino,Branca,65,2,4454000.00,136320.00,1,3,12,6
2024,Masculino,Indígena,2,0,142520.00,0.00,1,3,12,6
2024,Masculino,Não informado,7,2,477120.00,136320.00,1,3,12,6
2024,Masculino,Parda,56,13,3856985.00,891780.00,1,3,12,6
2024,Masculino,Preta,15,3,1065550.00,210430.00,1,3,12,6
2024,Não informado,Branca,1,0,68160.00,0.00,1,3,12,6
2024,Não informado,Preta,1,0,68160.00,0.00,1,3,12,6
2024,Feminino,Amarela,1,0,68160.00,0.00,1,3,12,7
2024,Feminino,Branca,122,27,8351440.00,1850720.00,1,3,12,7
2024,Feminino,Não informado,8,1,545280.00,68160.00,1,3,12,7
2024,Feminino,Parda,15,1,1038800.00,68160.00,1,3,12,7
2024,Feminino,Preta,7,1,477120.00,68160.00,1,3,12,7
2024,Masculino,Branca,50,6,3431100.00,408960.00,1,3,12,7
2024,Masculino,Não informado,4,0,272640.00,0.00,1,3,12,7
2024,Masculino,Parda,21,3,1455710.00,204480.00,1,3,12,7
2024,Masculino,Preta,3,0,226198.00,0.00,1,3,12,7
2024,Feminino,Amarela,1,0,200000.00,0.00,2,1,7,1
2024,Feminino,Branca,109,34,43096486.90,14841613.65,2,1,7,1
2024,Feminino,Não informado,24,11,8357393.88,3233479.08,2,1,7,1
2024,Feminino,Parda,27,7,12064980.05,1635159.28,2,1,7,1
2024,Feminino,Preta,4,1,2689740.40,1543200.00,2,1,7,1
2024,Masculino,Amarela,3,0,723799.25,0.00,2,1,7,1
2024,Masculino,Branca,112,35,93092131.18,17213365.91,2,1,7,1
2024,Masculino,Indígena,3,3,3845704.00,3744964.00,2,1,7,1
2024,Masculino,Não informado,37,14,19168164.66,5187008.59,2,1,7,1
2024,Masculino,Parda,44,11,38099126.28,6911898.33,2,1,7,1
2024,Masculino,Preta,7,4,2760025.40,2101649.79,2,1,7,1
2024,Feminino,Amarela,1,1,1153799.80,1083799.84,2,1,7,2
2024,Feminino,Branca,18,9,3268967.26,1258637.61,2,1,7,2
2024,Feminino,Não informado,4,1,648555.88,60411.27,2,1,7,2
2024,Feminino,Parda,10,4,2357723.29,326061.19,2,1,7,2
2024,Feminino,Preta,1,1,58284.07,60493.23,2,1,7,2
2024,Masculino,Branca,19,9,4183701.87,2033693.48,2,1,7,2
2024,Masculino,Não informado,3,3,933587.59,938005.95,2,1,7,2
2024,Masculino,Parda,12,4,1954472.99,239385.32,2,1,7,2
2024,Feminino,Amarela,2,1,604466.72,58341.85,2,1,7,3
2024,Feminino,Branca,227,63,113864000.38,26918733.00,2,1,7,3
2024,Feminino,Indígena,1,0,1278772.46,0.00,2,1,7,3
2024,Feminino,Não informado,38,12,13674395.57,2624814.07,2,1,7,3
2024,Feminino,Parda,134,32,62235660.86,7002023.08,2,1,7,3
2024,Feminino,Preta,27,7,6823212.07,910526.11,2,1,7,3
2024,Masculino,Amarela,9,4,3674361.94,1846021.05,2,1,7,3
2024,Masculino,Branca,227,62,119730050.66,36904816.19,2,1,7,3
2024,Masculino,Indígena,1,0,200000.00,0.00,2,1,7,3
2024,Masculino,Não informado,97,33,47289387.90,15315705.81,2,1,7,3
2024,Masculino,Parda,130,38,65620985.36,19591268.66,2,1,7,3
2024,Masculino,Preta,27,5,10431231.74,1799459.84,2,1,7,3
2024,Feminino,Amarela,5,3,1393063.00,352480.00,2,1,7,4
2024,Feminino,Branca,67,15,112932288.60,12491838.34,2,1,7,4
2024,Feminino,Não informado,23,5,15220887.05,2455533.41,2,1,7,4
2024,Feminino,Parda,56,15,94798066.63,28477507.59,2,1,7,4
2024,Feminino,Preta,5,3,1132516.21,881364.40,2,1,7,4
2024,Masculino,Amarela,5,0,12615968.80,0.00,2,1,7,4
2024,Masculino,Branca,106,29,173580373.98,37769270.14,2,1,7,4
2024,Masculino,Não informado,20,7,23510441.29,3715884.08,2,1,7,4
2024,Masculino,Parda,72,25,141696501.66,39280238.53,2,1,7,4
2024,Masculino,Preta,9,2,12760660.90,9800592.07,2,1,7,4
2024,Feminino,Amarela,22,4,20979385.81,1905038.40,2,1,7,6
2024,Feminino,Branca,692,218,439144760.24,96641714.85,2,1,7,6
2024,Feminino,Indígena,3,2,750278.76,451398.76,2,1,7,6
2024,Feminino,Não informado,116,32,63330782.20,17804954.02,2,1,7,6
2024,Feminino,Parda,107,30,60460788.50,16438005.95,2,1,7,6
2024,Feminino,Preta,26,6,17177334.45,2703650.99,2,1,7,6
2024,Masculino,Amarela,21,4,15224978.14,1363800.00,2,1,7,6
2024,Masculino,Branca,683,229,325552982.98,96224931.22,2,1,7,6
2024,Masculino,Indígena,3,0,460871.45,0.00,2,1,7,6
2024,Masculino,Não informado,176,67,110681992.15,32178992.20,2,1,7,6
2024,Masculino,Parda,121,43,64710574.44,15374234.55,2,1,7,6
2024,Masculino,Preta,26,10,12076087.86,2976204.35,2,1,7,6
2024,Feminino,Amarela,2,1,1757481.00,599941.20,2,1,7,7
2024,Feminino,Branca,342,104,169675816.16,46378496.00,2,1,7,7
2024,Feminino,Não informado,38,13,15980950.73,3077183.87,2,1,7,7
2024,Feminino,Parda,12,2,4165796.27,486830.00,2,1,7,7
2024,Feminino,Preta,3,1,537177.59,146000.00,2,1,7,7
2024,Masculino,Amarela,9,4,3941751.29,1530575.18,2,1,7,7
2024,Masculino,Branca,295,89,131434341.82,42786807.65,2,1,7,7
2024,Masculino,Não informado,63,19,23923132.68,9289328.85,2,1,7,7
2024,Masculino,Parda,14,6,3809476.04,2010203.56,2,1,7,7
2024,Masculino,Preta,5,1,2300269.29,202550.00,2,1,7,7
2024,Masculino,Branca,3,2,62264.80,40828.00,2,3,3,1
2024,Masculino,Indígena,1,0,21436.80,0.00,2,3,3,1
2024,Masculino,Parda,1,0,14291.20,0.00,2,3,3,1
2024,Masculino,Amarela,1,1,10995.60,10995.60,2,3,3,3
2024,Masculino,Branca,3,1,62542.00,26536.80,2,3,3,3
2024,Feminino,Branca,4,1,83060.40,25286.80,2,3,3,6
2024,Feminino,Não informado,1,1,25536.80,25536.80,2,3,3,6
2024,Feminino,Preta,1,0,26036.80,0.00,2,3,3,6
2024,Masculino,Branca,1,0,17891.20,0.00,2,3,3,6
2024,Masculino,Não informado,2,1,42873.60,21436.80,2,3,3,6
2024,Feminino,Branca,3,1,58692.00,21436.80,2,3,3,7
2024,Masculino,Não informado,1,1,19391.20,19391.20,2,3,3,7
2024,Feminino,Branca,28,15,2116800.00,1209600.00,2,3,6,1
2024,Feminino,Indígena,1,0,75600.00,0.00,2,3,6,1
2024,Feminino,Não informado,6,1,453600.00,75600.00,2,3,6,1
2024,Feminino,Parda,6,2,453600.00,226800.00,2,3,6,1
2024,Feminino,Preta,2,0,151200.00,0.00,2,3,6,1
2024,Masculino,Branca,39,15,2948400.00,1234800.00,2,3,6,1
2024,Masculino,Não informado,15,12,1134000.00,982800.00,2,3,6,1
2024,Masculino,Parda,10,2,756000.00,201600.00,2,3,6,1
2024,Masculino,Preta,3,2,226800.00,151200.00,2,3,6,1
2024,Feminino,Amarela,1,0,75600.00,0.00,2,3,6,3
2024,Feminino,Branca,60,22,4536000.00,1738800.00,2,3,6,3
2024,Feminino,Não informado,12,7,907200.00,554400.00,2,3,6,3
2024,Feminino,Parda,35,14,2646000.00,1108800.00,2,3,6,3
2024,Feminino,Preta,7,4,529200.00,302400.00,2,3,6,3
2024,Masculino,Amarela,4,1,302400.00,75600.00,2,3,6,3
2024,Masculino,Branca,91,48,6879600.00,3931200.00,2,3,6,3
2024,Masculino,Indígena,1,0,75600.00,0.00,2,3,6,3
2024,Masculino,Não informado,32,18,2419200.00,1436400.00,2,3,6,3
2024,Masculino,Parda,44,20,3326400.00,1638000.00,2,3,6,3
2024,Masculino,Preta,10,3,756000.00,226800.00,2,3,6,3
2024,Feminino,Amarela,1,1,75600.00,126000.00,2,3,6,4
2024,Feminino,Branca,19,7,1436400.00,554400.00,2,3,6,4
2024,Feminino,Não informado,4,1,302400.00,75600.00,2,3,6,4
2024,Feminino,Parda,12,4,907200.00,327600.00,2,3,6,4
2024,Masculino,Branca,31,12,2343600.00,932400.00,2,3,6,4
2024,Masculino,Não informado,6,2,453600.00,151200.00,2,3,6,4
2024,Masculino,Parda,33,13,2494800.00,1108800.00,2,3,6,4
2024,Masculino,Preta,1,0,75600.00,0.00,2,3,6,4
2024,Feminino,Amarela,13,8,982800.00,655200.00,2,3,6,6
2024,Feminino,Branca,356,148,26913600.00,12020400.00,2,3,6,6
2024,Feminino,Indígena,1,0,75600.00,0.00,2,3,6,6
2024,Feminino,Não informado,61,30,4611600.00,2293200.00,2,3,6,6
2024,Feminino,Parda,36,16,2721600.00,1234800.00,2,3,6,6
2024,Feminino,Preta,7,2,529200.00,176400.00,2,3,6,6
2024,Masculino,Amarela,11,4,831600.00,302400.00,2,3,6,6
2024,Masculino,Branca,347,188,26233200.00,16556400.00,2,3,6,6
2024,Masculino,Não informado,89,53,6728400.00,4460400.00,2,3,6,6
2024,Masculino,Parda,40,20,3024000.00,1688400.00,2,3,6,6
2024,Masculino,Preta,7,3,529200.00,252000.00,2,3,6,6
2024,Feminino,Amarela,1,0,75600.00,0.00,2,3,6,7
2024,Feminino,Branca,135,72,10206000.00,5695200.00,2,3,6,7
2024,Feminino,Não informado,13,8,982800.00,604800.00,2,3,6,7
2024,Feminino,Parda,2,1,151200.00,75600.00,2,3,6,7
2024,Feminino,Preta,1,1,75600.00,75600.00,2,3,6,7
2024,Masculino,Amarela,2,1,151200.00,75600.00,2,3,6,7
2024,Masculino,Branca,110,65,8316000.00,5392800.00,2,3,6,7
2024,Masculino,Não informado,32,14,2419200.00,1234800.00,2,3,6,7
2024,Masculino,Parda,8,2,604800.00,151200.00,2,3,6,7
2024,Masculino,Preta,2,2,151200.00,201600.00,2,3,6,7
2024,Feminino,Branca,2,0,168000.00,0.00,2,3,7,1
2024,Feminino,Não informado,2,0,140000.00,0.00,2,3,7,1
2024,Feminino,Parda,1,0,126000.00,0.00,2,3,7,1
2024,Masculino,Branca,2,0,98000.00,0.00,2,3,7,1
2024,Masculino,Não informado,1,0,28000.00,0.00,2,3,7,1
2024,Feminino,Branca,1,0,70000.00,0.00,2,3,7,3
2024,Feminino,Não informado,2,0,140000.00,0.00,2,3,7,3
2024,Feminino,Parda,1,0,84000.00,0.00,2,3,7,3
2024,Masculino,Branca,2,0,252000.00,0.00,2,3,7,3
2024,Masculino,Não informado,1,0,112000.00,0.00,2,3,7,3
2024,Masculino,Parda,2,0,168000.00,0.00,2,3,7,3
2024,Masculino,Preta,1,0,42000.00,0.00,2,3,7,3
2024,Feminino,Parda,1,0,42000.00,0.00,2,3,7,4
2024,Masculino,Parda,1,1,42000.00,42000.00,2,3,7,4
2024,Feminino,Branca,4,1,378000.00,56000.00,2,3,7,6
2024,Masculino,Branca,11,1,980000.00,28000.00,2,3,7,6
2024,Masculino,Não informado,1,0,70000.00,0.00,2,3,7,6
2024,Masculino,Parda,2,1,252000.00,56000.00,2,3,7,6
2024,Feminino,Branca,3,0,280000.00,0.00,2,3,7,7
2024,Masculino,Branca,4,0,378000.00,0.00,2,3,7,7
2024,Masculino,Não informado,2,1,196000.00,56000.00,2,3,7,7
2024,Masculino,Parda,1,0,126000.00,0.00,2,3,7,7
2024,Feminino,Branca,4,2,322500.00,156000.00,2,3,8,1
2024,Feminino,Parda,3,1,234000.00,78000.00,2,3,8,1
2024,Masculino,Branca,1,0,78000.00,0.00,2,3,8,1
2024,Masculino,Não informado,1,0,78000.00,0.00,2,3,8,1
2024,Masculino,Parda,6,0,477950.00,0.00,2,3,8,1
2024,Masculino,Preta,1,0,78000.00,0.00,2,3,8,1
2024,Feminino,Branca,7,1,546000.00,78000.00,2,3,8,3
2024,Feminino,Não informado,6,0,468000.00,0.00,2,3,8,3
2024,Feminino,Parda,4,1,312000.00,78000.00,2,3,8,3
2024,Masculino,Branca,11,1,783250.00,78000.00,2,3,8,3
2024,Masculino,Não informado,3,0,234000.00,0.00,2,3,8,3
2024,Masculino,Parda,5,0,390000.00,0.00,2,3,8,3
2024,Masculino,Preta,1,0,78000.00,0.00,2,3,8,3
2024,Feminino,Branca,1,0,78000.00,0.00,2,3,8,4
2024,Feminino,Não informado,1,0,78000.00,0.00,2,3,8,4
2024,Masculino,Branca,5,1,398200.00,78000.00,2,3,8,4
2024,Masculino,Parda,6,1,462000.00,78000.00,2,3,8,4
2024,Feminino,Amarela,3,1,234000.00,78000.00,2,3,8,6
2024,Feminino,Branca,19,4,1504900.00,319000.00,2,3,8,6
2024,Feminino,Não informado,8,2,624000.00,156000.00,2,3,8,6
2024,Feminino,Parda,5,0,390000.00,0.00,2,3,8,6
2024,Masculino,Amarela,1,0,78000.00,0.00,2,3,8,6
2024,Masculino,Branca,43,8,3381450.00,637000.00,2,3,8,6
2024,Masculino,Não informado,6,2,437800.00,156500.00,2,3,8,6
2024,Masculino,Parda,8,0,624000.00,0.00,2,3,8,6
2024,Masculino,Preta,2,0,166500.00,0.00,2,3,8,6
2024,Feminino,Branca,11,0,858000.00,0.00,2,3,8,7
2024,Feminino,Não informado,1,0,78000.00,0.00,2,3,8,7
2024,Feminino,Preta,1,0,78000.00,0.00,2,3,8,7
2024,Masculino,Branca,7,1,546000.00,78000.00,2,3,8,7
2024,Masculino,Não informado,2,0,163250.00,0.00,2,3,8,7
2024,Masculino,Parda,3,1,243000.00,78000.00,2,3,8,7
2024,Feminino,Branca,3,0,187200.00,0.00,2,3,11,1
2024,Feminino,Não informado,1,0,62400.00,0.00,2,3,11,1
2024,Feminino,Parda,1,1,62400.00,62400.00,2,3,11,1
2024,Masculino,Branca,2,0,124800.00,0.00,2,3,11,1
2024,Masculino,Não informado,1,0,62400.00,0.00,2,3,11,1
2024,Masculino,Parda,2,1,124800.00,62400.00,2,3,11,1
2024,Feminino,Amarela,1,0,62400.00,0.00,2,3,11,3
2024,Feminino,Branca,2,0,124800.00,0.00,2,3,11,3
2024,Feminino,Parda,1,0,62400.00,0.00,2,3,11,3
2024,Masculino,Branca,1,0,62400.00,0.00,2,3,11,3
2024,Masculino,Parda,1,0,62400.00,0.00,2,3,11,3
2024,Feminino,Branca,8,1,499200.00,62400.00,2,3,11,6
2024,Feminino,Não informado,1,1,62400.00,62400.00,2,3,11,6
2024,Feminino,Parda,5,0,318200.00,0.00,2,3,11,6
2024,Masculino,Branca,2,0,104000.00,0.00,2,3,11,6
2024,Masculino,Parda,3,2,187200.00,124800.00,2,3,11,6
2024,Masculino,Preta,1,0,62400.00,0.00,2,3,11,6
2024,Feminino,Branca,10,1,598000.00,62400.00,2,3,11,7
2024,Feminino,Não informado,1,0,62400.00,0.00,2,3,11,7
2024,Masculino,Branca,4,1,249600.00,62400.00,2,3,11,7
2024,Feminino,Amarela,1,1,68160.00,68160.00,2,3,12,1
2024,Feminino,Branca,50,5,3419400.00,340800.00,2,3,12,1
2024,Feminino,Não informado,8,1,551230.00,68160.00,2,3,12,1
2024,Feminino,Parda,16,0,1091360.00,0.00,2,3,12,1
2024,Feminino,Preta,2,0,136320.00,0.00,2,3,12,1
2024,Masculino,Branca,31,5,2125610.00,353450.00,2,3,12,1
2024,Masculino,Não informado,6,0,408960.00,0.00,2,3,12,1
2024,Masculino,Parda,13,2,892030.00,142270.00,2,3,12,1
2024,Masculino,Preta,2,0,136320.00,0.00,2,3,12,1
2024,Não informado,Branca,1,0,68160.00,0.00,2,3,12,1
2024,Masculino,Preta,1,0,68160.00,0.00,2,3,12,2
2024,Feminino,Amarela,2,1,136320.00,68160.00,2,3,12,3
2024,Feminino,Branca,76,12,5186360.00,817920.00,2,3,12,3
2024,Feminino,Indígena,1,0,76060.00,0.00,2,3,12,3
2024,Feminino,Não informado,13,3,891780.00,204480.00,2,3,12,3
2024,Feminino,Parda,79,10,5384540.00,681600.00,2,3,12,3
2024,Feminino,Preta,13,1,886080.00,68160.00,2,3,12,3
2024,Masculino,Amarela,1,0,68160.00,0.00,2,3,12,3
2024,Masculino,Branca,62,9,4246520.00,618640.00,2,3,12,3
2024,Masculino,Indígena,1,0,68160.00,0.00,2,3,12,3
2024,Masculino,Não informado,9,1,613440.00,68160.00,2,3,12,3
2024,Masculino,Parda,57,10,3974520.00,744900.00,2,3,12,3
2024,Masculino,Preta,14,1,959940.00,68160.00,2,3,12,3
2024,Não informado,Branca,1,0,68160.00,0.00,2,3,12,3
2024,Feminino,Amarela,2,0,141520.00,0.00,2,3,12,4
2024,Feminino,Branca,16,2,1096760.00,136320.00,2,3,12,4
2024,Feminino,Não informado,4,0,272640.00,0.00,2,3,12,4
2024,Feminino,Parda,24,4,1677240.00,272640.00,2,3,12,4
2024,Feminino,Preta,1,0,68160.00,0.00,2,3,12,4
2024,Masculino,Amarela,1,0,68160.00,0.00,2,3,12,4
2024,Masculino,Branca,17,4,1130320.00,272640.00,2,3,12,4
2024,Masculino,Não informado,1,1,74110.00,74110.00,2,3,12,4
2024,Masculino,Parda,25,3,1704000.00,204480.00,2,3,12,4
2024,Masculino,Preta,3,0,204480.00,0.00,2,3,12,4
2024,Feminino,Amarela,6,0,408960.00,0.00,2,3,12,6
2024,Feminino,Branca,271,36,18501610.00,2466160.00,2,3,12,6
2024,Feminino,Não informado,44,3,3024240.00,204480.00,2,3,12,6
2024,Feminino,Parda,102,10,6970170.00,681600.00,2,3,12,6
2024,Feminino,Preta,26,3,1777860.00,204480.00,2,3,12,6
2024,Masculino,Amarela,5,0,346500.00,0.00,2,3,12,6
2024,Masculino,Branca,161,38,10964180.00,2590080.00,2,3,12,6
2024,Masculino,Não informado,29,6,1982340.00,414660.00,2,3,12,6
2024,Masculino,Parda,81,16,5563580.00,1110880.00,2,3,12,6
2024,Masculino,Preta,26,4,1782780.00,266960.00,2,3,12,6
2024,Não informado,Não informado,1,0,68160.00,0.00,2,3,12,6
2024,Não informado,Preta,1,0,6816000.00,0.00,2,3,12,6
2024,Feminino,Amarela,2,1,136320.00,68160.00,2,3,12,7
2024,Feminino,Branca,175,35,11843440.00,2385600.00,2,3,12,7
2024,Feminino,Não informado,11,0,763160.00,0.00,2,3,12,7
2024,Feminino,Parda,15,0,1041500.00,0.00,2,3,12,7
2024,Feminino,Preta,4,0,272640.00,0.00,2,3,12,7
2024,Masculino,Branca,83,20,5679880.00,1375600.00,2,3,12,7
2024,Masculino,Não informado,14,3,920160.00,204480.00,2,3,12,7
2024,Masculino,Parda,20,5,1363200.00,340800.00,2,3,12,7
2024,Masculino,Preta,2,0,136320.00,0.00,2,3,12,7
2024,Não informado,Branca,1,0,73360.00,0.00,2,3,12,7
2024,Não informado,Não informado,1,0,74560.00,0.00,2,3,12,7
2024,Feminino,Amarela,1,0,369981.67,0.00,3,1,7,1
2024,Feminino,Branca,39,15,14310953.14,4333489.27,3,1,7,1
2024,Feminino,Não informado,11,1,2269475.48,135900.00,3,1,7,1
2024,Feminino,Parda,20,3,5044856.12,1187081.84,3,1,7,1
2024,Feminino,Preta,6,0,2662352.70,0.00,3,1,7,1
2024,Masculino,Amarela,4,1,1517216.25,222999.94,3,1,7,1
2024,Masculino,Branca,115,34,36149923.91,8926729.21,3,1,7,1
2024,Masculino,Indígena,2,0,391350.00,0.00,3,1,7,1
2024,Masculino,Não informado,34,11,25646687.51,3252263.99,3,1,7,1
2024,Masculino,Parda,49,14,26769991.75,3515470.44,3,1,7,1
2024,Masculino,Preta,17,5,4540811.09,511500.00,3,1,7,1
2024,Feminino,Amarela,4,2,890817.16,400491.42,3,1,7,2
2024,Feminino,Branca,10,7,1141110.87,685169.53,3,1,7,2
2024,Feminino,Não informado,1,1,58284.07,60493.23,3,1,7,2
2024,Feminino,Parda,7,4,1236036.78,564642.62,3,1,7,2
2024,Masculino,Branca,21,9,6123886.95,2784318.86,3,1,7,2
2024,Masculino,Não informado,3,3,1161076.18,1194796.70,3,1,7,2
2024,Masculino,Parda,11,7,1650811.61,568464.34,3,1,7,2
2024,Masculino,Preta,2,2,115399.60,117608.76,3,1,7,2
2024,Feminino,Amarela,4,0,1340926.36,0.00,3,1,7,3
2024,Feminino,Branca,120,52,84491308.05,31888396.48,3,1,7,3
2024,Feminino,Não informado,19,8,24145413.31,8482887.84,3,1,7,3
2024,Feminino,Parda,74,19,46583994.44,5921658.98,3,1,7,3
2024,Feminino,Preta,18,7,4245924.28,693257.56,3,1,7,3
2024,Masculino,Amarela,13,3,3969488.59,651195.56,3,1,7,3
2024,Masculino,Branca,287,92,116985332.91,25280550.57,3,1,7,3
2024,Masculino,Indígena,6,1,1603351.52,197849.44,3,1,7,3
2024,Masculino,Não informado,108,55,32673361.69,15622200.15,3,1,7,3
2024,Masculino,Parda,199,68,71270967.45,26997733.27,3,1,7,3
2024,Masculino,Preta,46,13,14667835.49,4327731.16,3,1,7,3
2024,Feminino,Branca,38,16,74320008.12,14023917.84,3,1,7,4
2024,Feminino,Indígena,1,0,199520.00,0.00,3,1,7,4
2024,Feminino,Não informado,7,2,2320599.50,585159.56,3,1,7,4
2024,Feminino,Parda,25,8,8410095.82,646520.25,3,1,7,4
2024,Feminino,Preta,1,0,155440.00,0.00,3,1,7,4
2024,Masculino,Amarela,1,1,32852.06,32852.00,3,1,7,4
2024,Masculino,Branca,72,26,132622508.70,47131763.17,3,1,7,4
2024,Masculino,Indígena,1,1,163240.00,147296.00,3,1,7,4
2024,Masculino,Não informado,19,5,32263849.53,1042529.91,3,1,7,4
2024,Masculino,Parda,85,18,82091807.55,6160173.85,3,1,7,4
2024,Masculino,Preta,11,3,3597379.74,403800.00,3,1,7,4
2024,Feminino,Amarela,12,6,3899211.80,2237599.84,3,1,7,6
2024,Feminino,Branca,299,103,134131830.55,35192182.61,3,1,7,6
2024,Feminino,Indígena,1,1,578056.77,219591.00,3,1,7,6
2024,Feminino,Não informado,48,18,56236485.67,27446004.20,3,1,7,6
2024,Feminino,Parda,61,17,32093975.37,5373876.17,3,1,7,6
2024,Feminino,Preta,6,3,1637680.00,575598.30,3,1,7,6
2024,Masculino,Amarela,18,7,5475666.26,2534195.78,3,1,7,6
2024,Masculino,Branca,697,238,297007936.19,97335333.46,3,1,7,6
2024,Masculino,Indígena,5,2,870488.11,301926.51,3,1,7,6
2024,Masculino,Não informado,192,92,101498137.72,59649818.01,3,1,7,6
2024,Masculino,Parda,153,50,61895266.51,22995971.46,3,1,7,6
2024,Masculino,Preta,37,8,11224398.40,3526668.53,3,1,7,6
2024,Feminino,Amarela,5,1,1524793.40,211200.00,3,1,7,7
2024,Feminino,Branca,132,37,78416739.51,33324021.01,3,1,7,7
2024,Feminino,Não informado,25,9,9086786.17,1595750.47,3,1,7,7
2024,Feminino,Parda,13,6,3351046.09,1804180.11,3,1,7,7
2024,Feminino,Preta,3,1,547379.04,47533.52,3,1,7,7
2024,Masculino,Amarela,8,0,6330131.69,0.00,3,1,7,7
2024,Masculino,Branca,400,149,204849602.70,64083191.38,3,1,7,7
2024,Masculino,Indígena,1,0,4500000.00,0.00,3,1,7,7
2024,Masculino,Não informado,50,18,13618458.72,3437076.22,3,1,7,7
2024,Masculino,Parda,27,9,8250542.10,2541412.08,3,1,7,7
2024,Masculino,Preta,4,0,812634.47,0.00,3,1,7,7
2024,Feminino,Branca,1,0,21436.80,0.00,3,3,3,1
2024,Masculino,Branca,1,0,14291.20,0.00,3,3,3,1
2024,Feminino,Não informado,1,1,13818.40,13818.40,3,3,3,3
2024,Masculino,Branca,2,1,38755.20,17318.40,3,3,3,3
2024,Feminino,Branca,2,2,51473.60,51473.60,3,3,3,6
2024,Feminino,Parda,1,0,21436.80,0.00,3,3,3,6
2024,Masculino,Branca,5,3,85747.20,50019.20,3,3,3,6
2024,Masculino,Não informado,3,0,39300.80,0.00,3,3,3,6
2024,Masculino,Parda,4,2,91747.20,48873.60,3,3,3,6
2024,Feminino,Parda,1,1,26236.80,26236.80,3,3,3,7
2024,Feminino,Preta,1,0,21864.00,0.00,3,3,3,7
2024,Masculino,Branca,1,0,21436.80,0.00,3,3,3,7
2024,Feminino,Amarela,2,0,151200.00,0.00,3,3,6,1
2024,Feminino,Branca,31,13,2343600.00,1033200.00,3,3,6,1
2024,Feminino,Não informado,4,3,302400.00,226800.00,3,3,6,1
2024,Feminino,Parda,8,5,604800.00,378000.00,3,3,6,1
2024,Feminino,Preta,3,1,226800.00,126000.00,3,3,6,1
2024,Masculino,Amarela,2,1,151200.00,100800.00,3,3,6,1
2024,Masculino,Branca,79,38,5972400.00,3049200.00,3,3,6,1
2024,Masculino,Indígena,1,0,75600.00,0.00,3,3,6,1
2024,Masculino,Não informado,19,8,1436400.00,630000.00,3,3,6,1
2024,Masculino,Parda,42,14,3175200.00,1184400.00,3,3,6,1
2024,Masculino,Preta,7,4,529200.00,327600.00,3,3,6,1
2024,Feminino,Amarela,5,1,378000.00,75600.00,3,3,6,3
2024,Feminino,Branca,54,15,4082400.00,1209600.00,3,3,6,3
2024,Feminino,Não informado,18,6,1360800.00,453600.00,3,3,6,3
2024,Feminino,Parda,36,13,2721600.00,1083600.00,3,3,6,3
2024,Feminino,Preta,9,0,680400.00,0.00,3,3,6,3
2024,Masculino,Amarela,4,1,302400.00,75600.00,3,3,6,3
2024,Masculino,Branca,214,86,16178400.00,6980400.00,3,3,6,3
2024,Masculino,Indígena,2,0,151200.00,0.00,3,3,6,3
2024,Masculino,Não informado,78,38,5896800.00,3452400.00,3,3,6,3
2024,Masculino,Parda,177,67,13381200.00,5418000.00,3,3,6,3
2024,Masculino,Preta,32,13,2419200.00,1008000.00,3,3,6,3
2024,Feminino,Branca,13,1,982800.00,75600.00,3,3,6,4
2024,Feminino,Não informado,3,0,226800.00,0.00,3,3,6,4
2024,Feminino,Parda,9,0,680400.00,0.00,3,3,6,4
2024,Feminino,Preta,1,0,75600.00,0.00,3,3,6,4
2024,Masculino,Amarela,1,0,75600.00,0.00,3,3,6,4
2024,Masculino,Branca,36,16,2721600.00,1335600.00,3,3,6,4
2024,Masculino,Não informado,15,10,1134000.00,856800.00,3,3,6,4
2024,Masculino,Parda,43,14,3250800.00,1159200.00,3,3,6,4
2024,Masculino,Preta,8,4,604800.00,327600.00,3,3,6,4
2024,Feminino,Amarela,12,5,907200.00,378000.00,3,3,6,6
2024,Feminino,Branca,215,90,16254000.00,7459200.00,3,3,6,6
2024,Feminino,Não informado,52,29,3931200.00,2570400.00,3,3,6,6
2024,Feminino,Parda,31,14,2343600.00,1083600.00,3,3,6,6
2024,Feminino,Preta,7,1,529200.00,75600.00,3,3,6,6
2024,Masculino,Amarela,12,10,907200.00,882000.00,3,3,6,6
2024,Masculino,Branca,701,333,52995600.00,28425600.00,3,3,6,6
2024,Masculino,Indígena,5,1,378000.00,100800.00,3,3,6,6
2024,Masculino,Não informado,232,118,17539200.00,10180800.00,3,3,6,6
2024,Masculino,Parda,126,57,9525600.00,4662000.00,3,3,6,6
2024,Masculino,Preta,27,9,2041200.00,730800.00,3,3,6,6
2024,Feminino,Amarela,2,1,151200.00,75600.00,3,3,6,7
2024,Feminino,Branca,83,47,6274800.00,3679200.00,3,3,6,7
2024,Feminino,Não informado,8,5,604800.00,403200.00,3,3,6,7
2024,Feminino,Parda,10,3,756000.00,226800.00,3,3,6,7
2024,Feminino,Preta,2,1,151200.00,75600.00,3,3,6,7
2024,Masculino,Amarela,3,2,226800.00,151200.00,3,3,6,7
2024,Masculino,Branca,216,94,16329600.00,7761600.00,3,3,6,7
2024,Masculino,Não informado,52,25,3931200.00,2091600.00,3,3,6,7
2024,Masculino,Parda,19,5,1436400.00,428400.00,3,3,6,7
2024,Masculino,Preta,4,1,302400.00,75600.00,3,3,6,7
2024,Feminino,Branca,1,0,126000.00,0.00,3,3,7,1
2024,Masculino,Branca,1,0,126000.00,0.00,3,3,7,1
2024,Feminino,Parda,1,1,42000.00,42000.00,3,3,7,3
2024,Masculino,Branca,9,1,784000.00,84000.00,3,3,7,3
2024,Masculino,Não informado,5,1,294000.00,42000.00,3,3,7,3
2024,Masculino,Parda,3,0,196000.00,0.00,3,3,7,3
2024,Feminino,Branca,2,1,210000.00,84000.00,3,3,7,6
2024,Feminino,Não informado,1,1,84000.00,56000.00,3,3,7,6
2024,Masculino,Amarela,1,0,126000.00,0.00,3,3,7,6
2024,Masculino,Branca,8,1,770000.00,84000.00,3,3,7,6
2024,Masculino,Não informado,8,1,714000.00,14000.00,3,3,7,6
2024,Masculino,Parda,5,0,504000.00,0.00,3,3,7,6
2024,Masculino,Preta,1,0,126000.00,0.00,3,3,7,6
2024,Feminino,Branca,1,0,42000.00,0.00,3,3,7,7
2024,Feminino,Não informado,1,0,126000.00,0.00,3,3,7,7
2024,Masculino,Branca,11,1,756000.00,84000.00,3,3,7,7
2024,Masculino,Não informado,5,0,224000.00,0.00,3,3,7,7
2024,Feminino,Branca,2,0,156000.00,0.00,3,3,8,1
2024,Feminino,Parda,1,0,59250.00,0.00,3,3,8,1
2024,Feminino,Preta,1,0,78000.00,0.00,3,3,8,1
2024,Masculino,Amarela,2,1,97500.00,78000.00,3,3,8,1
2024,Masculino,Branca,4,1,254500.00,78000.00,3,3,8,1
2024,Masculino,Não informado,1,0,78000.00,0.00,3,3,8,1
2024,Masculino,Parda,3,0,234000.00,0.00,3,3,8,1
2024,Feminino,Branca,4,1,396500.00,78000.00,3,3,8,3
2024,Masculino,Amarela,1,0,78000.00,0.00,3,3,8,3
2024,Masculino,Branca,11,1,717800.00,28300.00,3,3,8,3
2024,Masculino,Indígena,1,0,87500.00,0.00,3,3,8,3
2024,Masculino,Não informado,7,0,569500.00,0.00,3,3,8,3
2024,Masculino,Parda,3,1,208750.00,85250.00,3,3,8,3
2024,Masculino,Preta,1,0,78000.00,0.00,3,3,8,3
2024,Masculino,Branca,3,0,250000.00,0.00,3,3,8,4
2024,Masculino,Não informado,1,0,78000.00,0.00,3,3,8,4
2024,Masculino,Parda,1,0,78000.00,0.00,3,3,8,4
2024,Feminino,Branca,10,2,684750.00,60000.00,3,3,8,6
2024,Feminino,Não informado,3,0,241250.00,0.00,3,3,8,6
2024,Masculino,Amarela,1,1,78000.00,78000.00,3,3,8,6
2024,Masculino,Branca,28,3,2263200.00,247500.00,3,3,8,6
2024,Masculino,Não informado,12,4,917500.00,312000.00,3,3,8,6
2024,Masculino,Parda,11,2,884500.00,156000.00,3,3,8,6
2024,Masculino,Preta,4,0,312000.00,0.00,3,3,8,6
2024,Feminino,Branca,4,1,316800.00,78000.00,3,3,8,7
2024,Feminino,Não informado,1,1,79000.00,85500.00,3,3,8,7
2024,Feminino,Parda,1,0,78000.00,0.00,3,3,8,7
2024,Masculino,Branca,16,4,1294500.00,312000.00,3,3,8,7
2024,Masculino,Não informado,2,2,156000.00,156000.00,3,3,8,7
2024,Feminino,Branca,1,0,62400.00,0.00,3,3,11,1
2024,Masculino,Parda,1,0,62400.00,0.00,3,3,11,1
2024,Masculino,Amarela,1,0,39400.00,0.00,3,3,11,3
2024,Masculino,Branca,6,3,374400.00,187200.00,3,3,11,3
2024,Masculino,Não informado,1,1,62400.00,62400.00,3,3,11,3
2024,Masculino,Parda,3,0,193400.00,0.00,3,3,11,3
2024,Feminino,Parda,1,0,75600.00,0.00,3,3,11,4
2024,Masculino,Branca,1,0,62400.00,0.00,3,3,11,4
2024,Masculino,Parda,1,0,207600.00,0.00,3,3,11,4
2024,Feminino,Branca,2,0,124800.00,0.00,3,3,11,6
2024,Feminino,Parda,1,0,62400.00,0.00,3,3,11,6
2024,Masculino,Branca,3,0,187200.00,0.00,3,3,11,6
2024,Masculino,Não informado,1,0,62400.00,0.00,3,3,11,6
2024,Masculino,Parda,1,0,62400.00,0.00,3,3,11,6
2024,Feminino,Branca,2,0,124800.00,0.00,3,3,11,7
2024,Masculino,Branca,1,0,62400.00,0.00,3,3,11,7
2024,Masculino,Parda,1,0,62400.00,0.00,3,3,11,7
2024,Masculino,Preta,1,1,62400.00,62400.00,3,3,11,7
2024,Feminino,Branca,14,4,963740.00,278340.00,3,3,12,1
2024,Feminino,Não informado,3,0,193120.00,0.00,3,3,12,1
2024,Feminino,Parda,8,1,556480.00,68160.00,3,3,12,1
2024,Feminino,Preta,3,1,204480.00,68160.00,3,3,12,1
2024,Masculino,Amarela,1,0,73860.00,0.00,3,3,12,1
2024,Masculino,Branca,14,4,969440.00,287840.00,3,3,12,1
2024,Masculino,Não informado,7,1,486320.00,68160.00,3,3,12,1
2024,Masculino,Parda,9,2,600990.00,136320.00,3,3,12,1
2024,Masculino,Preta,4,0,272640.00,0.00,3,3,12,1
2024,Feminino,Amarela,1,0,68160.00,0.00,3,3,12,3
2024,Feminino,Branca,42,7,2894070.00,494120.00,3,3,12,3
2024,Feminino,Não informado,8,0,545280.00,0.00,3,3,12,3
2024,Feminino,Parda,42,4,2884770.00,272640.00,3,3,12,3
2024,Feminino,Preta,10,1,681600.00,68160.00,3,3,12,3
2024,Masculino,Branca,67,10,4555400.00,683660.00,3,3,12,3
2024,Masculino,Indígena,1,0,87592.31,0.00,3,3,12,3
2024,Masculino,Não informado,13,3,910130.00,216380.00,3,3,12,3
2024,Masculino,Parda,58,6,4000230.00,414910.00,3,3,12,3
2024,Masculino,Preta,12,4,817920.00,272640.00,3,3,12,3
2024,Não informado,Indígena,1,0,68160.00,0.00,3,3,12,3
2024,Feminino,Amarela,1,0,68160.00,0.00,3,3,12,4
2024,Feminino,Branca,2,0,136320.00,0.00,3,3,12,4
2024,Feminino,Não informado,2,0,136320.00,0.00,3,3,12,4
2024,Feminino,Parda,10,2,681600.00,136320.00,3,3,12,4
2024,Feminino,Preta,1,0,68160.00,0.00,3,3,12,4
2024,Masculino,Amarela,1,0,68160.00,0.00,3,3,12,4
2024,Masculino,Branca,8,0,550980.00,0.00,3,3,12,4
2024,Masculino,Não informado,3,0,204480.00,0.00,3,3,12,4
2024,Masculino,Parda,19,3,1268660.00,204480.00,3,3,12,4
2024,Masculino,Preta,2,1,142520.00,68160.00,3,3,12,4
2024,Feminino,Amarela,5,1,340800.00,68160.00,3,3,12,6
2024,Feminino,Branca,134,20,9200810.00,1388200.00,3,3,12,6
2024,Feminino,Não informado,22,5,1515920.00,346000.00,3,3,12,6
2024,Feminino,Parda,48,7,3282580.00,482320.00,3,3,12,6
2024,Feminino,Preta,13,2,886080.00,136320.00,3,3,12,6
2024,Masculino,Amarela,3,1,204480.00,68160.00,3,3,12,6
2024,Masculino,Branca,177,36,12144822.00,2477060.00,3,3,12,6
2024,Masculino,Indígena,3,2,216630.00,142270.00,3,3,12,6
2024,Masculino,Não informado,44,8,3052640.00,551180.00,3,3,12,6
2024,Masculino,Parda,95,10,6546120.00,696000.00,3,3,12,6
2024,Masculino,Preta,27,2,1853720.00,143020.00,3,3,12,6
2024,Não informado,Branca,4,1,288040.00,78360.00,3,3,12,6
2024,Não informado,Não informado,4,1,314175.00,68160.00,3,3,12,6
2024,Não informado,Parda,2,0,146769.19,0.00,3,3,12,6
2024,Feminino,Branca,85,20,5838000.00,1371900.00,3,3,12,7
2024,Feminino,Não informado,7,0,443040.00,0.00,3,3,12,7
2024,Feminino,Parda,8,1,545280.00,68160.00,3,3,12,7
2024,Feminino,Preta,5,1,312400.00,68160.00,3,3,12,7
2024,Masculino,Amarela,2,0,136320.00,0.00,3,3,12,7
2024,Masculino,Branca,63,10,4289700.00,681600.00,3,3,12,7
2024,Masculino,Não informado,8,0,551480.00,0.00,3,3,12,7
2024,Masculino,Parda,11,0,721630.00,0.00,3,3,12,7
2024,Masculino,Preta,7,0,489270.00,0.00,3,3,12,7
2024,Não informado,Branca,1,0,88060.00,0.00,3,3,12,7
2024,Não informado,Não informado,1,0,75760.00,0.00,3,3,12,7
2024,Feminino,Amarela,1,0,155063.29,0.00,4,1,7,1
2024,Feminino,Branca,71,25,19196149.75,6526023.93,4,1,7,1
2024,Feminino,Indígena,1,0,139900.00,0.00,4,1,7,1
2024,Feminino,Não informado,3,0,559603.82,0.00,4,1,7,1
2024,Feminino,Parda,49,19,26427723.35,4942684.58,4,1,7,1
2024,Feminino,Preta,12,4,3496181.87,499459.00,4,1,7,1
2024,Masculino,Amarela,2,0,399000.00,0.00,4,1,7,1
2024,Masculino,Branca,65,25,37596169.59,6227146.97,4,1,7,1
2024,Masculino,Não informado,11,2,1824458.74,84294.21,4,1,7,1
2024,Masculino,Parda,35,12,8378456.02,1732809.02,4,1,7,1
2024,Masculino,Preta,18,3,4338815.85,240500.00,4,1,7,1
2024,Feminino,Branca,30,14,4612516.66,1216661.84,4,1,7,2
2024,Feminino,Não informado,3,1,504187.47,168398.43,4,1,7,2
2024,Feminino,Parda,10,3,1575616.49,398629.27,4,1,7,2
2024,Feminino,Preta,3,1,449074.44,50910.29,4,1,7,2
2024,Masculino,Branca,11,5,2791957.33,467596.79,4,1,7,2
2024,Masculino,Não informado,3,1,1234718.17,971339.84,4,1,7,2
2024,Masculino,Parda,4,2,1359168.80,1012391.65,4,1,7,2
2024,Masculino,Preta,3,2,232786.18,120904.50,4,1,7,2
2024,Feminino,Amarela,4,0,745298.00,0.00,4,1,7,3
2024,Feminino,Branca,151,52,41428673.98,12461827.86,4,1,7,3
2024,Feminino,Indígena,2,0,280423.74,0.00,4,1,7,3
2024,Feminino,Não informado,13,4,2450942.04,612828.25,4,1,7,3
2024,Feminino,Parda,96,36,27166034.22,7456980.59,4,1,7,3
2024,Feminino,Preta,41,15,7040028.34,1587766.20,4,1,7,3
2024,Masculino,Amarela,1,0,199757.25,0.00,4,1,7,3
2024,Masculino,Branca,130,43,68889550.28,21818355.39,4,1,7,3
2024,Masculino,Indígena,3,2,527400.00,149000.00,4,1,7,3
2024,Masculino,Não informado,34,16,11511141.16,2155716.30,4,1,7,3
2024,Masculino,Parda,107,41,34682770.98,12394587.50,4,1,7,3
2024,Masculino,Preta,35,8,8050905.99,702815.19,4,1,7,3
2024,Feminino,Amarela,1,0,232754.75,0.00,4,1,7,4
2024,Feminino,Branca,42,15,41706747.87,2599504.74,4,1,7,4
2024,Feminino,Não informado,3,2,697834.00,860000.00,4,1,7,4
2024,Feminino,Parda,41,16,33214654.41,8417775.42,4,1,7,4
2024,Feminino,Preta,17,11,5167226.75,3477324.04,4,1,7,4
2024,Masculino,Branca,39,18,36050242.56,12234899.43,4,1,7,4
2024,Masculino,Não informado,14,4,13321376.11,483124.63,4,1,7,4
2024,Masculino,Parda,46,12,38906644.52,10900190.08,4,1,7,4
2024,Masculino,Preta,14,3,9567486.18,416373.31,4,1,7,4
2024,Feminino,Amarela,7,1,1236470.00,140000.00,4,1,7,6
2024,Feminino,Branca,312,104,155339869.05,47869445.30,4,1,7,6
2024,Feminino,Indígena,1,1,149906.86,40000.00,4,1,7,6
2024,Feminino,Não informado,53,16,14769407.04,3873832.93,4,1,7,6
2024,Feminino,Parda,63,14,16067699.87,3404427.80,4,1,7,6
2024,Feminino,Preta,37,11,15009948.33,10335017.37,4,1,7,6
2024,Masculino,Amarela,3,2,928850.00,215534.19,4,1,7,6
2024,Masculino,Branca,255,86,108297746.28,54421787.81,4,1,7,6
2024,Masculino,Não informado,70,22,29866210.23,6751086.47,4,1,7,6
2024,Masculino,Parda,71,22,18336563.39,6829878.43,4,1,7,6
2024,Masculino,Preta,30,11,14089595.18,4442890.94,4,1,7,6
2024,Feminino,Amarela,1,0,200000.00,0.00,4,1,7,7
2024,Feminino,Branca,246,67,92783669.55,24241397.78,4,1,7,7
2024,Feminino,Não informado,16,4,3644501.43,1244936.14,4,1,7,7
2024,Feminino,Parda,20,6,41417813.97,9857947.93,4,1,7,7
2024,Feminino,Preta,9,5,2874354.49,697849.19,4,1,7,7
2024,Masculino,Amarela,1,0,251213.39,0.00,4,1,7,7
2024,Masculino,Branca,171,54,51835319.20,11718866.47,4,1,7,7
2024,Masculino,Indígena,1,0,299979.00,0.00,4,1,7,7
2024,Masculino,Não informado,27,10,15119461.17,4457552.19,4,1,7,7
2024,Masculino,Parda,25,11,8714809.63,1153605.64,4,1,7,7
2024,Masculino,Preta,8,1,1166718.63,94671.64,4,1,7,7
2024,Feminino,Não informado,1,1,27336.80,24239.90,4,3,3,1
2024,Feminino,Parda,1,0,21436.80,0.00,4,3,3,1
2024,Masculino,Branca,1,1,13345.60,13345.60,4,3,3,1
2024,Feminino,Branca,2,0,39578.00,0.00,4,3,3,3
2024,Feminino,Parda,1,0,21436.80,0.00,4,3,3,3
2024,Masculino,Branca,1,1,21436.80,21436.80,4,3,3,3
2024,Feminino,Parda,1,0,21436.80,0.00,4,3,3,4
2024,Masculino,Branca,2,0,42873.60,0.00,4,3,3,4
2024,Feminino,Não informado,1,0,25286.80,0.00,4,3,3,6
2024,Masculino,Não informado,1,0,21436.80,0.00,4,3,3,6
2024,Masculino,Branca,1,1,21436.80,21436.80,4,3,3,7
2024,Feminino,Amarela,1,1,75600.00,75600.00,4,3,6,1
2024,Feminino,Branca,54,19,4082400.00,1587600.00,4,3,6,1
2024,Feminino,Indígena,1,0,75600.00,0.00,4,3,6,1
2024,Feminino,Não informado,3,1,226800.00,75600.00,4,3,6,1
2024,Feminino,Parda,20,4,1512000.00,302400.00,4,3,6,1
2024,Feminino,Preta,4,0,302400.00,0.00,4,3,6,1
2024,Masculino,Branca,63,19,4762800.00,1461600.00,4,3,6,1
2024,Masculino,Não informado,21,8,1587600.00,655200.00,4,3,6,1
2024,Masculino,Parda,31,9,2343600.00,705600.00,4,3,6,1
2024,Masculino,Preta,10,3,756000.00,226800.00,4,3,6,1
2024,Feminino,Amarela,2,0,151200.00,0.00,4,3,6,3
2024,Feminino,Branca,100,31,7560000.00,2520000.00,4,3,6,3
2024,Feminino,Indígena,1,0,75600.00,0.00,4,3,6,3
2024,Feminino,Não informado,15,3,1134000.00,226800.00,4,3,6,3
2024,Feminino,Parda,79,20,5972400.00,1512000.00,4,3,6,3
2024,Feminino,Preta,15,0,1134000.00,0.00,4,3,6,3
2024,Masculino,Branca,115,23,8694000.00,1940400.00,4,3,6,3
2024,Masculino,Indígena,1,1,75600.00,75600.00,4,3,6,3
2024,Masculino,Não informado,36,13,2721600.00,1108800.00,4,3,6,3
2024,Masculino,Parda,69,22,5216400.00,1688400.00,4,3,6,3
2024,Masculino,Preta,26,5,1965600.00,378000.00,4,3,6,3
2024,Feminino,Amarela,1,1,75600.00,75600.00,4,3,6,4
2024,Feminino,Branca,33,8,2494800.00,655200.00,4,3,6,4
2024,Feminino,Indígena,1,1,75600.00,75600.00,4,3,6,4
2024,Feminino,Não informado,7,1,529200.00,75600.00,4,3,6,4
2024,Feminino,Parda,18,2,1360800.00,201600.00,4,3,6,4
2024,Feminino,Preta,6,2,453600.00,226800.00,4,3,6,4
2024,Masculino,Amarela,1,0,75600.00,0.00,4,3,6,4
2024,Masculino,Branca,32,9,2419200.00,730800.00,4,3,6,4
2024,Masculino,Indígena,1,0,75600.00,0.00,4,3,6,4
2024,Masculino,Não informado,13,3,982800.00,226800.00,4,3,6,4
2024,Masculino,Parda,39,15,2948400.00,1159200.00,4,3,6,4
2024,Masculino,Preta,12,2,907200.00,176400.00,4,3,6,4
2024,Feminino,Amarela,9,2,680400.00,151200.00,4,3,6,6
2024,Feminino,Branca,345,127,26082000.00,10533600.00,4,3,6,6
2024,Feminino,Não informado,58,22,4384800.00,1890000.00,4,3,6,6
2024,Feminino,Parda,53,21,4006800.00,1663200.00,4,3,6,6
2024,Feminino,Preta,19,6,1436400.00,478800.00,4,3,6,6
2024,Masculino,Amarela,2,1,151200.00,75600.00,4,3,6,6
2024,Masculino,Branca,358,125,27064800.00,10357200.00,4,3,6,6
2024,Masculino,Indígena,2,0,151200.00,0.00,4,3,6,6
2024,Masculino,Não informado,96,30,7257600.00,2444400.00,4,3,6,6
2024,Masculino,Parda,77,24,5821200.00,1915200.00,4,3,6,6
2024,Masculino,Preta,8,1,604800.00,75600.00,4,3,6,6
2024,Feminino,Amarela,1,1,75600.00,75600.00,4,3,6,7
2024,Feminino,Branca,196,58,14817600.00,4712400.00,4,3,6,7
2024,Feminino,Não informado,26,7,1965600.00,554400.00,4,3,6,7
2024,Feminino,Parda,17,5,1285200.00,378000.00,4,3,6,7
2024,Feminino,Preta,7,1,529200.00,75600.00,4,3,6,7
2024,Masculino,Amarela,1,0,75600.00,0.00,4,3,6,7
2024,Masculino,Branca,192,66,14515200.00,5342400.00,4,3,6,7
2024,Masculino,Indígena,2,1,151200.00,100800.00,4,3,6,7
2024,Masculino,Não informado,37,15,2797200.00,1285200.00,4,3,6,7
2024,Masculino,Parda,19,6,1436400.00,453600.00,4,3,6,7
2024,Masculino,Preta,7,0,529200.00,0.00,4,3,6,7
2024,Feminino,Branca,1,0,126000.00,0.00,4,3,7,1
2024,Feminino,Parda,2,1,224000.00,70000.00,4,3,7,1
2024,Masculino,Parda,1,0,98000.00,0.00,4,3,7,1
2024,Feminino,Branca,1,0,84000.00,0.00,4,3,7,3
2024,Feminino,Parda,1,0,98000.00,0.00,4,3,7,3
2024,Feminino,Preta,1,0,126000.00,0.00,4,3,7,3
2024,Masculino,Branca,2,0,98000.00,0.00,4,3,7,3
2024,Masculino,Não informado,2,0,210000.00,0.00,4,3,7,3
2024,Masculino,Parda,4,0,462000.00,0.00,4,3,7,3
2024,Masculino,Não informado,1,0,126000.00,0.00,4,3,7,4
2024,Feminino,Branca,5,0,588000.00,0.00,4,3,7,6
2024,Masculino,Branca,3,0,294000.00,0.00,4,3,7,6
2024,Masculino,Não informado,4,1,462000.00,56000.00,4,3,7,6
2024,Masculino,Parda,1,0,126000.00,0.00,4,3,7,6
2024,Não informado,Branca,1,0,112000.00,0.00,4,3,7,6
2024,Feminino,Branca,5,0,504000.00,0.00,4,3,7,7
2024,Masculino,Branca,6,1,504000.00,84000.00,4,3,7,7
2024,Masculino,Não informado,1,0,126000.00,0.00,4,3,7,7
2024,Masculino,Parda,1,0,126000.00,0.00,4,3,7,7
2024,Feminino,Branca,8,1,533971.00,83200.00,4,3,8,1
2024,Feminino,Parda,1,0,78000.00,0.00,4,3,8,1
2024,Feminino,Preta,1,0,19500.00,0.00,4,3,8,1
2024,Masculino,Branca,3,0,187500.00,0.00,4,3,8,1
2024,Masculino,Não informado,2,0,117000.00,0.00,4,3,8,1
2024,Masculino,Preta,2,0,156000.00,0.00,4,3,8,1
2024,Masculino,Branca,1,1,45500.00,45500.00,4,3,8,2
2024,Feminino,Amarela,2,0,156000.00,0.00,4,3,8,3
2024,Feminino,Branca,3,2,235500.00,156000.00,4,3,8,3
2024,Feminino,Não informado,1,1,78000.00,78000.00,4,3,8,3
2024,Feminino,Parda,6,0,469000.00,0.00,4,3,8,3
2024,Feminino,Preta,4,0,292500.00,0.00,4,3,8,3
2024,Masculino,Branca,5,3,312000.00,195000.00,4,3,8,3
2024,Masculino,Não informado,5,3,365600.00,234000.00,4,3,8,3
2024,Masculino,Parda,6,2,388250.00,147000.00,4,3,8,3
2024,Masculino,Preta,2,0,156000.00,0.00,4,3,8,3
2024,Feminino,Branca,1,0,78000.00,0.00,4,3,8,4
2024,Feminino,Parda,1,1,78000.00,78000.00,4,3,8,4
2024,Masculino,Não informado,1,0,78000.00,0.00,4,3,8,4
2024,Masculino,Parda,2,1,165182.40,85250.00,4,3,8,4
2024,Feminino,Branca,33,5,2549000.00,360500.00,4,3,8,6
2024,Feminino,Não informado,5,0,390000.00,0.00,4,3,8,6
2024,Feminino,Parda,2,0,156000.00,0.00,4,3,8,6
2024,Feminino,Preta,2,0,163000.00,0.00,4,3,8,6
2024,Masculino,Amarela,1,0,39000.00,0.00,4,3,8,6
2024,Masculino,Branca,35,3,2510550.00,221750.00,4,3,8,6
2024,Masculino,Indígena,1,0,78000.00,0.00,4,3,8,6
2024,Masculino,Não informado,10,1,749030.00,78000.00,4,3,8,6
2024,Masculino,Parda,5,0,405600.00,0.00,4,3,8,6
2024,Masculino,Preta,4,0,312000.00,0.00,4,3,8,6
2024,Feminino,Branca,13,2,997500.00,156000.00,4,3,8,7
2024,Feminino,Parda,2,0,117000.00,0.00,4,3,8,7
2024,Feminino,Preta,1,0,78000.00,0.00,4,3,8,7
2024,Masculino,Branca,9,0,665500.00,0.00,4,3,8,7
2024,Masculino,Não informado,4,1,312000.00,78000.00,4,3,8,7
2024,Feminino,Branca,1,0,68600.00,0.00,4,3,11,3
2024,Masculino,Não informado,1,0,62400.00,0.00,4,3,11,3
2024,Masculino,Parda,1,0,62400.00,0.00,4,3,11,3
2024,Feminino,Parda,1,0,41600.00,0.00,4,3,11,4
2024,Feminino,Branca,2,0,124800.00,0.00,4,3,11,6
2024,Masculino,Branca,1,0,62400.00,0.00,4,3,11,6
2024,Masculino,Preta,1,0,62400.00,0.00,4,3,11,6
2024,Feminino,Branca,1,0,62400.00,0.00,4,3,11,7
2024,Feminino,Branca,17,4,1190020.00,272640.00,4,3,12,1
2024,Feminino,Não informado,4,2,285040.00,142770.00,4,3,12,1
2024,Feminino,Parda,6,1,414910.00,74110.00,4,3,12,1
2024,Feminino,Preta,3,0,220630.00,0.00,4,3,12,1
2024,Masculino,Branca,14,5,951990.00,338550.00,4,3,12,1
2024,Masculino,Não informado,1,0,78560.00,0.00,4,3,12,1
2024,Masculino,Parda,13,2,891280.00,136320.00,4,3,12,1
2024,Masculino,Preta,2,0,136320.00,0.00,4,3,12,1
2024,Não informado,Branca,1,0,78360.00,0.00,4,3,12,2
2024,Feminino,Amarela,1,1,68160.00,68160.00,4,3,12,3
2024,Feminino,Branca,34,2,2220900.00,136320.00,4,3,12,3
2024,Feminino,Indígena,1,0,68160.00,0.00,4,3,12,3
2024,Feminino,Não informado,7,1,485320.00,68160.00,4,3,12,3
2024,Feminino,Parda,26,5,1777360.00,340800.00,4,3,12,3
2024,Feminino,Preta,10,3,694000.00,204480.00,4,3,12,3
2024,Masculino,Amarela,1,0,68160.00,0.00,4,3,12,3
2024,Masculino,Branca,23,1,1577250.00,68160.00,4,3,12,3
2024,Masculino,Não informado,8,0,520000.00,0.00,4,3,12,3
2024,Masculino,Parda,19,5,1300440.00,340800.00,4,3,12,3
2024,Masculino,Preta,11,0,730680.00,0.00,4,3,12,3
2024,Não informado,Branca,1,0,78360.00,0.00,4,3,12,3
2024,Feminino,Branca,6,1,380830.00,68160.00,4,3,12,4
2024,Feminino,Não informado,3,1,204480.00,68160.00,4,3,12,4
2024,Feminino,Parda,9,1,629790.00,78560.00,4,3,12,4
2024,Feminino,Preta,2,0,136320.00,0.00,4,3,12,4
2024,Masculino,Branca,5,1,340800.00,68160.00,4,3,12,4
2024,Masculino,Não informado,1,1,68160.00,68160.00,4,3,12,4
2024,Masculino,Parda,6,3,423360.00,210680.00,4,3,12,4
2024,Masculino,Preta,1,0,34080.00,0.00,4,3,12,4
2024,Feminino,Amarela,1,0,68160.00,0.00,4,3,12,6
2024,Feminino,Branca,135,18,9184660.00,1203200.00,4,3,12,6
2024,Feminino,Não informado,32,8,2171700.00,561380.00,4,3,12,6
2024,Feminino,Parda,43,6,2917400.00,418160.00,4,3,12,6
2024,Feminino,Preta,16,0,1056480.00,0.00,4,3,12,6
2024,Masculino,Branca,122,20,8326570.00,1368900.00,4,3,12,6
2024,Masculino,Indígena,2,0,136320.00,0.00,4,3,12,6
2024,Masculino,Não informado,37,5,2536570.00,346750.00,4,3,12,6
2024,Masculino,Parda,38,10,2633530.00,694250.00,4,3,12,6
2024,Masculino,Preta,27,5,1824690.00,347500.00,4,3,12,6
2024,Não informado,Branca,1,0,68160.00,0.00,4,3,12,6
2024,Feminino,Branca,88,12,5975260.00,817920.00,4,3,12,7
2024,Feminino,Indígena,1,1,73360.00,73360.00,4,3,12,7
2024,Feminino,Não informado,10,1,704142.00,68160.00,4,3,12,7
2024,Feminino,Parda,15,2,1001470.00,136320.00,4,3,12,7
2024,Feminino,Preta,3,0,204480.00,0.00,4,3,12,7
2024,Masculino,Branca,53,4,3538740.00,272640.00,4,3,12,7
2024,Masculino,Indígena,2,0,136320.00,0.00,4,3,12,7
2024,Masculino,Não informado,16,2,1090560.00,136320.00,4,3,12,7
2024,Masculino,Parda,13,2,904548.00,136320.00,4,3,12,7
2024,Masculino,Preta,5,0,278320.00,0.00,4,3,12,7
2024,Feminino,Amarela,2,0,316381.48,0.00,5,1,7,1
2024,Feminino,Branca,57,21,12759838.26,2379110.68,5,1,7,1
2024,Feminino,Indígena,1,1,511000.00,357700.00,5,1,7,1
2024,Feminino,Não informado,6,2,1418115.99,690000.00,5,1,7,1
2024,Feminino,Parda,19,13,5161765.90,2007647.92,5,1,7,1
2024,Feminino,Preta,5,2,863880.00,140000.00,5,1,7,1
2024,Masculino,Amarela,4,2,684510.57,268552.80,5,1,7,1
2024,Masculino,Branca,56,23,97062979.87,20917299.82,5,1,7,1
2024,Masculino,Não informado,8,2,1763513.19,194155.92,5,1,7,1
2024,Masculino,Parda,15,2,3372930.22,386386.00,5,1,7,1
2024,Masculino,Preta,7,1,1842378.14,217384.46,5,1,7,1
2024,Feminino,Amarela,1,0,168761.44,0.00,5,1,7,2
2024,Feminino,Branca,9,5,1494444.75,642313.21,5,1,7,2
2024,Feminino,Preta,3,1,311226.15,135246.95,5,1,7,2
2024,Masculino,Branca,11,5,1130236.61,415430.79,5,1,7,2
2024,Masculino,Não informado,2,1,140985.94,97212.70,5,1,7,2
2024,Masculino,Parda,3,0,325399.34,0.00,5,1,7,2
2024,Masculino,Preta,1,0,168999.10,0.00,5,1,7,2
2024,Feminino,Amarela,4,3,721700.41,298480.00,5,1,7,3
2024,Feminino,Branca,88,37,55431309.10,14418354.54,5,1,7,3
2024,Feminino,Indígena,1,1,94240.00,14000.00,5,1,7,3
2024,Feminino,Não informado,17,8,4185692.60,1190184.00,5,1,7,3
2024,Feminino,Parda,40,11,11764546.41,3484935.76,5,1,7,3
2024,Feminino,Preta,8,2,1932976.86,154600.00,5,1,7,3
2024,Masculino,Amarela,1,0,1512000.00,0.00,5,1,7,3
2024,Masculino,Branca,103,37,24431896.85,7367784.43,5,1,7,3
2024,Masculino,Indígena,1,1,199000.00,141385.00,5,1,7,3
2024,Masculino,Não informado,24,5,7477222.25,736000.00,5,1,7,3
2024,Masculino,Parda,63,18,12566319.63,2469323.27,5,1,7,3
2024,Masculino,Preta,16,3,3542113.43,228447.00,5,1,7,3
2024,Feminino,Branca,20,7,10761028.42,846551.96,5,1,7,4
2024,Feminino,Não informado,3,1,2613504.00,1180166.40,5,1,7,4
2024,Feminino,Parda,7,4,6381048.68,2682265.80,5,1,7,4
2024,Masculino,Branca,25,13,12260105.53,7397295.64,5,1,7,4
2024,Masculino,Não informado,2,0,342100.00,0.00,5,1,7,4
2024,Masculino,Parda,30,7,28103399.58,3566396.47,5,1,7,4
2024,Masculino,Preta,3,1,368291.00,29331.00,5,1,7,4
2024,Feminino,Amarela,15,5,2840354.94,547071.80,5,1,7,6
2024,Feminino,Branca,208,78,104545258.79,23781729.54,5,1,7,6
2024,Feminino,Indígena,1,0,299377.58,0.00,5,1,7,6
2024,Feminino,Não informado,32,15,9926711.55,4442388.37,5,1,7,6
2024,Feminino,Parda,34,11,12633907.98,3846150.68,5,1,7,6
2024,Feminino,Preta,14,5,2462537.37,750425.91,5,1,7,6
2024,Masculino,Amarela,7,3,1888241.22,872824.84,5,1,7,6
2024,Masculino,Branca,285,108,90953311.61,19646329.00,5,1,7,6
2024,Masculino,Indígena,3,0,390423.30,0.00,5,1,7,6
2024,Masculino,Não informado,58,19,12383864.68,2392223.50,5,1,7,6
2024,Masculino,Parda,44,17,51190206.33,13146371.63,5,1,7,6
2024,Masculino,Preta,12,7,2516241.42,1386072.23,5,1,7,6
2024,Feminino,Amarela,1,0,163320.41,0.00,5,1,7,7
2024,Feminino,Branca,175,57,42888891.82,8064745.95,5,1,7,7
2024,Feminino,Indígena,1,1,217440.00,152700.00,5,1,7,7
2024,Feminino,Não informado,9,2,1765756.30,171878.00,5,1,7,7
2024,Feminino,Parda,8,5,1610121.70,301939.00,5,1,7,7
2024,Feminino,Preta,5,2,993734.29,312208.23,5,1,7,7
2024,Masculino,Amarela,1,0,162980.00,0.00,5,1,7,7
2024,Masculino,Branca,194,58,73623603.65,19515352.10,5,1,7,7
2024,Masculino,Não informado,21,6,3809459.01,640870.14,5,1,7,7
2024,Masculino,Parda,19,5,5479889.20,293919.19,5,1,7,7
2024,Masculino,Preta,3,0,360420.00,0.00,5,1,7,7
2024,Masculino,Parda,1,0,21436.80,0.00,5,3,1,6
2024,Feminino,Branca,2,1,46398.96,27007.76,5,3,3,3
2024,Masculino,Não informado,1,1,25286.80,25286.80,5,3,3,6
2024,Masculino,Preta,1,0,21436.80,0.00,5,3,3,6
2024,Feminino,Amarela,1,0,75600.00,0.00,5,3,6,1
2024,Feminino,Branca,25,12,1890000.00,932400.00,5,3,6,1
2024,Feminino,Não informado,3,1,226800.00,126000.00,5,3,6,1
2024,Feminino,Parda,3,0,226800.00,0.00,5,3,6,1
2024,Feminino,Preta,2,1,151200.00,75600.00,5,3,6,1
2024,Masculino,Amarela,1,0,75600.00,0.00,5,3,6,1
2024,Masculino,Branca,47,13,3553200.00,1058400.00,5,3,6,1
2024,Masculino,Não informado,7,3,529200.00,226800.00,5,3,6,1
2024,Masculino,Parda,16,0,1209600.00,0.00,5,3,6,1
2024,Masculino,Preta,2,0,151200.00,0.00,5,3,6,1
2024,Feminino,Amarela,1,0,75600.00,0.00,5,3,6,3
2024,Feminino,Branca,66,18,4989600.00,1461600.00,5,3,6,3
2024,Feminino,Indígena,2,2,151200.00,151200.00,5,3,6,3
2024,Feminino,Não informado,12,3,907200.00,226800.00,5,3,6,3
2024,Feminino,Parda,31,6,2343600.00,453600.00,5,3,6,3
2024,Feminino,Preta,11,2,831600.00,151200.00,5,3,6,3
2024,Masculino,Amarela,1,0,75600.00,0.00,5,3,6,3
2024,Masculino,Branca,73,19,5518800.00,1562400.00,5,3,6,3
2024,Masculino,Indígena,1,0,75600.00,0.00,5,3,6,3
2024,Masculino,Não informado,14,5,1058400.00,504000.00,5,3,6,3
2024,Masculino,Parda,49,13,3704400.00,1008000.00,5,3,6,3
2024,Masculino,Preta,9,2,680400.00,151200.00,5,3,6,3
2024,Feminino,Amarela,1,0,75600.00,0.00,5,3,6,4
2024,Feminino,Branca,9,2,680400.00,151200.00,5,3,6,4
2024,Feminino,Não informado,1,1,75600.00,75600.00,5,3,6,4
2024,Feminino,Parda,5,1,378000.00,75600.00,5,3,6,4
2024,Feminino,Preta,4,0,302400.00,0.00,5,3,6,4
2024,Masculino,Branca,23,5,1738800.00,378000.00,5,3,6,4
2024,Masculino,Não informado,3,1,226800.00,75600.00,5,3,6,4
2024,Masculino,Parda,18,5,1360800.00,428400.00,5,3,6,4
2024,Masculino,Preta,1,0,75600.00,0.00,5,3,6,4
2024,Feminino,Amarela,6,1,453600.00,100800.00,5,3,6,6
2024,Feminino,Branca,260,87,19656000.00,7257600.00,5,3,6,6
2024,Feminino,Indígena,2,1,151200.00,75600.00,5,3,6,6
2024,Feminino,Não informado,36,9,2721600.00,756000.00,5,3,6,6
2024,Feminino,Parda,29,8,2192400.00,655200.00,5,3,6,6
2024,Feminino,Preta,10,2,756000.00,151200.00,5,3,6,6
2024,Masculino,Amarela,7,1,529200.00,75600.00,5,3,6,6
2024,Masculino,Branca,302,114,22831200.00,9450000.00,5,3,6,6
2024,Masculino,Indígena,2,1,151200.00,75600.00,5,3,6,6
2024,Masculino,Não informado,62,19,4687200.00,1587600.00,5,3,6,6
2024,Masculino,Parda,35,12,2646000.00,932400.00,5,3,6,6
2024,Masculino,Preta,11,1,831600.00,126000.00,5,3,6,6
2024,Feminino,Amarela,1,0,75600.00,0.00,5,3,6,7
2024,Feminino,Branca,139,33,10508400.00,2595600.00,5,3,6,7
2024,Feminino,Não informado,15,5,1134000.00,378000.00,5,3,6,7
2024,Feminino,Parda,6,0,453600.00,0.00,5,3,6,7
2024,Feminino,Preta,1,1,75600.00,75600.00,5,3,6,7
2024,Masculino,Amarela,1,0,75600.00,0.00,5,3,6,7
2024,Masculino,Branca,177,51,13381200.00,4057200.00,5,3,6,7
2024,Masculino,Não informado,17,5,1285200.00,428400.00,5,3,6,7
2024,Masculino,Parda,14,2,1058400.00,151200.00,5,3,6,7
2024,Masculino,Preta,3,0,226800.00,0.00,5,3,6,7
2024,Feminino,Branca,1,0,126000.00,0.00,5,3,7,1
2024,Feminino,Parda,2,0,84000.00,0.00,5,3,7,1
2024,Masculino,Branca,1,0,42000.00,0.00,5,3,7,1
2024,Feminino,Parda,1,1,126000.00,56000.00,5,3,7,3
2024,Masculino,Branca,2,0,168000.00,0.00,5,3,7,3
2024,Masculino,Parda,4,1,420000.00,42000.00,5,3,7,3
2024,Feminino,Branca,5,1,532000.00,70000.00,5,3,7,6
2024,Feminino,Não informado,2,0,168000.00,0.00,5,3,7,6
2024,Masculino,Branca,8,2,406000.00,56000.00,5,3,7,6
2024,Masculino,Não informado,2,1,252000.00,84000.00,5,3,7,6
2024,Masculino,Parda,1,0,28000.00,0.00,5,3,7,6
2024,Feminino,Branca,4,0,462000.00,0.00,5,3,7,7
2024,Feminino,Parda,1,0,84000.00,0.00,5,3,7,7
2024,Masculino,Amarela,1,0,28000.00,0.00,5,3,7,7
2024,Masculino,Branca,8,0,770000.00,0.00,5,3,7,7
2024,Masculino,Indígena,1,0,126000.00,0.00,5,3,7,7
2024,Feminino,Branca,4,0,312600.00,0.00,5,3,8,1
2024,Masculino,Branca,1,0,78000.00,0.00,5,3,8,1
2024,Masculino,Não informado,1,0,78000.00,0.00,5,3,8,1
2024,Feminino,Branca,6,3,362756.00,241250.00,5,3,8,3
2024,Feminino,Não informado,1,0,78000.00,0.00,5,3,8,3
2024,Feminino,Preta,1,0,733500.00,0.00,5,3,8,3
2024,Masculino,Branca,4,2,280000.00,163000.00,5,3,8,3
2024,Masculino,Não informado,1,0,78000.00,0.00,5,3,8,3
2024,Masculino,Parda,3,1,182000.00,78000.00,5,3,8,3
2024,Feminino,Parda,1,1,78000.00,78000.00,5,3,8,4
2024,Masculino,Preta,1,0,86000.00,0.00,5,3,8,4
2024,Feminino,Amarela,1,0,78000.00,0.00,5,3,8,6
2024,Feminino,Branca,18,1,1285250.08,78000.00,5,3,8,6
2024,Feminino,Não informado,3,0,234000.00,0.00,5,3,8,6
2024,Feminino,Parda,4,1,365000.00,85500.00,5,3,8,6
2024,Masculino,Amarela,1,0,78000.00,0.00,5,3,8,6
2024,Masculino,Branca,24,5,1851800.00,404300.00,5,3,8,6
2024,Masculino,Não informado,3,0,208000.00,0.00,5,3,8,6
2024,Masculino,Parda,3,0,188500.00,0.00,5,3,8,6
2024,Masculino,Preta,1,0,65000.00,0.00,5,3,8,6
2024,Feminino,Branca,5,0,351000.00,0.00,5,3,8,7
2024,Feminino,Não informado,1,0,78000.00,0.00,5,3,8,7
2024,Masculino,Branca,8,2,619700.00,137500.00,5,3,8,7
2024,Masculino,Parda,1,0,39000.00,0.00,5,3,8,7
2024,Feminino,Branca,1,0,67600.00,0.00,5,3,11,1
2024,Masculino,Parda,1,0,62400.00,0.00,5,3,11,1
2024,Masculino,Não informado,1,0,62400.00,0.00,5,3,11,3
2024,Masculino,Parda,2,0,124800.00,0.00,5,3,11,3
2024,Masculino,Preta,1,0,62400.00,0.00,5,3,11,3
2024,Masculino,Branca,1,0,62400.00,0.00,5,3,11,4
2024,Masculino,Parda,1,0,62400.00,0.00,5,3,11,4
2024,Masculino,Preta,1,0,68350.00,0.00,5,3,11,4
2024,Feminino,Branca,4,0,249600.00,0.00,5,3,11,6
2024,Masculino,Amarela,1,0,62400.00,0.00,5,3,11,6
2024,Masculino,Branca,1,0,36400.00,0.00,5,3,11,6
2024,Masculino,Parda,1,0,62400.00,0.00,5,3,11,6
2024,Feminino,Branca,1,0,62400.00,0.00,5,3,11,7
2024,Masculino,Branca,1,0,62400.00,0.00,5,3,11,7
2024,Masculino,Parda,1,0,62400.00,0.00,5,3,11,7
2024,Feminino,Branca,8,2,511200.00,136320.00,5,3,12,1
2024,Feminino,Parda,1,1,68160.00,68160.00,5,3,12,1
2024,Feminino,Preta,1,0,73360.00,0.00,5,3,12,1
2024,Masculino,Branca,14,3,971340.00,204480.00,5,3,12,1
2024,Masculino,Parda,3,1,210430.00,68160.00,5,3,12,1
2024,Masculino,Preta,2,1,136320.00,68160.00,5,3,12,1
2024,Feminino,Branca,20,3,1368900.00,204480.00,5,3,12,3
2024,Feminino,Não informado,4,0,272640.00,0.00,5,3,12,3
2024,Feminino,Parda,9,0,613440.00,0.00,5,3,12,3
2024,Feminino,Preta,2,0,136320.00,0.00,5,3,12,3
2024,Masculino,Branca,17,1,1116340.00,68160.00,5,3,12,3
2024,Masculino,Indígena,2,0,136320.00,0.00,5,3,12,3
2024,Masculino,Não informado,6,1,414660.00,68160.00,5,3,12,3
2024,Masculino,Parda,12,2,825120.00,136320.00,5,3,12,3
2024,Masculino,Preta,8,2,516400.00,102240.00,5,3,12,3
2024,Feminino,Branca,3,2,204480.00,136320.00,5,3,12,4
2024,Feminino,Não informado,1,0,68160.00,0.00,5,3,12,4
2024,Feminino,Parda,1,0,68160.00,0.00,5,3,12,4
2024,Feminino,Preta,1,0,68160.00,0.00,5,3,12,4
2024,Masculino,Branca,1,0,68160.00,0.00,5,3,12,4
2024,Masculino,Parda,1,0,68160.00,0.00,5,3,12,4
2024,Masculino,Preta,1,0,68160.00,0.00,5,3,12,4
2024,Feminino,Amarela,1,0,34080.00,0.00,5,3,12,6
2024,Feminino,Branca,96,23,6589840.00,1596880.00,5,3,12,6
2024,Feminino,Não informado,15,1,1015568.00,68160.00,5,3,12,6
2024,Feminino,Parda,18,4,1241280.00,290040.00,5,3,12,6
2024,Feminino,Preta,6,1,408960.00,68160.00,5,3,12,6
2024,Masculino,Amarela,3,3,216880.00,216880.00,5,3,12,6
2024,Masculino,Branca,69,6,4733730.00,414160.00,5,3,12,6
2024,Masculino,Não informado,21,3,1448460.00,211180.00,5,3,12,6
2024,Masculino,Parda,16,2,1073540.00,136320.00,5,3,12,6
2024,Masculino,Preta,2,0,136320.00,0.00,5,3,12,6
2024,Feminino,Branca,53,7,3688993.90,482320.00,5,3,12,7
2024,Feminino,Não informado,3,0,204480.00,0.00,5,3,12,7
2024,Feminino,Parda,2,0,136320.00,0.00,5,3,12,7
2024,Masculino,Branca,40,16,2734000.00,1098160.00,5,3,12,7
2024,Masculino,Não informado,3,0,204480.00,0.00,5,3,12,7
2024,Masculino,Parda,7,2,506270.00,136320.00,5,3,12,7
2024,Masculino,Preta,2,0,136320.00,0.00,5,3,12,7
2024,Feminino,Amarela,10,2,2172944.30,499010.00,6,1,7,1
2024,Feminino,Branca,115,25,45087193.40,10463276.12,6,1,7,1
2024,Feminino,Não informado,10,2,3964783.82,420200.00,6,1,7,1
2024,Feminino,Parda,39,3,18901706.18,1319578.70,6,1,7,1
2024,Feminino,Preta,4,0,735858.00,0.00,6,1,7,1
2024,Masculino,Amarela,3,0,2286067.13,0.00,6,1,7,1
2024,Masculino,Branca,96,22,55022263.46,10834352.74,6,1,7,1
2024,Masculino,Indígena,3,0,693897.77,0.00,6,1,7,1
2024,Masculino,Não informado,9,2,7861944.54,365528.26,6,1,7,1
2024,Masculino,Parda,50,9,30624386.53,5513403.14,6,1,7,1
2024,Masculino,Preta,7,1,3573100.13,171208.26,6,1,7,1
2024,Feminino,Amarela,2,0,283015.64,0.00,6,1,7,2
2024,Feminino,Branca,14,5,2683866.37,436337.10,6,1,7,2
2024,Feminino,Não informado,1,0,376500.00,0.00,6,1,7,2
2024,Feminino,Parda,8,3,2685701.15,430890.88,6,1,7,2
2024,Masculino,Amarela,1,0,156800.00,0.00,6,1,7,2
2024,Masculino,Branca,16,10,3398676.49,1854455.21,6,1,7,2
2024,Masculino,Não informado,1,0,36930.00,0.00,6,1,7,2
2024,Masculino,Parda,4,0,1780492.43,0.00,6,1,7,2
2024,Masculino,Preta,1,1,57510.01,59719.17,6,1,7,2
2024,Feminino,Amarela,4,1,1178911.59,163069.85,6,1,7,3
2024,Feminino,Branca,370,82,144523530.50,25202824.93,6,1,7,3
2024,Feminino,Indígena,1,0,100000.00,0.00,6,1,7,3
2024,Feminino,Não informado,32,4,14884910.26,1277900.00,6,1,7,3
2024,Feminino,Parda,224,52,81546548.54,16807704.11,6,1,7,3
2024,Feminino,Preta,38,14,19305956.64,3802011.52,6,1,7,3
2024,Masculino,Amarela,4,1,1376901.56,491501.56,6,1,7,3
2024,Masculino,Branca,258,71,109006375.68,22737761.65,6,1,7,3
2024,Masculino,Indígena,2,0,1058640.00,0.00,6,1,7,3
2024,Masculino,Não informado,43,2,15584586.11,776200.00,6,1,7,3
2024,Masculino,Parda,155,40,60386815.60,11566651.30,6,1,7,3
2024,Masculino,Preta,25,4,12830820.04,3003400.28,6,1,7,3
2024,Feminino,Amarela,3,1,564701.90,178000.00,6,1,7,4
2024,Feminino,Branca,50,11,65365163.07,4414037.04,6,1,7,4
2024,Feminino,Não informado,6,0,2238038.54,0.00,6,1,7,4
2024,Feminino,Parda,55,8,58737041.62,5212844.37,6,1,7,4
2024,Feminino,Preta,4,2,2321421.14,1551655.20,6,1,7,4
2024,Masculino,Branca,63,14,77542717.22,3480933.20,6,1,7,4
2024,Masculino,Não informado,2,1,627046.06,531000.00,6,1,7,4
2024,Masculino,Parda,45,10,55217397.82,7095765.01,6,1,7,4
2024,Masculino,Preta,15,7,19955989.11,3831033.52,6,1,7,4
2024,Feminino,Amarela,37,4,14515006.23,1351582.54,6,1,7,6
2024,Feminino,Branca,1069,229,472394523.99,79163192.42,6,1,7,6
2024,Feminino,Não informado,52,17,18090399.72,3378013.67,6,1,7,6
2024,Feminino,Parda,163,38,60010148.66,14369161.98,6,1,7,6
2024,Feminino,Preta,34,9,12989750.85,2372274.91,6,1,7,6
2024,Masculino,Amarela,14,2,9332086.30,2841200.00,6,1,7,6
2024,Masculino,Branca,646,148,356047271.21,63304866.50,6,1,7,6
2024,Masculino,Indígena,2,0,67620.00,0.00,6,1,7,6
2024,Masculino,Não informado,61,16,33819216.50,5819452.98,6,1,7,6
2024,Masculino,Parda,109,25,39791175.39,6611820.79,6,1,7,6
2024,Masculino,Preta,24,5,9378409.81,1126266.27,6,1,7,6
2024,Feminino,Amarela,3,0,1961054.20,0.00,6,1,7,7
2024,Feminino,Branca,419,104,163087928.77,33122126.97,6,1,7,7
2024,Feminino,Não informado,10,2,4558364.80,440925.53,6,1,7,7
2024,Feminino,Parda,18,5,4399113.18,732104.00,6,1,7,7
2024,Feminino,Preta,4,0,718097.58,0.00,6,1,7,7
2024,Masculino,Amarela,6,1,4061553.45,521000.00,6,1,7,7
2024,Masculino,Branca,255,68,112838369.67,37230644.83,6,1,7,7
2024,Masculino,Indígena,4,0,3007115.95,0.00,6,1,7,7
2024,Masculino,Não informado,16,5,10486297.35,881052.60,6,1,7,7
2024,Masculino,Parda,13,4,3746056.36,579357.18,6,1,7,7
2024,Masculino,Preta,6,1,2214875.01,930199.84,6,1,7,7
2024,Feminino,Branca,1,0,27636.80,0.00,6,3,3,1
2024,Masculino,Não informado,1,1,21436.80,21436.80,6,3,3,1
2024,Feminino,Parda,2,0,53573.60,0.00,6,3,3,3
2024,Feminino,Preta,1,1,11745.60,11745.60,6,3,3,3
2024,Masculino,Branca,3,0,53592.00,0.00,6,3,3,3
2024,Feminino,Parda,1,1,21436.80,21436.80,6,3,3,4
2024,Masculino,Parda,1,1,14291.20,14291.20,6,3,3,4
2024,Feminino,Branca,2,0,45400.80,0.00,6,3,3,6
2024,Feminino,Não informado,1,1,25536.80,25536.80,6,3,3,6
2024,Masculino,Parda,1,0,21436.80,0.00,6,3,3,6
2024,Feminino,Branca,3,1,72173.60,14245.60,6,3,3,7
2024,Feminino,Amarela,1,0,75600.00,0.00,6,3,6,1
2024,Feminino,Branca,35,15,2646000.00,1234800.00,6,3,6,1
2024,Feminino,Não informado,2,0,151200.00,0.00,6,3,6,1
2024,Feminino,Parda,7,0,529200.00,0.00,6,3,6,1
2024,Feminino,Preta,2,0,151200.00,0.00,6,3,6,1
2024,Masculino,Branca,20,4,1512000.00,352800.00,6,3,6,1
2024,Masculino,Não informado,3,1,226800.00,75600.00,6,3,6,1
2024,Masculino,Parda,11,4,831600.00,352800.00,6,3,6,1
2024,Masculino,Preta,1,0,75600.00,0.00,6,3,6,1
2024,Feminino,Branca,98,21,7408800.00,1663200.00,6,3,6,3
2024,Feminino,Não informado,7,3,529200.00,252000.00,6,3,6,3
2024,Feminino,Parda,51,9,3855600.00,730800.00,6,3,6,3
2024,Feminino,Preta,6,1,453600.00,75600.00,6,3,6,3
2024,Masculino,Branca,70,24,5292000.00,2116800.00,6,3,6,3
2024,Masculino,Não informado,5,0,378000.00,0.00,6,3,6,3
2024,Masculino,Parda,49,22,3704400.00,1890000.00,6,3,6,3
2024,Masculino,Preta,9,3,680400.00,252000.00,6,3,6,3
2024,Feminino,Branca,8,2,604800.00,151200.00,6,3,6,4
2024,Feminino,Parda,13,2,982800.00,151200.00,6,3,6,4
2024,Masculino,Branca,10,4,756000.00,352800.00,6,3,6,4
2024,Masculino,Não informado,1,1,75600.00,75600.00,6,3,6,4
2024,Masculino,Parda,8,1,604800.00,100800.00,6,3,6,4
2024,Feminino,Amarela,17,4,1285200.00,352800.00,6,3,6,6
2024,Feminino,Branca,514,202,38858400.00,17413200.00,6,3,6,6
2024,Feminino,Não informado,18,5,1360800.00,478800.00,6,3,6,6
2024,Feminino,Parda,43,11,3250800.00,882000.00,6,3,6,6
2024,Feminino,Preta,5,1,378000.00,75600.00,6,3,6,6
2024,Masculino,Amarela,7,2,529200.00,201600.00,6,3,6,6
2024,Masculino,Branca,337,141,25477200.00,13255200.00,6,3,6,6
2024,Masculino,Indígena,1,0,75600.00,0.00,6,3,6,6
2024,Masculino,Não informado,28,14,2116800.00,1285200.00,6,3,6,6
2024,Masculino,Parda,52,18,3931200.00,1562400.00,6,3,6,6
2024,Masculino,Preta,4,0,302400.00,0.00,6,3,6,6
2024,Feminino,Amarela,1,1,75600.00,75600.00,6,3,6,7
2024,Feminino,Branca,161,57,12171600.00,4712400.00,6,3,6,7
2024,Feminino,Não informado,1,1,75600.00,75600.00,6,3,6,7
2024,Feminino,Parda,2,1,151200.00,75600.00,6,3,6,7
2024,Masculino,Amarela,3,1,226800.00,75600.00,6,3,6,7
2024,Masculino,Branca,119,40,8996400.00,3603600.00,6,3,6,7
2024,Masculino,Não informado,5,1,378000.00,75600.00,6,3,6,7
2024,Masculino,Parda,7,2,529200.00,151200.00,6,3,6,7
2024,Masculino,Preta,1,0,75600.00,0.00,6,3,6,7
2024,Feminino,Branca,1,0,84000.00,0.00,6,3,7,1
2024,Feminino,Branca,2,0,56000.00,0.00,6,3,7,3
2024,Feminino,Parda,2,0,154000.00,0.00,6,3,7,3
2024,Masculino,Branca,3,1,294000.00,84000.00,6,3,7,3
2024,Masculino,Parda,2,0,168000.00,0.00,6,3,7,3
2024,Feminino,Branca,4,1,504000.00,84000.00,6,3,7,6
2024,Feminino,Parda,1,0,84000.00,0.00,6,3,7,6
2024,Masculino,Branca,4,1,392000.00,14000.00,6,3,7,6
2024,Feminino,Amarela,1,1,126000.00,84000.00,6,3,7,7
2024,Feminino,Branca,8,1,350000.00,42000.00,6,3,7,7
2024,Masculino,Branca,2,1,252000.00,84000.00,6,3,7,7
2024,Feminino,Branca,2,0,156000.00,0.00,6,3,8,1
2024,Masculino,Branca,3,0,234000.00,0.00,6,3,8,1
2024,Masculino,Parda,1,0,78000.00,0.00,6,3,8,1
2024,Feminino,Amarela,1,0,78000.00,0.00,6,3,8,3
2024,Feminino,Branca,7,1,546000.00,78000.00,6,3,8,3
2024,Feminino,Parda,2,1,156000.00,78000.00,6,3,8,3
2024,Masculino,Branca,7,2,587250.00,163250.00,6,3,8,3
2024,Masculino,Parda,6,1,357500.00,78000.00,6,3,8,3
2024,Masculino,Preta,1,1,79000.00,79000.00,6,3,8,3
2024,Feminino,Branca,21,3,1638750.00,234000.00,6,3,8,6
2024,Feminino,Parda,3,0,195000.00,0.00,6,3,8,6
2024,Masculino,Branca,12,3,912750.00,252850.00,6,3,8,6
2024,Masculino,Não informado,1,0,45500.00,0.00,6,3,8,6
2024,Masculino,Parda,4,0,312000.00,0.00,6,3,8,6
2024,Feminino,Branca,3,1,156500.00,52500.00,6,3,8,7
2024,Masculino,Branca,4,0,312000.00,0.00,6,3,8,7
2024,Feminino,Branca,2,0,124800.00,0.00,6,3,11,1
2024,Feminino,Parda,1,1,62400.00,62400.00,6,3,11,1
2024,Feminino,Branca,2,0,124800.00,0.00,6,3,11,3
2024,Feminino,Parda,2,0,131500.00,0.00,6,3,11,3
2024,Masculino,Branca,1,0,62400.00,0.00,6,3,11,3
2024,Masculino,Preta,1,0,62400.00,0.00,6,3,11,3
2024,Feminino,Branca,1,0,62400.00,0.00,6,3,11,4
2024,Feminino,Branca,5,1,280800.00,62400.00,6,3,11,6
2024,Feminino,Parda,2,0,98800.00,0.00,6,3,11,6
2024,Masculino,Branca,4,2,224350.00,130750.00,6,3,11,6
2024,Feminino,Branca,4,2,218400.00,124800.00,6,3,11,7
2024,Feminino,Não informado,3,0,187200.00,0.00,6,3,11,7
2024,Masculino,Branca,1,1,62400.00,62400.00,6,3,11,7
2024,Feminino,Branca,13,1,886080.00,68160.00,6,3,12,1
2024,Feminino,Parda,8,2,545280.00,136320.00,6,3,12,1
2024,Feminino,Preta,1,0,68160.00,0.00,6,3,12,1
2024,Masculino,Branca,12,3,824620.00,204480.00,6,3,12,1
2024,Masculino,Não informado,1,0,68160.00,0.00,6,3,12,1
2024,Masculino,Parda,6,0,416360.00,0.00,6,3,12,1
2024,Feminino,Amarela,3,0,204480.00,0.00,6,3,12,3
2024,Feminino,Branca,42,7,2885570.00,477120.00,6,3,12,3
2024,Feminino,Não informado,3,1,204480.00,68160.00,6,3,12,3
2024,Feminino,Parda,51,8,3481660.00,545280.00,6,3,12,3
2024,Feminino,Preta,7,1,483820.00,74860.00,6,3,12,3
2024,Masculino,Branca,21,4,1431360.00,272640.00,6,3,12,3
2024,Masculino,Indígena,1,1,68160.00,68160.00,6,3,12,3
2024,Masculino,Não informado,1,0,68160.00,0.00,6,3,12,3
2024,Masculino,Parda,27,6,1865720.00,408960.00,6,3,12,3
2024,Masculino,Preta,8,1,567780.00,68160.00,6,3,12,3
2024,Não informado,Não informado,1,0,68160.00,0.00,6,3,12,3
2024,Feminino,Branca,5,0,371000.00,0.00,6,3,12,4
2024,Feminino,Indígena,1,1,68160.00,68160.00,6,3,12,4
2024,Feminino,Parda,5,0,340800.00,0.00,6,3,12,4
2024,Feminino,Preta,2,0,143020.00,0.00,6,3,12,4
2024,Masculino,Branca,4,0,272640.00,0.00,6,3,12,4
2024,Masculino,Parda,2,0,136320.00,0.00,6,3,12,4
2024,Masculino,Preta,3,0,204480.00,0.00,6,3,12,4
2024,Feminino,Amarela,4,1,272640.00,68160.00,6,3,12,6
2024,Feminino,Branca,200,24,13636542.00,1648540.00,6,3,12,6
2024,Feminino,Não informado,10,3,689300.00,204480.00,6,3,12,6
2024,Feminino,Parda,48,10,3208720.00,647520.00,6,3,12,6
2024,Feminino,Preta,14,3,954240.00,204480.00,6,3,12,6
2024,Masculino,Amarela,1,0,68160.00,0.00,6,3,12,6
2024,Masculino,Branca,72,14,4976370.00,954240.00,6,3,12,6
2024,Masculino,Indígena,2,0,136320.00,0.00,6,3,12,6
2024,Masculino,Não informado,5,0,348000.00,0.00,6,3,12,6
2024,Masculino,Parda,20,3,1335070.00,204480.00,6,3,12,6
2024,Masculino,Preta,9,3,619890.00,210930.00,6,3,12,6
2024,Não informado,Branca,1,0,68160.00,0.00,6,3,12,6
2024,Feminino,Amarela,2,0,136320.00,0.00,6,3,12,7
2024,Feminino,Branca,110,19,7444590.00,1295040.00,6,3,12,7
2024,Feminino,Indígena,1,1,68160.00,68160.00,6,3,12,7
2024,Feminino,Não informado,1,1,68160.00,68160.00,6,3,12,7
2024,Feminino,Parda,5,0,306720.00,0.00,6,3,12,7
2024,Feminino,Preta,2,0,136320.00,0.00,6,3,12,7
2024,Masculino,Amarela,1,0,68160.00,0.00,6,3,12,7
2024,Masculino,Branca,33,7,2215200.00,443040.00,6,3,12,7
2024,Masculino,Não informado,2,0,136320.00,0.00,6,3,12,7
2024,Masculino,Parda,6,1,408960.00,68160.00,6,3,12,7
2024,Masculino,Preta,1,1,68160.00,68160.00,6,3,12,7
2024,Feminino,Amarela,1,0,193315.00,0.00,7,1,7,1
2024,Feminino,Branca,26,8,6240468.71,2266102.71,7,1,7,1
2024,Feminino,Não informado,2,1,1264240.83,255745.60,7,1,7,1
2024,Feminino,Parda,7,2,1580641.02,169774.25,7,1,7,1
2024,Masculino,Amarela,2,1,733030.00,306090.00,7,1,7,1
2024,Masculino,Branca,67,27,30974982.17,12773088.26,7,1,7,1
2024,Masculino,Não informado,14,2,5357520.92,381452.00,7,1,7,1
2024,Masculino,Parda,23,4,5891395.19,1163190.70,7,1,7,1
2024,Masculino,Preta,8,3,2139434.23,395554.50,7,1,7,1
2024,Feminino,Amarela,1,0,58284.07,0.00,7,1,7,2
2024,Feminino,Branca,9,5,1357839.08,588171.40,7,1,7,2
2024,Feminino,Parda,3,2,959715.33,311106.28,7,1,7,2
2024,Feminino,Preta,3,1,1070195.05,727999.88,7,1,7,2
2024,Masculino,Amarela,1,1,120128.80,122337.96,7,1,7,2
2024,Masculino,Branca,13,3,3327769.47,181843.91,7,1,7,2
2024,Masculino,Não informado,4,1,1023764.53,251945.88,7,1,7,2
2024,Masculino,Parda,4,2,914980.92,281346.32,7,1,7,2
2024,Masculino,Preta,3,2,322762.73,158419.61,7,1,7,2
2024,Feminino,Amarela,3,2,1228569.90,1030779.10,7,1,7,3
2024,Feminino,Branca,92,26,41208303.02,6796239.32,7,1,7,3
2024,Feminino,Indígena,1,1,296400.00,296400.00,7,1,7,3
2024,Feminino,Não informado,20,7,5515363.05,1978797.94,7,1,7,3
2024,Feminino,Parda,53,16,26206826.14,6083612.80,7,1,7,3
2024,Feminino,Preta,5,4,2640169.60,1618575.26,7,1,7,3
2024,Masculino,Amarela,7,2,1924049.27,298640.38,7,1,7,3
2024,Masculino,Branca,214,74,84607295.64,22841148.61,7,1,7,3
2024,Masculino,Não informado,58,23,37449535.64,15034633.41,7,1,7,3
2024,Masculino,Parda,166,46,66968015.05,17519266.47,7,1,7,3
2024,Masculino,Preta,26,8,5852798.80,1364483.14,7,1,7,3
2024,Feminino,Amarela,1,0,150000.00,0.00,7,1,7,4
2024,Feminino,Branca,20,7,27579246.22,5685080.06,7,1,7,4
2024,Feminino,Não informado,5,1,6574141.44,73500.00,7,1,7,4
2024,Feminino,Parda,6,3,2123099.80,514900.00,7,1,7,4
2024,Feminino,Preta,1,0,1187399.80,0.00,7,1,7,4
2024,Masculino,Amarela,2,0,1816057.45,0.00,7,1,7,4
2024,Masculino,Branca,32,13,38103650.62,12643630.20,7,1,7,4
2024,Masculino,Não informado,8,1,21356269.32,212430.00,7,1,7,4
2024,Masculino,Parda,49,16,113290167.83,9259563.49,7,1,7,4
2024,Masculino,Preta,10,3,28119567.95,11629904.00,7,1,7,4
2024,Feminino,Amarela,6,1,2221827.03,1187396.20,7,1,7,6
2024,Feminino,Branca,247,71,78730941.23,17137881.76,7,1,7,6
2024,Feminino,Não informado,32,13,9613478.09,2526929.27,7,1,7,6
2024,Feminino,Parda,41,9,16206206.41,1318519.47,7,1,7,6
2024,Feminino,Preta,9,0,4015804.08,0.00,7,1,7,6
2024,Masculino,Amarela,21,6,6630939.26,1605562.00,7,1,7,6
2024,Masculino,Branca,611,199,203868685.52,61826605.31,7,1,7,6
2024,Masculino,Não informado,116,37,33598260.10,7952150.27,7,1,7,6
2024,Masculino,Parda,117,39,42763418.23,19390662.14,7,1,7,6
2024,Masculino,Preta,29,5,11643329.00,1637844.41,7,1,7,6
2024,Feminino,Amarela,3,0,649560.00,0.00,7,1,7,7
2024,Feminino,Branca,135,48,49058423.61,11513498.25,7,1,7,7
2024,Feminino,Indígena,1,0,150000.00,0.00,7,1,7,7
2024,Feminino,Não informado,20,6,7920516.90,2489771.08,7,1,7,7
2024,Feminino,Parda,9,1,2720426.64,999899.84,7,1,7,7
2024,Feminino,Preta,1,0,299120.16,0.00,7,1,7,7
2024,Masculino,Amarela,4,3,5212171.14,3042188.40,7,1,7,7
2024,Masculino,Branca,398,125,159951422.75,46957131.66,7,1,7,7
2024,Masculino,Indígena,1,0,198200.00,0.00,7,1,7,7
2024,Masculino,Não informado,51,14,18384437.78,3795223.14,7,1,7,7
2024,Masculino,Parda,35,11,12611251.61,3707426.31,7,1,7,7
2024,Masculino,Preta,6,0,1577615.65,0.00,7,1,7,7
2024,Masculino,Parda,1,1,21436.80,21436.80,7,3,1,7
2024,Masculino,Branca,1,0,21436.80,0.00,7,3,3,1
2024,Feminino,Parda,1,0,24536.80,0.00,7,3,3,3
2024,Masculino,Parda,1,0,26536.80,0.00,7,3,3,3
2024,Masculino,Não informado,1,1,25036.80,25036.80,7,3,3,6
2024,Masculino,Parda,1,0,27536.80,0.00,7,3,3,6
2024,Feminino,Não informado,1,0,28736.80,0.00,7,3,3,7
2024,Masculino,Branca,3,2,73510.40,52073.60,7,3,3,7
2024,Feminino,Branca,14,6,1058400.00,478800.00,7,3,6,1
2024,Feminino,Não informado,1,1,75600.00,75600.00,7,3,6,1
2024,Feminino,Parda,5,2,378000.00,151200.00,7,3,6,1
2024,Masculino,Branca,42,23,3175200.00,1839600.00,7,3,6,1
2024,Masculino,Não informado,7,4,529200.00,302400.00,7,3,6,1
2024,Masculino,Parda,11,3,831600.00,226800.00,7,3,6,1
2024,Masculino,Preta,2,2,151200.00,151200.00,7,3,6,1
2024,Feminino,Amarela,2,0,151200.00,0.00,7,3,6,3
2024,Feminino,Branca,52,24,3931200.00,1965600.00,7,3,6,3
2024,Feminino,Não informado,5,3,378000.00,252000.00,7,3,6,3
2024,Feminino,Parda,18,6,1360800.00,504000.00,7,3,6,3
2024,Feminino,Preta,1,0,75600.00,0.00,7,3,6,3
2024,Masculino,Amarela,4,1,302400.00,75600.00,7,3,6,3
2024,Masculino,Branca,103,52,7786800.00,4359600.00,7,3,6,3
2024,Masculino,Não informado,31,17,2343600.00,1310400.00,7,3,6,3
2024,Masculino,Parda,70,30,5292000.00,2293200.00,7,3,6,3
2024,Masculino,Preta,9,4,680400.00,327600.00,7,3,6,3
2024,Feminino,Branca,6,3,453600.00,226800.00,7,3,6,4
2024,Feminino,Não informado,2,1,151200.00,75600.00,7,3,6,4
2024,Feminino,Parda,3,1,226800.00,75600.00,7,3,6,4
2024,Feminino,Preta,1,0,75600.00,0.00,7,3,6,4
2024,Masculino,Amarela,1,1,75600.00,75600.00,7,3,6,4
2024,Masculino,Branca,13,4,982800.00,327600.00,7,3,6,4
2024,Masculino,Não informado,4,4,302400.00,302400.00,7,3,6,4
2024,Masculino,Parda,25,11,1890000.00,856800.00,7,3,6,4
2024,Masculino,Preta,2,1,151200.00,75600.00,7,3,6,4
2024,Feminino,Amarela,5,2,378000.00,252000.00,7,3,6,6
2024,Feminino,Branca,190,85,14364000.00,6854400.00,7,3,6,6
2024,Feminino,Não informado,24,14,1814400.00,1083600.00,7,3,6,6
2024,Feminino,Parda,13,2,982800.00,151200.00,7,3,6,6
2024,Feminino,Preta,5,2,378000.00,151200.00,7,3,6,6
2024,Masculino,Amarela,19,8,1436400.00,781200.00,7,3,6,6
2024,Masculino,Branca,500,263,37800000.00,22226400.00,7,3,6,6
2024,Masculino,Indígena,2,2,151200.00,151200.00,7,3,6,6
2024,Masculino,Não informado,116,69,8769600.00,5947200.00,7,3,6,6
2024,Masculino,Parda,80,40,6048000.00,3175200.00,7,3,6,6
2024,Masculino,Preta,19,8,1436400.00,630000.00,7,3,6,6
2024,Feminino,Amarela,1,1,75600.00,75600.00,7,3,6,7
2024,Feminino,Branca,96,39,7257600.00,3225600.00,7,3,6,7
2024,Feminino,Não informado,4,2,302400.00,151200.00,7,3,6,7
2024,Feminino,Parda,1,1,75600.00,75600.00,7,3,6,7
2024,Masculino,Amarela,3,2,226800.00,151200.00,7,3,6,7
2024,Masculino,Branca,217,122,16405200.00,9928800.00,7,3,6,7
2024,Masculino,Indígena,1,0,75600.00,0.00,7,3,6,7
2024,Masculino,Não informado,30,23,2268000.00,1990800.00,7,3,6,7
2024,Masculino,Parda,16,6,1209600.00,453600.00,7,3,6,7
2024,Masculino,Preta,3,0,226800.00,0.00,7,3,6,7
2024,Feminino,Não informado,1,0,42000.00,0.00,7,3,7,3
2024,Masculino,Branca,6,1,476000.00,42000.00,7,3,7,3
2024,Masculino,Não informado,2,0,126000.00,0.00,7,3,7,3
2024,Masculino,Parda,3,0,378000.00,0.00,7,3,7,3
2024,Masculino,Branca,1,0,126000.00,0.00,7,3,7,4
2024,Feminino,Amarela,1,0,126000.00,0.00,7,3,7,6
2024,Feminino,Branca,2,0,84000.00,0.00,7,3,7,6
2024,Feminino,Não informado,1,0,84000.00,0.00,7,3,7,6
2024,Masculino,Branca,13,3,1148000.00,126000.00,7,3,7,6
2024,Masculino,Não informado,1,0,84000.00,0.00,7,3,7,6
2024,Masculino,Preta,2,0,168000.00,0.00,7,3,7,6
2024,Feminino,Branca,3,1,196000.00,42000.00,7,3,7,7
2024,Masculino,Branca,12,2,1260000.00,126000.00,7,3,7,7
2024,Masculino,Não informado,2,0,168000.00,0.00,7,3,7,7
2024,Masculino,Preta,2,0,252000.00,0.00,7,3,7,7
2024,Feminino,Branca,1,0,78000.00,0.00,7,3,8,1
2024,Masculino,Branca,3,0,251254.87,0.00,7,3,8,1
2024,Masculino,Parda,2,0,156000.00,0.00,7,3,8,1
2024,Masculino,Preta,1,0,102700.00,0.00,7,3,8,1
2024,Feminino,Branca,3,1,253500.00,92500.00,7,3,8,3
2024,Feminino,Não informado,1,0,78000.00,0.00,7,3,8,3
2024,Feminino,Parda,4,1,312000.00,78000.00,7,3,8,3
2024,Masculino,Branca,8,0,632500.00,0.00,7,3,8,3
2024,Masculino,Não informado,5,0,404250.00,0.00,7,3,8,3
2024,Masculino,Parda,4,0,312000.00,0.00,7,3,8,3
2024,Masculino,Preta,3,0,196500.00,0.00,7,3,8,3
2024,Masculino,Não informado,1,1,78000.00,78000.00,7,3,8,4
2024,Feminino,Branca,19,4,1453200.00,277700.00,7,3,8,6
2024,Feminino,Não informado,1,0,78000.00,0.00,7,3,8,6
2024,Feminino,Parda,1,0,98500.00,0.00,7,3,8,6
2024,Masculino,Amarela,1,0,78000.00,0.00,7,3,8,6
2024,Masculino,Branca,23,3,1739500.00,203000.00,7,3,8,6
2024,Masculino,Indígena,1,0,78800.00,0.00,7,3,8,6
2024,Masculino,Não informado,6,0,468000.00,0.00,7,3,8,6
2024,Masculino,Parda,6,0,468000.00,0.00,7,3,8,6
2024,Feminino,Branca,3,2,201600.00,156000.00,7,3,8,7
2024,Masculino,Branca,12,5,936000.00,390000.00,7,3,8,7
2024,Masculino,Não informado,2,0,104750.00,0.00,7,3,8,7
2024,Masculino,Branca,1,0,31200.00,0.00,7,3,11,1
2024,Feminino,Branca,1,0,62400.00,0.00,7,3,11,3
2024,Feminino,Parda,2,1,124800.00,62400.00,7,3,11,3
2024,Feminino,Preta,1,0,62400.00,0.00,7,3,11,3
2024,Masculino,Branca,1,1,62400.00,62400.00,7,3,11,3
2024,Masculino,Não informado,1,0,36400.00,0.00,7,3,11,3
2024,Masculino,Parda,2,1,124800.00,62400.00,7,3,11,3
2024,Masculino,Preta,1,0,62400.00,0.00,7,3,11,3
2024,Feminino,Branca,7,2,444368.80,124800.00,7,3,11,6
2024,Feminino,Não informado,1,0,62400.00,0.00,7,3,11,6
2024,Masculino,Branca,12,4,697300.00,229300.00,7,3,11,6
2024,Masculino,Não informado,3,0,187200.00,0.00,7,3,11,6
2024,Masculino,Parda,2,1,124800.00,62400.00,7,3,11,6
2024,Masculino,Preta,1,0,62400.00,0.00,7,3,11,6
2024,Feminino,Branca,7,2,436800.00,124800.00,7,3,11,7
2024,Masculino,Branca,8,1,468000.00,62400.00,7,3,11,7
2024,Masculino,Parda,1,0,62400.00,0.00,7,3,11,7
2024,Feminino,Branca,4,1,272640.00,68160.00,7,3,12,1
2024,Feminino,Parda,1,0,68160.00,0.00,7,3,12,1
2024,Masculino,Branca,12,0,817920.00,0.00,7,3,12,1
2024,Masculino,Parda,4,0,278340.00,0.00,7,3,12,1
2024,Masculino,Preta,1,0,68160.00,0.00,7,3,12,1
2024,Feminino,Amarela,1,0,68160.00,0.00,7,3,12,3
2024,Feminino,Branca,25,3,1729969.69,221749.69,7,3,12,3
2024,Feminino,Parda,29,3,1976640.00,204480.00,7,3,12,3
2024,Feminino,Preta,10,2,688050.00,142770.00,7,3,12,3
2024,Masculino,Branca,49,10,3299120.00,686800.00,7,3,12,3
2024,Masculino,Não informado,5,1,340800.00,68160.00,7,3,12,3
2024,Masculino,Parda,37,7,2538020.00,477120.00,7,3,12,3
2024,Masculino,Preta,9,3,618640.00,204480.00,7,3,12,3
2024,Não informado,Preta,1,0,81360.00,0.00,7,3,12,3
2024,Feminino,Amarela,1,0,68160.00,0.00,7,3,12,4
2024,Feminino,Branca,3,0,204480.00,0.00,7,3,12,4
2024,Feminino,Parda,2,0,102240.00,0.00,7,3,12,4
2024,Feminino,Preta,1,0,78360.00,0.00,7,3,12,4
2024,Masculino,Branca,2,0,136320.00,0.00,7,3,12,4
2024,Masculino,Não informado,1,0,68160.00,0.00,7,3,12,4
2024,Masculino,Parda,7,0,482820.00,0.00,7,3,12,4
2024,Feminino,Amarela,3,0,211680.00,0.00,7,3,12,6
2024,Feminino,Branca,98,7,6697980.00,482820.00,7,3,12,6
2024,Feminino,Indígena,1,0,68160.00,0.00,7,3,12,6
2024,Feminino,Não informado,11,1,761960.00,68160.00,7,3,12,6
2024,Feminino,Parda,34,2,2317440.00,136320.00,7,3,12,6
2024,Feminino,Preta,7,1,477120.00,68160.00,7,3,12,6
2024,Masculino,Amarela,3,0,204480.00,0.00,7,3,12,6
2024,Masculino,Branca,123,31,8408550.00,2130310.00,7,3,12,6
2024,Masculino,Indígena,1,0,73360.00,0.00,7,3,12,6
2024,Masculino,Não informado,19,2,1269760.00,141520.00,7,3,12,6
2024,Masculino,Parda,41,9,2817510.00,618790.00,7,3,12,6
2024,Masculino,Preta,7,1,477120.00,68160.00,7,3,12,6
2024,Não informado,Não informado,1,0,68160.00,0.00,7,3,12,6
2024,Feminino,Branca,84,20,5736340.00,1368900.00,7,3,12,7
2024,Feminino,Não informado,4,2,272640.00,136320.00,7,3,12,7
2024,Feminino,Parda,5,1,340800.00,68160.00,7,3,12,7
2024,Masculino,Amarela,3,0,210180.00,0.00,7,3,12,7
2024,Masculino,Branca,78,14,5341930.00,954240.00,7,3,12,7
2024,Masculino,Não informado,3,1,210180.00,73860.00,7,3,12,7
2024,Masculino,Parda,10,2,695200.00,141520.00,7,3,12,7
2024,Masculino,Preta,6,0,421160.00,0.00,7,3,12,7
2024,Feminino,Branca,19,8,5297311.32,2370375.64,8,1,7,1
2024,Feminino,Não informado,10,2,3671610.01,1455904.93,8,1,7,1
2024,Feminino,Parda,3,1,585252.94,165529.57,8,1,7,1
2024,Feminino,Preta,7,2,2124258.69,155409.25,8,1,7,1
2024,Masculino,Branca,22,6,4719244.51,722826.16,8,1,7,1
2024,Masculino,Não informado,5,1,1755587.30,906999.84,8,1,7,1
2024,Masculino,Parda,5,1,1046041.00,17300.00,8,1,7,1
2024,Masculino,Preta,6,2,2050550.00,167800.00,8,1,7,1
2024,Feminino,Branca,3,3,287696.18,294323.66,8,1,7,2
2024,Feminino,Indígena,1,0,168999.10,0.00,8,1,7,2
2024,Feminino,Parda,1,0,119792.42,0.00,8,1,7,2
2024,Feminino,Preta,2,1,297732.48,135512.39,8,1,7,2
2024,Masculino,Branca,5,3,653592.99,368222.45,8,1,7,2
2024,Masculino,Não informado,1,0,172006.17,0.00,8,1,7,2
2024,Masculino,Parda,1,0,32234.00,0.00,8,1,7,2
2024,Feminino,Branca,28,11,6637256.68,2281111.30,8,1,7,3
2024,Feminino,Indígena,1,0,127275.04,0.00,8,1,7,3
2024,Feminino,Não informado,6,2,1499252.44,359505.00,8,1,7,3
2024,Feminino,Parda,18,7,3217766.26,662404.64,8,1,7,3
2024,Feminino,Preta,7,3,1613606.45,97500.00,8,1,7,3
2024,Masculino,Amarela,1,0,7000.00,0.00,8,1,7,3
2024,Masculino,Branca,22,7,5435546.75,1676099.89,8,1,7,3
2024,Masculino,Não informado,7,2,1150249.31,394003.50,8,1,7,3
2024,Masculino,Parda,16,5,3453596.81,716978.04,8,1,7,3
2024,Masculino,Preta,10,5,1654409.15,388239.29,8,1,7,3
2024,Feminino,Amarela,1,0,173433.71,0.00,8,1,7,4
2024,Feminino,Branca,10,5,2162999.62,529910.69,8,1,7,4
2024,Feminino,Indígena,1,1,10814482.00,9410982.00,8,1,7,4
2024,Feminino,Não informado,3,1,565325.80,149928.00,8,1,7,4
2024,Feminino,Parda,7,2,2271006.08,389389.14,8,1,7,4
2024,Feminino,Preta,2,1,400000.00,162144.00,8,1,7,4
2024,Masculino,Branca,7,3,1361675.00,379795.00,8,1,7,4
2024,Masculino,Não informado,8,5,2227703.65,827273.76,8,1,7,4
2024,Masculino,Parda,4,0,851716.46,0.00,8,1,7,4
2024,Masculino,Preta,5,1,1549750.00,48000.00,8,1,7,4
2024,Feminino,Amarela,3,3,580914.00,241759.30,8,1,7,6
2024,Feminino,Branca,64,12,15457098.06,998694.78,8,1,7,6
2024,Feminino,Não informado,8,4,2519962.40,1600210.44,8,1,7,6
2024,Feminino,Parda,7,2,1051558.63,237398.24,8,1,7,6
2024,Feminino,Preta,6,2,1873101.64,68437.43,8,1,7,6
2024,Masculino,Amarela,1,1,120163.45,122372.61,8,1,7,6
2024,Masculino,Branca,41,14,10517746.46,3716103.43,8,1,7,6
2024,Masculino,Não informado,19,5,5546553.80,1588058.11,8,1,7,6
2024,Masculino,Parda,11,2,2462428.23,414769.40,8,1,7,6
2024,Masculino,Preta,4,3,1569234.68,1450408.81,8,1,7,6
2024,Feminino,Branca,55,20,13092773.46,2511063.81,8,1,7,7
2024,Feminino,Não informado,2,0,358261.00,0.00,8,1,7,7
2024,Feminino,Parda,3,1,340456.10,35300.00,8,1,7,7
2024,Feminino,Preta,1,0,213800.00,0.00,8,1,7,7
2024,Masculino,Branca,15,3,2979901.98,886608.84,8,1,7,7
2024,Masculino,Não informado,3,2,597428.58,185718.25,8,1,7,7
2024,Masculino,Parda,4,1,964071.72,30000.00,8,1,7,7
2024,Masculino,Preta,1,0,78650.00,0.00,8,1,7,7
2024,Feminino,Branca,1,0,21436.80,0.00,8,3,3,1
2024,Feminino,Branca,1,1,27304.80,27304.80,8,3,3,3
2024,Masculino,Branca,1,1,25836.80,25836.80,8,3,3,3
2024,Feminino,Branca,1,0,21436.80,0.00,8,3,3,6
2024,Feminino,Branca,1,0,21436.80,0.00,8,3,3,7
2024,Feminino,Amarela,1,0,75600.00,0.00,8,3,6,1
2024,Feminino,Branca,22,10,1663200.00,831600.00,8,3,6,1
2024,Feminino,Não informado,4,1,302400.00,100800.00,8,3,6,1
2024,Feminino,Parda,4,2,302400.00,176400.00,8,3,6,1
2024,Feminino,Preta,1,0,75600.00,0.00,8,3,6,1
2024,Masculino,Branca,15,4,1134000.00,302400.00,8,3,6,1
2024,Masculino,Não informado,2,1,151200.00,75600.00,8,3,6,1
2024,Masculino,Parda,7,1,529200.00,75600.00,8,3,6,1
2024,Masculino,Preta,2,2,151200.00,151200.00,8,3,6,1
2024,Feminino,Amarela,2,1,151200.00,75600.00,8,3,6,3
2024,Feminino,Branca,30,9,2268000.00,781200.00,8,3,6,3
2024,Feminino,Não informado,17,6,1285200.00,504000.00,8,3,6,3
2024,Feminino,Parda,15,3,1134000.00,226800.00,8,3,6,3
2024,Feminino,Preta,7,2,529200.00,151200.00,8,3,6,3
2024,Masculino,Amarela,1,0,75600.00,0.00,8,3,6,3
2024,Masculino,Branca,31,5,2343600.00,378000.00,8,3,6,3
2024,Masculino,Não informado,10,1,756000.00,75600.00,8,3,6,3
2024,Masculino,Parda,19,4,1436400.00,302400.00,8,3,6,3
2024,Masculino,Preta,15,5,1134000.00,378000.00,8,3,6,3
2024,Feminino,Branca,11,4,831600.00,302400.00,8,3,6,4
2024,Feminino,Não informado,2,0,151200.00,0.00,8,3,6,4
2024,Feminino,Parda,5,1,378000.00,75600.00,8,3,6,4
2024,Feminino,Preta,2,0,151200.00,0.00,8,3,6,4
2024,Masculino,Branca,13,2,982800.00,151200.00,8,3,6,4
2024,Masculino,Não informado,2,1,151200.00,75600.00,8,3,6,4
2024,Masculino,Parda,9,3,680400.00,277200.00,8,3,6,4
2024,Masculino,Preta,2,0,151200.00,0.00,8,3,6,4
2024,Feminino,Amarela,5,3,378000.00,226800.00,8,3,6,6
2024,Feminino,Branca,130,37,9828000.00,3124800.00,8,3,6,6
2024,Feminino,Não informado,32,13,2419200.00,1008000.00,8,3,6,6
2024,Feminino,Parda,14,5,1058400.00,378000.00,8,3,6,6
2024,Feminino,Preta,3,0,226800.00,0.00,8,3,6,6
2024,Masculino,Branca,99,30,7484400.00,2545200.00,8,3,6,6
2024,Masculino,Indígena,1,0,75600.00,0.00,8,3,6,6
2024,Masculino,Não informado,22,10,1663200.00,831600.00,8,3,6,6
2024,Masculino,Parda,18,6,1360800.00,554400.00,8,3,6,6
2024,Masculino,Preta,4,1,302400.00,75600.00,8,3,6,6
2024,Feminino,Branca,55,11,4158000.00,957600.00,8,3,6,7
2024,Feminino,Não informado,6,2,453600.00,201600.00,8,3,6,7
2024,Feminino,Parda,4,2,302400.00,151200.00,8,3,6,7
2024,Feminino,Preta,1,0,75600.00,0.00,8,3,6,7
2024,Masculino,Branca,37,13,2797200.00,982800.00,8,3,6,7
2024,Masculino,Não informado,10,6,756000.00,504000.00,8,3,6,7
2024,Masculino,Parda,5,0,378000.00,0.00,8,3,6,7
2024,Masculino,Preta,4,0,302400.00,0.00,8,3,6,7
2024,Masculino,Branca,1,0,126000.00,0.00,8,3,7,1
2024,Feminino,Parda,1,0,126000.00,0.00,8,3,7,3
2024,Feminino,Parda,1,1,42000.00,42000.00,8,3,7,6
2024,Masculino,Amarela,1,0,84000.00,0.00,8,3,7,6
2024,Masculino,Não informado,2,0,140000.00,0.00,8,3,7,6
2024,Feminino,Branca,1,0,126000.00,0.00,8,3,7,7
2024,Feminino,Não informado,1,1,42000.00,42000.00,8,3,7,7
2024,Feminino,Branca,2,1,156000.00,78000.00,8,3,8,1
2024,Feminino,Parda,1,0,78000.00,0.00,8,3,8,1
2024,Masculino,Não informado,1,0,81900.00,0.00,8,3,8,1
2024,Feminino,Branca,2,0,117000.00,0.00,8,3,8,3
2024,Feminino,Não informado,1,0,86500.00,0.00,8,3,8,3
2024,Masculino,Branca,3,0,234750.00,0.00,8,3,8,3
2024,Masculino,Parda,2,2,161950.00,161950.00,8,3,8,3
2024,Feminino,Branca,13,1,911000.00,79000.00,8,3,8,6
2024,Feminino,Não informado,1,1,85500.00,85500.00,8,3,8,6
2024,Feminino,Parda,1,0,58500.00,0.00,8,3,8,6
2024,Feminino,Preta,1,0,78000.00,0.00,8,3,8,6
2024,Masculino,Branca,9,2,699650.00,164900.00,8,3,8,6
2024,Masculino,Não informado,5,0,344500.00,0.00,8,3,8,6
2024,Masculino,Parda,2,0,156000.00,0.00,8,3,8,6
2024,Feminino,Branca,8,2,521500.00,97500.00,8,3,8,7
2024,Feminino,Parda,1,0,78000.00,0.00,8,3,8,7
2024,Masculino,Branca,4,1,286000.00,52000.00,8,3,8,7
2024,Masculino,Não informado,2,0,156000.00,0.00,8,3,8,7
2024,Feminino,Branca,10,4,699450.00,285290.00,8,3,12,1
2024,Feminino,Não informado,1,1,68160.00,68160.00,8,3,12,1
2024,Feminino,Parda,3,0,204480.00,0.00,8,3,12,1
2024,Feminino,Preta,2,0,136320.00,0.00,8,3,12,1
2024,Masculino,Branca,1,0,68160.00,0.00,8,3,12,1
2024,Masculino,Não informado,3,0,204480.00,0.00,8,3,12,1
2024,Masculino,Parda,3,0,204480.00,0.00,8,3,12,1
2024,Masculino,Preta,3,0,204480.00,0.00,8,3,12,1
2024,Feminino,Branca,4,1,249560.00,34080.00,8,3,12,3
2024,Feminino,Não informado,4,2,204480.00,68160.00,8,3,12,3
2024,Feminino,Parda,5,3,340800.00,204480.00,8,3,12,3
2024,Feminino,Preta,2,1,136320.00,68160.00,8,3,12,3
2024,Masculino,Amarela,1,0,73360.00,0.00,8,3,12,3
2024,Masculino,Branca,9,1,633040.00,73360.00,8,3,12,3
2024,Masculino,Não informado,2,0,143020.00,0.00,8,3,12,3
2024,Masculino,Parda,6,1,414660.00,68160.00,8,3,12,3
2024,Masculino,Preta,5,1,340800.00,68160.00,8,3,12,3
2024,Feminino,Não informado,1,0,79560.00,0.00,8,3,12,4
2024,Feminino,Parda,2,0,142720.00,0.00,8,3,12,4
2024,Masculino,Branca,1,0,68160.00,0.00,8,3,12,4
2024,Masculino,Não informado,1,1,68160.00,68160.00,8,3,12,4
2024,Masculino,Parda,1,0,68160.00,0.00,8,3,12,4
2024,Feminino,Branca,56,5,3754870.00,347250.00,8,3,12,6
2024,Feminino,Não informado,7,0,477120.00,0.00,8,3,12,6
2024,Feminino,Parda,12,1,783840.00,34080.00,8,3,12,6
2024,Feminino,Preta,6,1,408960.00,68160.00,8,3,12,6
2024,Masculino,Amarela,2,0,142020.00,0.00,8,3,12,6
2024,Masculino,Branca,47,9,3209670.00,590240.00,8,3,12,6
2024,Masculino,Não informado,11,2,762960.00,143320.00,8,3,12,6
2024,Masculino,Parda,11,3,755710.00,204480.00,8,3,12,6
2024,Masculino,Preta,7,1,450240.00,34080.00,8,3,12,6
2024,Não informado,Não informado,2,0,136320.00,0.00,8,3,12,6
2024,Feminino,Branca,25,2,1728300.00,136320.00,8,3,12,7
2024,Feminino,Não informado,4,0,272640.00,0.00,8,3,12,7
2024,Feminino,Parda,4,0,272640.00,0.00,8,3,12,7
2024,Masculino,Branca,15,2,1036600.00,136320.00,8,3,12,7
2024,Masculino,Não informado,2,1,102240.00,68160.00,8,3,12,7
2024,Masculino,Parda,2,1,136320.00,68160.00,8,3,12,7
2024,Feminino,Branca,27,14,17111273.54,6434739.93,10,1,7,1
2024,Feminino,Indígena,6,2,2604230.00,1630110.00,10,1,7,1
2024,Feminino,Não informado,1,0,400000.00,0.00,10,1,7,1
2024,Feminino,Parda,14,3,6233107.78,173020.17,10,1,7,1
2024,Feminino,Preta,4,1,4973147.30,49800.00,10,1,7,1
2024,Masculino,Branca,16,9,5194752.91,1807652.22,10,1,7,1
2024,Masculino,Parda,11,4,6903140.00,3118340.00,10,1,7,1
2024,Masculino,Preta,5,3,1890232.00,162411.04,10,1,7,1
2024,Masculino,Branca,2,0,368761.44,0.00,10,1,7,2
2024,Masculino,Não informado,2,0,153391.19,0.00,10,1,7,2
2024,Feminino,Amarela,2,1,100000.00,30000.00,10,1,7,3
2024,Feminino,Branca,57,31,32990425.87,8395434.68,10,1,7,3
2024,Feminino,Indígena,1,1,199910.86,140630.55,10,1,7,3
2024,Feminino,Não informado,10,6,1755960.00,628065.53,10,1,7,3
2024,Feminino,Parda,62,31,29126456.50,8660594.09,10,1,7,3
2024,Feminino,Preta,15,10,5809273.50,3842210.72,10,1,7,3
2024,Masculino,Amarela,2,1,1694041.60,31310.00,10,1,7,3
2024,Masculino,Branca,71,37,17255831.87,3972559.56,10,1,7,3
2024,Masculino,Indígena,1,1,100000.00,32826.38,10,1,7,3
2024,Masculino,Não informado,11,8,2913424.74,579382.14,10,1,7,3
2024,Masculino,Parda,78,41,67500503.13,21917469.52,10,1,7,3
2024,Masculino,Preta,15,7,2452902.00,388598.10,10,1,7,3
2024,Feminino,Amarela,1,0,50000.00,0.00,10,1,7,4
2024,Feminino,Branca,13,8,1503162.86,670379.52,10,1,7,4
2024,Feminino,Não informado,5,2,1049510.00,165751.46,10,1,7,4
2024,Feminino,Parda,24,16,8294088.57,1641518.47,10,1,7,4
2024,Feminino,Preta,2,0,143847.62,0.00,10,1,7,4
2024,Masculino,Branca,20,10,2484980.11,640464.96,10,1,7,4
2024,Masculino,Não informado,5,4,1030155.83,835655.12,10,1,7,4
2024,Masculino,Parda,27,17,19247493.89,958912.06,10,1,7,4
2024,Masculino,Preta,7,5,844809.13,349496.54,10,1,7,4
2024,Feminino,Amarela,2,1,368299.43,45863.59,10,1,7,6
2024,Feminino,Branca,99,40,33961679.17,10211337.40,10,1,7,6
2024,Feminino,Não informado,18,8,14667613.36,909391.98,10,1,7,6
2024,Feminino,Parda,30,13,15291394.10,653831.76,10,1,7,6
2024,Feminino,Preta,6,3,846476.00,97252.38,10,1,7,6
2024,Masculino,Amarela,2,2,2076755.20,364323.52,10,1,7,6
2024,Masculino,Branca,88,35,140626079.34,38095269.48,10,1,7,6
2024,Masculino,Não informado,16,9,9454036.37,3467859.70,10,1,7,6
2024,Masculino,Parda,31,9,19075681.42,3631043.52,10,1,7,6
2024,Masculino,Preta,14,5,1465521.69,418077.21,10,1,7,6
2024,Feminino,Amarela,2,1,230260.00,90130.00,10,1,7,7
2024,Feminino,Branca,85,46,32049296.23,7417874.08,10,1,7,7
2024,Feminino,Indígena,1,1,361897.02,215584.68,10,1,7,7
2024,Feminino,Parda,6,3,8341847.45,757215.20,10,1,7,7
2024,Feminino,Preta,4,0,589028.00,0.00,10,1,7,7
2024,Masculino,Amarela,1,1,20000.00,15000.00,10,1,7,7
2024,Masculino,Branca,53,29,61874962.43,12071502.82,10,1,7,7
2024,Masculino,Não informado,4,1,584200.01,23759.12,10,1,7,7
2024,Masculino,Parda,6,3,5312160.00,70118.48,10,1,7,7
2024,Masculino,Preta,2,1,399990.00,21540.79,10,1,7,7
2024,Feminino,Branca,3,0,226800.00,0.00,10,3,6,3
2024,Feminino,Não informado,2,2,151200.00,176400.00,10,3,6,3
2024,Feminino,Parda,3,0,226800.00,0.00,10,3,6,3
2024,Masculino,Branca,2,0,151200.00,0.00,10,3,6,3
2024,Masculino,Não informado,1,0,75600.00,0.00,10,3,6,3
2024,Masculino,Parda,3,1,226800.00,75600.00,10,3,6,3
2024,Feminino,Branca,1,0,75600.00,0.00,10,3,6,4
2024,Feminino,Não informado,1,1,75600.00,75600.00,10,3,6,4
2024,Feminino,Parda,1,0,75600.00,0.00,10,3,6,4
2024,Masculino,Branca,1,0,75600.00,0.00,10,3,6,4
2024,Feminino,Amarela,1,1,75600.00,75600.00,10,3,6,6
2024,Feminino,Branca,15,7,1134000.00,579600.00,10,3,6,6
2024,Feminino,Não informado,2,2,151200.00,151200.00,10,3,6,6
2024,Feminino,Parda,1,0,75600.00,0.00,10,3,6,6
2024,Feminino,Preta,1,1,75600.00,75600.00,10,3,6,6
2024,Masculino,Branca,8,3,604800.00,226800.00,10,3,6,6
2024,Masculino,Não informado,3,1,226800.00,75600.00,10,3,6,6
2024,Masculino,Parda,1,0,75600.00,0.00,10,3,6,6
2024,Masculino,Preta,1,1,75600.00,75600.00,10,3,6,6
2024,Feminino,Branca,2,1,151200.00,75600.00,10,3,6,7
2024,Feminino,Não informado,1,0,75600.00,0.00,10,3,6,7
2024,Masculino,Amarela,1,0,75600.00,0.00,10,3,6,7
2024,Masculino,Branca,4,3,302400.00,226800.00,10,3,6,7
2024,Masculino,Não informado,1,0,75600.00,0.00,10,3,6,7
2024,Masculino,Preta,1,1,75600.00,75600.00,10,3,6,7
2024,Feminino,Indígena,1,1,78000.00,78000.00,10,3,8,1
2024,Masculino,Preta,1,1,78000.00,78000.00,10,3,8,3
2024,Feminino,Parda,1,0,78000.00,0.00,10,3,8,4
2024,Feminino,Branca,1,1,68160.00,68160.00,10,3,12,3
2024,Masculino,Parda,1,0,68160.00,0.00,10,3,12,3
2024,Feminino,Branca,5,2,340800.00,136320.00,10,3,12,6
2024,Feminino,Não informado,2,0,136320.00,0.00,10,3,12,6
2024,Feminino,Parda,1,0,68160.00,0.00,10,3,12,6
2024,Masculino,Parda,1,0,68160.00,0.00,10,3,12,6
2024,Masculino,Preta,1,0,68160.00,0.00,10,3,12,6
2024,Feminino,Branca,1,0,68160.00,0.00,10,3,12,7
2024,Masculino,Não informado,1,0,68160.00,0.00,10,3,12,7
2024,Masculino,Parda,1,0,68160.00,0.00,10,3,12,7
2024,Feminino,Branca,27,6,2041200.00,478800.00,11,3,6,1
2024,Feminino,Indígena,1,1,75600.00,75600.00,11,3,6,1
2024,Feminino,Não informado,2,0,151200.00,0.00,11,3,6,1
2024,Feminino,Parda,13,3,982800.00,226800.00,11,3,6,1
2024,Feminino,Preta,1,0,75600.00,0.00,11,3,6,1
2024,Masculino,Amarela,3,1,226800.00,75600.00,11,3,6,1
2024,Masculino,Branca,54,9,4082400.00,781200.00,11,3,6,1
2024,Masculino,Indígena,1,0,75600.00,0.00,11,3,6,1
2024,Masculino,Não informado,5,1,378000.00,75600.00,11,3,6,1
2024,Masculino,Parda,15,6,1134000.00,453600.00,11,3,6,1
2024,Masculino,Preta,5,1,378000.00,75600.00,11,3,6,1
2024,Feminino,Amarela,2,2,151200.00,151200.00,11,3,6,3
2024,Feminino,Branca,47,12,3553200.00,957600.00,11,3,6,3
2024,Feminino,Indígena,1,0,75600.00,0.00,11,3,6,3
2024,Feminino,Não informado,8,3,604800.00,252000.00,11,3,6,3
2024,Feminino,Parda,32,9,2419200.00,680400.00,11,3,6,3
2024,Feminino,Preta,3,1,226800.00,75600.00,11,3,6,3
2024,Masculino,Amarela,2,0,151200.00,0.00,11,3,6,3
2024,Masculino,Branca,91,34,6879600.00,2746800.00,11,3,6,3
2024,Masculino,Indígena,1,0,75600.00,0.00,11,3,6,3
2024,Masculino,Não informado,20,4,1512000.00,327600.00,11,3,6,3
2024,Masculino,Parda,49,15,3704400.00,1159200.00,11,3,6,3
2024,Masculino,Preta,9,2,680400.00,151200.00,11,3,6,3
2024,Feminino,Amarela,1,1,75600.00,75600.00,11,3,6,4
2024,Feminino,Branca,15,3,1134000.00,226800.00,11,3,6,4
2024,Feminino,Não informado,1,0,75600.00,0.00,11,3,6,4
2024,Feminino,Parda,8,2,604800.00,151200.00,11,3,6,4
2024,Feminino,Preta,3,0,226800.00,0.00,11,3,6,4
2024,Masculino,Amarela,2,0,151200.00,0.00,11,3,6,4
2024,Masculino,Branca,21,11,1587600.00,856800.00,11,3,6,4
2024,Masculino,Não informado,7,2,529200.00,176400.00,11,3,6,4
2024,Masculino,Parda,19,6,1436400.00,453600.00,11,3,6,4
2024,Masculino,Preta,2,2,151200.00,151200.00,11,3,6,4
2024,Feminino,Amarela,5,0,378000.00,0.00,11,3,6,6
2024,Feminino,Branca,110,34,8316000.00,2671200.00,11,3,6,6
2024,Feminino,Indígena,1,0,75600.00,0.00,11,3,6,6
2024,Feminino,Não informado,12,2,907200.00,176400.00,11,3,6,6
2024,Feminino,Parda,25,2,1890000.00,151200.00,11,3,6,6
2024,Feminino,Preta,4,2,302400.00,151200.00,11,3,6,6
2024,Masculino,Amarela,8,3,604800.00,302400.00,11,3,6,6
2024,Masculino,Branca,224,65,16934400.00,5014800.00,11,3,6,6
2024,Masculino,Indígena,2,1,151200.00,75600.00,11,3,6,6
2024,Masculino,Não informado,29,9,2192400.00,705600.00,11,3,6,6
2024,Masculino,Parda,40,4,3024000.00,302400.00,11,3,6,6
2024,Masculino,Preta,13,3,982800.00,252000.00,11,3,6,6
2024,Feminino,Amarela,3,1,226800.00,100800.00,11,3,6,7
2024,Feminino,Branca,73,24,5518800.00,1915200.00,11,3,6,7
2024,Feminino,Não informado,5,1,378000.00,75600.00,11,3,6,7
2024,Feminino,Parda,6,1,453600.00,75600.00,11,3,6,7
2024,Feminino,Preta,3,1,226800.00,75600.00,11,3,6,7
2024,Masculino,Amarela,1,1,75600.00,100800.00,11,3,6,7
2024,Masculino,Branca,124,47,9374400.00,3729600.00,11,3,6,7
2024,Masculino,Indígena,1,1,75600.00,75600.00,11,3,6,7
2024,Masculino,Não informado,16,7,1209600.00,554400.00,11,3,6,7
2024,Masculino,Parda,9,0,680400.00,0.00,11,3,6,7
2024,Masculino,Preta,6,2,453600.00,151200.00,11,3,6,7
